step,type,amount,nameOrig,oldbalanceOrg,newbalanceOrig,nameDest,oldbalanceDest,newbalanceDest,isFlaggedFraud,customerRiskScore,countryRiskIndex,transactionVelocity,isStructuring,isLaundering
410,TRANSFER,123280.47,C78621343,25079.02,0.0,C21519203,8456.28,131736.75,0,46.1,1,0,0,0
538,CASH_IN,1489.88,C33748960,38536.65,37046.770000000004,C32232657,6436.15,7926.03,0,57.3,1,2,0,0
640,CASH_OUT,4889.02,C47740993,2314.39,0.0,C72312689,19280.8,24169.82,0,24.0,2,2,0,0
735,TRANSFER,242.82,C88336349,35746.7,35503.88,C84828043,16855.37,17098.19,0,5.8,1,3,0,0
339,PAYMENT,782.65,C42478443,46446.65,45664.0,M10359887,4964.99,5747.639999999999,0,69.2,1,0,0,0
556,PAYMENT,1561.44,C31790363,142284.49,140723.05,M46852293,681.0,2242.44,0,16.9,2,2,0,0
596,PAYMENT,2646.22,C80391246,64498.69,61852.47,M24359509,40098.72,42744.94,0,57.7,1,1,0,0
537,DEBIT,39.18,C34018428,1432.59,1393.4099999999999,C12822782,10952.89,10992.07,0,58.4,1,0,0,0
220,CASH_OUT,29366.09,C85288692,9628.98,0.0,C47862680,77667.82,107033.91,0,42.6,2,3,0,0
293,CASH_OUT,5661.12,C12574145,32259.88,26598.760000000002,C55492844,14805.79,20466.91,0,78.9,1,3,0,0
204,PAYMENT,4582.67,C88158849,186330.64,181747.97,M86279337,31501.45,36084.12,0,39.0,1,1,0,0
705,CASH_IN,72230.1,C51918090,45960.86,0.0,C55307263,10009.03,82239.13,0,8.2,1,3,0,0
514,CASH_OUT,33455.27,C88017979,92977.79,59522.52,C95109651,8174.42,41629.689999999995,0,30.9,1,4,0,0
202,PAYMENT,1376.85,C98974674,5488.29,4111.4400000000005,M69057338,115858.9,117235.75,0,6.5,1,1,0,0
32,PAYMENT,648.46,C78819709,28736.82,28088.36,M96620262,45275.97,45924.43,0,9.7,2,3,0,0
89,PAYMENT,5548.77,C46908571,1129.7,0.0,M74146946,119528.14,125076.91,0,11.9,1,4,0,0
202,PAYMENT,29519.64,C10830603,14271.83,0.0,M52510788,8929.85,38449.49,0,31.0,2,3,0,0
690,TRANSFER,1383.63,C76247612,83384.42,82000.79,C79077690,55260.04,56643.67,0,43.9,1,5,0,0
705,TRANSFER,8962.42,C82423120,48668.34,39705.92,C85552020,10120.48,19082.9,0,37.9,1,3,0,0
672,PAYMENT,39004.38,C41228466,16569.39,0.0,M13541855,55320.13,94324.51,0,20.3,1,1,0,0
293,CASH_OUT,10708.72,C92239352,92246.19,81537.47,C29478286,71017.35,81726.07,0,25.8,2,1,0,0
716,PAYMENT,102.42,C98027830,66431.73,66329.31,M91380051,9606.67,9709.09,0,5.3,1,4,0,0
115,PAYMENT,210.48,C62058157,34829.4,34618.92,M78727593,18276.62,18487.1,0,58.3,1,1,0,0
722,TRANSFER,64180.68,C59727501,2262.03,0.0,C30886570,37204.5,101385.18,0,44.1,2,3,0,0
222,TRANSFER,2203.16,C61155033,118403.2,116200.04,C24796755,96560.17,98763.33,0,2.0,1,2,0,0
182,CASH_OUT,3275.25,C46237135,55294.21,52018.96,C79676964,1109.38,4384.63,0,46.6,1,0,0,0
469,PAYMENT,5026.88,C95190103,83955.83,78928.95,M77866942,32675.11,37701.99,0,22.4,1,4,0,0
426,TRANSFER,23802.1,C15604010,137341.8,113539.69999999998,C27135102,5905.12,29707.219999999998,0,19.2,1,2,0,0
552,TRANSFER,441.79,C52033984,7444.87,7003.08,C41676470,22104.81,22546.600000000002,0,37.7,2,2,0,0
60,PAYMENT,860.1,C40523609,69885.7,69025.59999999999,M70492090,30545.33,31405.43,0,2.1,1,6,0,0
485,CASH_OUT,296.0,C89529629,8395.11,8099.110000000001,C98014501,62307.18,62603.18,0,43.4,1,2,0,0
11,PAYMENT,44.03,C36084600,36245.77,36201.74,M89086445,250935.39,250979.42,0,5.1,1,0,0,0
632,PAYMENT,3782.24,C85654681,64915.75,61133.51,M45075050,32831.21,36613.45,0,12.5,1,4,0,0
385,CASH_IN,380.51,C63146538,36736.96,36356.45,C72851034,22533.91,22914.42,0,26.7,1,2,0,0
410,CASH_IN,10225.02,C68963298,31984.89,21759.87,C47549054,28340.93,38565.95,0,13.0,1,1,0,0
42,CASH_OUT,606.67,C19525564,16658.73,16052.06,C18575087,36828.43,37435.1,0,4.4,1,5,0,0
702,PAYMENT,160.13,C84550579,73057.81,72897.68,M63599119,3519.14,3679.27,0,17.3,1,0,0,0
123,PAYMENT,12059.73,C89017912,4682.25,0.0,M29487363,2985.17,15044.9,0,47.5,1,4,0,0
701,CASH_OUT,4634.12,C77745693,13180.28,8546.16,C47204446,16856.67,21490.789999999997,0,9.2,1,3,0,0
252,TRANSFER,1342.14,C69973669,2311.8,969.6600000000001,C20477881,2442.68,3784.8199999999997,0,67.4,1,1,0,0
604,PAYMENT,1484.77,C61580518,9745.53,8260.76,M15268686,27348.52,28833.29,0,17.7,1,2,0,0
484,TRANSFER,5331.53,C65570710,26182.7,20851.170000000002,C93399962,11931.86,17263.39,0,28.7,1,4,0,0
213,PAYMENT,38674.29,C61023267,1511.7,0.0,M58697626,2160.37,40834.66,0,78.6,1,0,0,0
714,CASH_IN,3725.99,C67823690,12865.33,9139.34,C79195509,2102.56,5828.549999999999,0,49.3,3,1,0,0
268,PAYMENT,4211.94,C23980465,2076.51,0.0,M40867892,21086.37,25298.309999999998,0,43.1,1,2,0,0
667,CASH_OUT,794.22,C51500957,104269.04,103474.81999999999,C85530111,16085.54,16879.760000000002,0,31.7,1,2,0,0
707,PAYMENT,1181.75,C68525646,110359.42,109177.67,M95510491,67376.24,68557.99,0,27.9,1,3,0,0
540,TRANSFER,5.0,C62315813,59953.72,59948.72,C51053081,5602.68,5607.68,0,11.1,1,1,0,0
706,TRANSFER,331.04,C69954937,45132.69,44801.65,C90296157,1110.35,1441.3899999999999,0,31.2,1,3,0,0
735,PAYMENT,265.83,C19397976,79443.14,79177.31,M19500441,2486.82,2752.65,0,23.9,2,7,0,0
619,CASH_IN,253.28,C55590594,16525.97,16272.69,C30777466,16143.28,16396.56,0,69.8,1,2,0,0
661,CASH_OUT,909.22,C87588226,67745.09,66835.87,C65226829,37296.39,38205.61,0,46.1,1,1,0,0
135,CASH_IN,1100.63,C74458417,20037.72,18937.09,C40508655,27738.9,28839.530000000002,0,63.2,1,1,0,0
498,DEBIT,265.81,C83303241,29253.43,28987.62,C27188732,33758.72,34024.53,0,33.4,1,5,0,0
607,TRANSFER,17420.06,C55774398,195755.42,178335.36000000002,C38514828,39429.8,56849.86,0,36.2,3,0,0,0
126,CASH_IN,5314.46,C50524828,93486.22,88171.76,C49670961,14811.83,20126.29,0,16.6,1,2,0,0
359,PAYMENT,2621.13,C28788790,27120.93,24499.8,M46695552,95817.23,98438.36,0,33.2,1,0,0,0
503,PAYMENT,5778.91,C36393280,117712.45,111933.54,M64023781,358.63,6137.54,0,30.5,1,2,0,0
318,PAYMENT,81.89,C54576211,5117.28,5035.389999999999,M77351943,7898.08,7979.97,0,49.8,1,2,0,0
12,PAYMENT,77.82,C51630279,116596.75,116518.93,M89774624,41549.4,41627.22,0,20.0,1,5,0,0
477,TRANSFER,16200.12,C82573543,110038.8,93838.68000000001,C16783927,144448.49,160648.61,0,14.1,1,1,0,0
294,PAYMENT,131567.69,C99722459,52034.87,0.0,M75309022,6609.45,138177.14,0,33.8,2,7,0,0
440,CASH_OUT,1994.42,C92917503,19629.3,17634.879999999997,C16021750,49122.8,51117.22,0,33.7,1,4,0,0
516,TRANSFER,103860.59,C53680445,86352.96,0.0,C91703957,11297.87,115158.45999999999,0,9.7,1,2,0,0
391,PAYMENT,1811.86,C73743103,15884.27,14072.41,M99273010,8967.35,10779.210000000001,0,24.9,1,1,0,0
316,TRANSFER,504.95,C33208779,7667.88,7162.93,C22474928,14545.96,15050.91,0,35.0,1,2,0,0
680,PAYMENT,10556.22,C62022134,40058.42,29502.199999999997,M45005959,7441.13,17997.35,0,32.2,1,2,0,0
8,CASH_OUT,37.66,C14509474,6895.05,6857.39,C83269571,29725.4,29763.06,0,41.4,1,3,0,0
508,PAYMENT,628.11,C29832883,22110.27,21482.16,M91907590,118041.32,118669.43000000001,0,35.9,1,3,0,0
124,CASH_IN,407.62,C56707700,43346.59,42938.969999999994,C20708303,102464.83,102872.45,0,33.2,1,3,0,0
372,CASH_OUT,208.6,C16102784,11631.36,11422.76,C22674364,30609.36,30817.96,0,7.0,2,3,0,0
314,PAYMENT,737.17,C93881117,26702.6,25965.43,M44354014,53861.32,54598.49,0,26.0,3,3,0,0
185,PAYMENT,3049.75,C89429858,18415.98,15366.23,M86311497,8827.04,11876.79,0,30.6,1,0,0,0
547,CASH_OUT,19161.12,C68059189,8383.49,0.0,C39086196,32504.19,51665.31,0,30.6,1,1,0,0
585,CASH_OUT,11787.14,C23694188,50234.58,38447.44,C73944306,59896.73,71683.87,0,51.0,2,4,0,0
525,CASH_OUT,102.65,C13269394,45839.49,45736.84,C15470805,15573.95,15676.6,0,7.9,2,3,0,0
39,CASH_OUT,111501.46,C25248452,40936.45,0.0,C71867717,9387.39,120888.85,0,30.5,1,2,0,0
84,PAYMENT,17041.93,C62329612,133815.19,116773.26000000001,M70302718,13739.84,30781.77,0,37.8,1,3,0,0
21,TRANSFER,1944.74,C69646189,130541.51,128596.76999999999,C77600055,12944.68,14889.42,0,21.4,1,2,0,0
253,PAYMENT,20369.56,C33087333,42475.02,22105.459999999995,M38424997,12641.47,33011.03,0,18.8,1,3,0,0
303,DEBIT,344.35,C49251761,67106.55,66762.2,C83597854,2662.52,3006.87,0,18.6,1,5,0,0
258,CASH_OUT,8269.13,C41811085,81723.34,73454.20999999999,C33767957,27626.76,35895.89,0,35.0,2,2,0,0
542,PAYMENT,55.58,C75741065,5818.45,5762.87,M83430272,6979.63,7035.21,0,24.7,2,5,0,0
640,PAYMENT,1040.03,C74821104,93201.71,92161.68000000001,M97781549,91674.79,92714.81999999999,0,15.1,1,1,0,0
552,PAYMENT,21069.56,C99780582,256.61,0.0,M66677440,64621.13,85690.69,0,27.5,1,4,0,0
461,PAYMENT,792.54,C51727633,101.88,0.0,M69897566,96508.98,97301.51999999999,0,23.5,1,2,0,0
609,CASH_OUT,857.66,C80293864,18575.5,17717.84,C52062073,82423.65,83281.31,0,3.3,1,2,0,0
224,CASH_OUT,609.53,C95282782,78745.13,78135.6,C65262839,17645.04,18254.57,0,55.1,2,5,0,0
92,DEBIT,1267.75,C90108219,127177.84,125910.09,C11714202,59343.78,60611.53,0,19.7,1,5,0,0
280,TRANSFER,292.6,C19766671,25475.87,25183.27,C32326192,27592.77,27885.37,0,34.9,2,0,0,0
170,PAYMENT,31180.23,C24292820,49849.34,18669.109999999997,M57243322,11807.83,42988.06,0,57.5,1,1,0,0
734,CASH_OUT,208.85,C85973690,31986.36,31777.510000000002,C70479233,17927.09,18135.94,0,46.2,1,1,0,0
629,CASH_OUT,3239.07,C29503344,16403.61,13164.54,C87123272,33928.9,37167.97,0,11.4,1,3,0,0
248,TRANSFER,8283.78,C91228221,101158.79,92875.01,C45669108,74689.39,82973.17,0,48.1,1,3,0,0
361,CASH_OUT,480.83,C77735542,44207.95,43727.119999999995,C86985503,490.24,971.0699999999999,0,22.1,1,4,0,0
349,TRANSFER,131.48,C52098341,58456.57,58325.09,C89603889,23261.23,23392.71,0,25.2,1,2,0,0
435,TRANSFER,638.79,C81609751,48008.88,47370.09,C70009026,226.3,865.0899999999999,0,18.6,2,0,0,0
406,TRANSFER,886.75,C40415464,4388.48,3501.7299999999996,C99002140,13558.25,14445.0,0,8.8,1,3,0,0
601,PAYMENT,9451.75,C95574918,88467.21,79015.46,M56310199,21103.76,30555.51,0,45.3,1,2,0,0
78,PAYMENT,1385.56,C79700095,1962.76,577.2,M42671634,25078.11,26463.670000000002,0,48.3,1,2,0,0
458,PAYMENT,1816.21,C33025987,58684.3,56868.090000000004,M62117050,53958.64,55774.85,0,17.2,1,5,0,0
586,CASH_OUT,144.1,C56104995,7617.31,7473.21,C52577438,52701.19,52845.29,0,44.1,2,4,0,0
392,PAYMENT,1275.55,C55657579,39636.22,38360.67,M36331776,14958.78,16234.33,0,15.2,1,1,0,0
14,TRANSFER,23996.41,C81791646,6813.11,0.0,C48362802,18279.03,42275.44,0,29.4,2,3,0,0
45,CASH_IN,13006.76,C60393048,174425.87,161419.11,C11206837,12007.2,25013.96,0,79.7,1,3,0,0
38,PAYMENT,731.12,C11659533,28323.6,27592.48,M44603953,19867.42,20598.539999999997,0,21.6,1,7,0,0
416,TRANSFER,8056.95,C41593635,78824.83,70767.88,C98587203,16572.33,24629.280000000002,0,5.1,1,1,0,0
245,CASH_OUT,1405.05,C62993267,79623.97,78218.92,C42595526,43712.52,45117.57,0,10.3,1,5,0,0
62,PAYMENT,4480.83,C84453195,6469.4,1988.5699999999997,M23845093,5578.93,10059.76,0,38.1,1,2,0,0
493,PAYMENT,1064.04,C53392382,41764.33,40700.29,M47463575,1167.08,2231.12,0,25.5,1,3,0,0
608,PAYMENT,317.37,C11389251,352401.23,352083.86,M21881994,796.86,1114.23,0,15.6,1,2,0,0
323,PAYMENT,289.53,C47671709,24073.83,23784.300000000003,M56579938,134372.63,134662.16,0,35.7,2,1,0,0
252,CASH_IN,4667.98,C17048412,5021.47,353.4900000000007,C40345886,11305.91,15973.89,0,15.9,2,1,0,1
468,CASH_OUT,15.43,C51947804,72277.93,72262.5,C81143085,52696.39,52711.82,0,35.2,1,4,0,0
61,CASH_OUT,12282.7,C26455289,45090.05,32807.350000000006,C67567991,50860.44,63143.14,0,50.1,1,5,0,0
119,DEBIT,1173.06,C76783701,62656.39,61483.33,C92431808,72368.04,73541.09999999999,0,25.5,1,3,0,0
87,CASH_OUT,568.81,C76818713,37969.79,37400.98,C69288144,19642.05,20210.86,0,69.7,1,4,0,0
595,PAYMENT,10913.02,C63731797,15672.27,4759.25,M75620253,41770.51,52683.53,0,16.6,1,3,0,0
80,DEBIT,12.43,C72280512,31561.9,31549.47,C10986555,18029.92,18042.35,0,4.6,2,2,0,0
228,TRANSFER,4154.03,C50571488,44050.49,39896.46,C69415699,10687.78,14841.810000000001,0,9.7,3,4,0,0
483,CASH_OUT,34656.64,C39664665,13560.17,0.0,C66523107,171735.52,206392.15999999997,0,32.1,1,2,0,0
623,DEBIT,153.05,C38033888,96232.92,96079.87,C68966157,93399.17,93552.22,0,28.4,1,0,0,0
310,PAYMENT,797.82,C45942152,26505.1,25707.28,M75237924,24963.14,25760.96,0,20.5,1,1,0,0
583,PAYMENT,4082.74,C70950983,62800.86,58718.12,M31554014,37451.23,41533.97,0,30.8,1,2,0,0
485,PAYMENT,106.99,C61344297,144193.32,144086.33000000002,M58668696,139526.28,139633.27,0,58.6,1,1,0,0
25,TRANSFER,2815.6,C75723441,26850.11,24034.510000000002,C67809609,16782.22,19597.82,0,27.2,1,3,0,0
202,CASH_OUT,228052.97,C28496685,30934.39,0.0,C42780074,73464.57,301517.54000000004,1,32.7,1,4,0,1
225,DEBIT,3258.13,C22287938,10143.58,6885.45,C78906316,20186.9,23445.030000000002,0,10.2,1,2,0,0
510,PAYMENT,3069.65,C16545095,23588.71,20519.059999999998,M60586463,82529.75,85599.4,0,29.4,1,1,0,0
629,TRANSFER,207.07,C73268622,37657.9,37450.83,C49316306,26674.33,26881.4,0,27.0,1,2,0,0
579,TRANSFER,19801.52,C83170430,13041.6,0.0,C20387838,30430.4,50231.92,0,12.1,2,4,0,0
559,PAYMENT,13.38,C78344379,1324.38,1311.0,M98075692,56463.88,56477.259999999995,0,15.4,1,3,0,0
690,PAYMENT,1692.68,C60193095,14906.05,13213.369999999999,M22539469,85260.66,86953.34,0,26.2,1,1,0,0
520,PAYMENT,9399.6,C55548459,57375.52,47975.92,M40948260,12323.75,21723.35,0,30.2,2,1,0,0
183,CASH_IN,20.09,C22046682,97687.07,97666.98000000001,C95292774,55794.28,55814.369999999995,0,30.2,1,4,0,0
77,PAYMENT,48.15,C32237914,7022.61,6974.46,M37833387,119041.42,119089.56999999999,0,6.7,1,3,0,0
426,TRANSFER,126.54,C54694917,55698.2,55571.659999999996,C82719762,910.78,1037.32,0,27.9,2,2,0,0
67,CASH_OUT,21401.39,C78235848,20776.54,0.0,C50338133,6821.78,28223.17,0,21.4,1,1,0,0
660,TRANSFER,574.96,C55778037,17911.14,17336.18,C62981529,17509.04,18084.0,0,56.2,1,3,0,0
494,CASH_IN,9079.52,C22376284,28343.43,19263.91,C34131569,61739.34,70818.86,0,4.6,1,1,0,0
685,CASH_IN,6791.27,C47314352,102275.81,95484.54,C72222407,35198.41,41989.68000000001,0,30.7,1,7,0,0
547,PAYMENT,91.01,C97723320,43448.54,43357.53,M93494577,102055.02,102146.03,0,11.0,1,1,0,0
77,TRANSFER,896.99,C18106130,51176.55,50279.560000000005,C25193985,24865.73,25762.72,0,28.9,1,5,0,0
697,PAYMENT,1199.36,C41689687,6080.07,4880.71,M55862921,27759.9,28959.260000000002,0,4.3,3,3,0,0
55,PAYMENT,4536.4,C27968019,6429.53,1893.13,M16665443,32860.09,37396.49,0,59.4,1,2,0,0
606,PAYMENT,2724.08,C29118495,34891.22,32167.14,M15862556,94998.68,97722.76,0,7.0,2,2,0,0
473,CASH_OUT,1606.46,C20464437,63350.3,61743.840000000004,C91063470,2451.76,4058.2200000000003,0,36.1,1,0,0,0
656,TRANSFER,14713.95,C13196525,10878.95,0.0,C29402202,28602.74,43316.69,0,59.9,1,4,0,0
247,PAYMENT,14337.82,C62222649,39681.8,25343.980000000003,M58163043,18891.09,33228.91,0,10.0,1,1,0,0
439,PAYMENT,133.38,C94352162,124106.06,123972.68,M88874513,14622.56,14755.939999999999,0,13.6,1,1,0,0
712,CASH_IN,806.47,C58288562,35947.82,35141.35,C68184005,50383.67,51190.14,0,17.8,1,1,0,0
314,PAYMENT,1914.34,C16764044,32764.98,30850.64,M63581136,16493.82,18408.16,0,13.2,3,3,0,1
320,PAYMENT,2105.44,C74670372,44007.87,41902.43,M31300702,994.03,3099.4700000000003,0,24.2,3,1,0,0
220,TRANSFER,4872.2,C77910322,58956.23,54084.030000000006,C21460215,9631.09,14503.29,0,24.5,2,3,0,0
371,CASH_IN,3539.09,C48838718,17983.37,14444.279999999999,C46624663,13789.64,17328.73,0,44.0,1,1,0,0
216,PAYMENT,5281.57,C69828281,20368.61,15087.04,M63398865,8000.5,13282.07,0,40.3,2,3,0,0
49,CASH_OUT,6526.56,C56524426,8512.42,1985.8599999999997,C44015635,57698.81,64225.369999999995,0,13.3,2,2,0,0
463,CASH_OUT,1086.47,C26549647,148624.91,147538.44,C12325879,37232.61,38319.08,0,69.7,1,3,0,0
118,PAYMENT,985.37,C59205274,2434.17,1448.8000000000002,M43988543,46980.2,47965.57,0,23.3,1,3,0,0
82,CASH_OUT,22266.57,C49657490,30879.09,8612.52,C70456450,31188.93,53455.5,0,59.8,1,3,0,0
263,TRANSFER,739.93,C27606041,57532.32,56792.39,C14923419,45873.73,46613.66,0,38.6,3,2,0,0
589,CASH_OUT,6847.2,C12995943,62028.25,55181.05,C46172071,50247.59,57094.78999999999,0,19.9,1,1,0,0
723,CASH_OUT,463.99,C97469247,49216.45,48752.46,C92328141,57013.53,57477.52,0,17.7,1,6,0,0
496,TRANSFER,3302.18,C23981730,20818.8,17516.62,C71697219,60146.57,63448.75,0,24.6,1,5,0,0
634,PAYMENT,3762.08,C72595138,4018.07,255.99000000000024,M36010148,12843.05,16605.129999999997,0,20.7,2,2,0,0
602,CASH_OUT,5814.64,C70356959,134495.75,128681.11,C82423754,11031.3,16845.94,0,8.4,2,2,0,0
673,PAYMENT,31650.88,C81748309,10564.28,0.0,M62869969,51318.87,82969.75,0,36.5,1,0,0,0
176,PAYMENT,299.27,C68419658,119685.53,119386.26,M22952326,162432.77,162732.03999999998,0,8.9,1,1,0,0
89,PAYMENT,2365.2,C34003714,12775.09,10409.89,M75979596,51607.32,53972.52,0,21.6,1,5,0,0
639,TRANSFER,5956.13,C93098792,3656.87,0.0,C39096360,28209.27,34165.4,0,61.1,1,3,0,0
359,CASH_OUT,5985.22,C87329097,4364.59,0.0,C71654314,14564.69,20549.91,0,12.4,2,0,0,0
286,PAYMENT,1035.83,C30593487,22189.91,21154.08,M23128518,5668.8,6704.63,0,64.3,2,3,0,0
297,TRANSFER,3613.5,C63891483,8242.14,4628.639999999999,C67172538,34906.05,38519.55,0,6.0,1,1,0,0
260,PAYMENT,1747.48,C47485747,32932.26,31184.780000000002,M83092260,3462.27,5209.75,0,42.0,3,3,0,0
475,CASH_OUT,6849.74,C56254472,30239.78,23390.04,C21285610,104536.14,111385.88,0,17.7,1,4,0,0
623,PAYMENT,1568.97,C10456421,90468.01,88899.04,M26979937,2656.03,4225.0,0,16.8,2,2,0,0
536,CASH_OUT,1611.42,C33946523,59494.48,57883.060000000005,C62799223,5770.59,7382.01,0,35.8,3,2,0,0
562,TRANSFER,2944.89,C72527812,59930.87,56985.98,C73721772,56961.34,59906.229999999996,0,78.1,1,0,0,0
37,CASH_IN,736.22,C79630141,44667.9,43931.68,C10972194,87786.72,88522.94,0,23.0,1,2,0,0
181,PAYMENT,461.0,C64626162,2428.66,1967.6599999999999,M18861971,8045.45,8506.45,0,29.7,1,1,0,0
25,PAYMENT,166.1,C77867147,68768.13,68602.03,M26582942,2151.89,2317.99,0,28.3,1,1,0,0
349,PAYMENT,1418.24,C14292555,22201.28,20783.039999999997,M79658328,5822.93,7241.17,0,60.4,1,2,0,0
637,CASH_IN,481.6,C63169718,90451.22,89969.62,C18119213,50095.36,50576.96,0,24.0,1,3,0,0
543,DEBIT,1060.57,C75060160,14159.31,13098.74,C88198982,88114.82,89175.39000000001,0,5.7,1,2,0,0
227,PAYMENT,16796.44,C24533185,55449.84,38653.399999999994,M48277687,50378.61,67175.05,0,30.6,1,4,0,0
348,CASH_OUT,1122.84,C53328371,46285.52,45162.68,C85429235,18234.67,19357.51,0,13.3,1,2,0,0
38,CASH_OUT,17395.64,C33226294,5940.85,0.0,C21127341,37094.86,54490.5,0,19.9,1,5,0,0
383,TRANSFER,3618.57,C53194386,7327.08,3708.5099999999998,C52075272,28469.61,32088.18,0,11.6,1,1,0,0
570,TRANSFER,1089.13,C27461406,454287.75,453198.62,C20721876,29422.75,30511.88,0,22.0,2,0,0,0
236,PAYMENT,288.28,C90585481,20436.12,20147.84,M47482806,69869.89,70158.17,0,29.3,2,2,0,0
181,PAYMENT,1474.16,C33943040,26168.65,24694.49,M63057319,124533.38,126007.54000000001,0,6.9,1,6,0,0
114,DEBIT,877.13,C91776751,96715.68,95838.54999999999,C73631898,87336.59,88213.72,0,53.8,1,4,0,0
306,CASH_IN,15238.78,C40585391,49852.3,34613.520000000004,C22640257,56838.65,72077.43000000001,0,43.8,1,3,0,0
132,CASH_OUT,62559.07,C79379787,56838.9,0.0,C92088334,24487.23,87046.3,0,38.3,2,4,0,0
348,PAYMENT,11570.69,C73957023,50594.2,39023.509999999995,M14321466,10876.14,22446.83,0,25.6,3,4,0,0
180,PAYMENT,476.64,C21273914,19533.93,19057.29,M71817585,18875.43,19352.07,0,18.3,1,2,0,0
415,CASH_OUT,1995.63,C77607052,88360.53,86364.9,C21047555,79908.27,81903.90000000001,0,14.8,1,3,0,0
590,DEBIT,1202.01,C81559895,1716.22,514.21,C11336045,308.59,1510.6,0,57.2,2,3,0,0
732,DEBIT,625.91,C17161885,22900.15,22274.24,C16254526,15500.63,16126.539999999999,0,6.3,1,3,0,0
654,CASH_OUT,1534.97,C90396841,154536.63,153001.66,C24431176,26831.29,28366.260000000002,0,60.3,1,2,0,0
385,CASH_OUT,1424.86,C23482053,23785.24,22360.38,C85135316,1636.7,3061.56,0,27.5,1,1,0,0
512,PAYMENT,49317.91,C87526882,846.37,0.0,M45359997,4419.16,53737.07000000001,0,32.1,1,0,0,0
43,PAYMENT,3268.33,C39872180,10660.74,7392.41,M76352494,49236.76,52505.090000000004,0,4.4,3,2,0,0
480,DEBIT,7995.43,C14318751,144247.65,136252.22,C47103122,114888.01,122883.44,0,14.5,1,6,0,0
118,CASH_OUT,11933.75,C50125288,94606.71,82672.96,C74074270,44898.16,56831.91,0,38.5,1,3,0,0
571,PAYMENT,7040.45,C43569840,10870.36,3829.9100000000008,M29133013,10748.9,17789.35,0,14.7,1,4,0,0
61,PAYMENT,21094.22,C89787140,189711.33,168617.11,M25583541,14138.21,35232.43,0,7.8,1,1,0,0
553,CASH_OUT,926.26,C11589572,8651.04,7724.780000000001,C76650165,37334.07,38260.33,0,28.4,1,2,0,0
188,PAYMENT,10169.59,C17090079,243420.9,233251.31,M48309084,170256.37,180425.96,0,24.1,1,2,0,0
453,PAYMENT,61787.81,C21108753,93072.54,31284.729999999996,M56924468,42355.66,104143.47,0,31.6,1,2,0,0
187,TRANSFER,493.9,C97123256,121889.81,121395.91,C77833279,3476.79,3970.69,0,7.8,3,2,0,0
464,CASH_OUT,980.91,C83287134,7524.3,6543.39,C13189820,7585.71,8566.62,0,29.0,1,1,0,0
740,CASH_OUT,856.87,C24028225,17958.43,17101.56,C35787765,49938.12,50794.990000000005,0,27.8,3,1,0,0
164,PAYMENT,87552.76,C60689114,60537.57,0.0,M59641351,54363.18,141915.94,0,46.1,1,1,0,0
424,CASH_OUT,266.59,C82783899,35185.62,34919.030000000006,C45392419,3210.7,3477.29,0,3.7,1,1,0,0
102,PAYMENT,2205.2,C83472843,17237.12,15031.919999999998,M72394632,34546.62,36751.82,0,12.2,1,3,0,0
267,PAYMENT,4384.62,C65701766,59439.83,55055.21,M50559856,68677.48,73062.09999999999,0,32.5,2,2,0,0
636,CASH_OUT,672.71,C39500691,75629.77,74957.06,C36658296,8481.87,9154.580000000002,0,19.9,1,2,0,0
153,CASH_OUT,303.5,C60234608,16803.08,16499.58,C24453225,48895.62,49199.12,0,21.5,1,6,0,0
429,CASH_OUT,413.36,C57003457,4486.76,4073.4,C94367935,21233.62,21646.98,0,14.2,1,6,0,1
691,CASH_OUT,1151.94,C99895049,42708.51,41556.57,C59046578,42675.11,43827.05,0,23.6,1,4,0,0
427,TRANSFER,690.58,C63720844,25252.01,24561.429999999997,C71213175,32826.35,33516.93,0,10.2,1,3,0,0
578,PAYMENT,24292.61,C58200681,105097.56,80804.95,M33890516,111101.98,135394.59,0,4.4,1,2,0,0
611,TRANSFER,701.49,C70403503,2302.76,1601.2700000000002,C12289399,6854.73,7556.219999999999,0,25.1,2,1,0,0
536,PAYMENT,689.16,C23474780,50793.03,50103.869999999995,M36357790,9545.01,10234.17,0,29.1,1,2,0,0
333,PAYMENT,3677.75,C80908874,2432.31,0.0,M65199600,7810.23,11487.98,0,8.7,1,2,0,0
677,CASH_IN,3049.18,C94625415,6009.9,2960.72,C12122753,48243.02,51292.2,0,54.3,1,1,0,0
440,TRANSFER,5.83,C14626604,23000.76,22994.929999999997,C55296226,8161.98,8167.8099999999995,0,61.3,1,0,0,0
606,DEBIT,378.21,C84651766,12978.84,12600.630000000001,C88338358,21461.45,21839.66,0,54.0,2,3,0,0
124,CASH_OUT,728.05,C40917893,8824.11,8096.06,C52050682,86803.25,87531.3,0,41.6,1,6,0,0
302,CASH_OUT,292.83,C99319467,78781.81,78488.98,C55885514,13034.02,13326.85,0,12.3,2,5,0,0
668,TRANSFER,10222.49,C46113979,13214.63,2992.1399999999994,C61779983,6485.2,16707.69,0,13.6,2,2,0,0
349,TRANSFER,122.43,C95107274,22680.62,22558.19,C68447809,30476.72,30599.15,0,26.8,1,2,0,0
249,TRANSFER,11989.87,C68837529,119236.24,107246.37000000001,C57051428,42621.11,54610.98,0,14.8,1,1,0,0
271,PAYMENT,40.13,C37589643,76977.95,76937.81999999999,M40645738,27424.57,27464.7,0,5.6,1,1,0,0
429,CASH_OUT,2091.7,C36434177,37120.61,35028.91,C16771632,31627.66,33719.36,0,29.1,1,1,0,0
570,PAYMENT,30195.45,C75962323,4930.02,0.0,M42528138,8568.06,38763.51,0,24.2,2,5,0,0
707,PAYMENT,619.83,C82618022,145436.0,144816.17,M20553414,13968.16,14587.99,0,7.0,3,3,0,0
713,CASH_OUT,1885.88,C64578758,61740.33,59854.450000000004,C89720802,43053.96,44939.84,0,29.4,2,3,0,0
584,PAYMENT,11496.54,C69935311,1787.01,0.0,M51671317,65723.82,77220.36000000002,0,2.5,1,3,0,0
247,CASH_IN,10925.5,C43163148,148612.78,137687.28,C96578491,17899.36,28824.86,0,49.3,3,3,0,0
481,CASH_IN,3115.79,C94872092,3721.64,605.8499999999999,C19650055,49429.03,52544.82,0,44.4,1,3,0,0
98,CASH_IN,1303.17,C22051196,46190.35,44887.18,C22691490,8806.61,10109.78,0,2.7,1,1,0,0
329,TRANSFER,1279.42,C77248749,25034.96,23755.54,C59521299,14117.5,15396.92,0,30.0,1,1,0,0
593,PAYMENT,148.09,C91849877,197873.91,197725.82,M74554812,261.49,409.58000000000004,0,38.0,1,1,0,0
425,CASH_IN,285.8,C66541103,128241.03,127955.23,C89559725,9944.43,10230.23,0,16.6,1,3,0,0
577,TRANSFER,1929.22,C50515683,45667.14,43737.92,C59697418,57388.64,59317.86,0,30.0,1,2,0,0
424,CASH_IN,2958.01,C57058881,60401.16,57443.15,C44547022,3547.36,6505.370000000001,0,33.0,2,3,0,0
5,CASH_IN,184869.43,C42793571,86195.69,0.0,C76475811,3246.92,188116.35,0,37.5,2,2,0,0
459,DEBIT,7371.16,C33136333,85827.14,78455.98,C38175758,40793.16,48164.32000000001,0,46.8,2,1,0,0
593,PAYMENT,964.85,C28067611,45705.96,44741.11,M90009281,27749.41,28714.26,0,39.6,1,2,0,0
498,TRANSFER,4531.07,C82519665,14495.16,9964.09,C96387589,59588.59,64119.659999999996,0,54.7,3,5,0,0
87,DEBIT,75.57,C83395907,18749.89,18674.32,C46080114,19835.97,19911.54,0,9.2,1,4,0,0
402,PAYMENT,2104.91,C72517377,54778.15,52673.240000000005,M67795723,33028.19,35133.100000000006,0,31.7,1,4,0,0
293,PAYMENT,6201.02,C75510827,58213.49,52012.47,M98887820,113069.88,119270.90000000001,0,11.8,1,3,0,0
281,TRANSFER,6297.21,C38683184,23218.3,16921.09,C77725738,81470.17,87767.38,0,16.4,2,1,0,0
197,CASH_IN,1604.81,C92128365,109357.75,107752.94,C33560756,36806.48,38411.29,0,43.5,1,3,0,0
83,CASH_OUT,5042.65,C23024659,25546.66,20504.010000000002,C49774451,26119.49,31162.14,0,5.3,1,2,0,0
27,TRANSFER,1114.5,C81841041,59949.2,58834.7,C78771403,1991.78,3106.2799999999997,0,18.2,1,0,0,0
694,PAYMENT,3685.94,C71963015,11747.94,8062.0,M59293731,29985.55,33671.49,0,47.5,1,3,0,0
135,CASH_OUT,332.08,C18605334,21776.8,21444.719999999998,C50404869,25296.23,25628.31,0,20.5,1,3,0,0
90,CASH_IN,236.99,C51386798,39490.84,39253.85,C62191689,106417.16,106654.15000000001,0,26.1,1,2,0,0
206,PAYMENT,17580.69,C99365810,1918.04,0.0,M92234629,20769.29,38349.979999999996,0,24.6,1,2,0,0
27,TRANSFER,1295.26,C34569174,2140.57,845.3100000000002,C19450874,38877.76,40173.020000000004,0,21.5,1,2,0,0
378,DEBIT,4007.62,C29189912,15723.63,11716.009999999998,C45094574,98454.92,102462.54,0,51.9,3,3,0,0
571,CASH_OUT,440.29,C46326760,87946.26,87505.97,C49675741,8656.2,9096.490000000002,0,34.5,1,4,0,0
584,CASH_OUT,238.07,C35934435,12199.29,11961.220000000001,C74733509,18849.03,19087.1,0,35.6,1,2,0,0
415,CASH_OUT,678.16,C94440194,108525.19,107847.03,C52594543,18142.34,18820.5,0,5.0,1,3,0,0
227,TRANSFER,3884.57,C79661685,62949.87,59065.3,C18363484,13337.4,17221.97,0,29.9,2,2,0,0
603,PAYMENT,44.12,C39041815,58385.46,58341.34,M70507086,79364.9,79409.01999999999,0,3.4,2,2,0,0
68,CASH_OUT,2625.74,C48968156,56061.06,53435.32,C93703692,45686.79,48312.53,0,52.8,2,0,0,0
362,CASH_OUT,6160.1,C20495477,187135.69,180975.59,C97346785,147759.32,153919.42,0,16.4,1,1,0,0
260,DEBIT,369.49,C51663592,50212.78,49843.29,C15390803,68355.52,68725.01000000001,0,43.9,1,2,0,0
658,CASH_IN,2792.18,C35781772,52387.82,49595.64,C44562862,85810.52,88602.7,0,48.7,1,0,0,0
63,TRANSFER,2427.47,C54931745,30201.83,27774.36,C94377525,1671.83,4099.299999999999,0,51.6,2,4,0,0
692,TRANSFER,379.81,C25382041,102906.26,102526.45,C47692353,720.86,1100.67,0,25.8,1,3,0,0
623,CASH_OUT,1386.96,C19919925,2955.88,1568.92,C22474331,43344.31,44731.27,0,28.5,2,0,0,0
703,CASH_OUT,1762.73,C32992763,21102.93,19340.2,C52497190,37785.69,39548.420000000006,0,45.6,1,2,0,0
392,CASH_OUT,377.05,C26125541,16890.05,16513.0,C92734474,1000.32,1377.3700000000001,0,21.8,1,4,0,0
246,CASH_OUT,966.28,C51027206,25371.42,24405.14,C61503963,2941.21,3907.49,0,18.5,1,3,0,0
278,DEBIT,1733.39,C85612723,32687.72,30954.33,C14555363,25918.88,27652.27,0,12.2,3,1,0,0
347,PAYMENT,3030.79,C88103772,156278.23,153247.44,M95355605,64372.36,67403.15,0,22.4,2,1,0,0
372,TRANSFER,54247.07,C99613496,129171.78,74924.70999999999,C93571002,51296.77,105543.84,0,37.0,1,2,0,0
123,PAYMENT,316.46,C21861757,47242.95,46926.49,M54167120,29734.12,30050.579999999998,0,16.0,2,3,0,0
57,TRANSFER,20667.05,C52658668,1003.6,0.0,C64161953,23690.23,44357.28,0,38.6,1,1,0,0
160,PAYMENT,359.43,C71452447,40555.35,40195.92,M58588470,61597.6,61957.03,0,26.7,1,3,0,0
127,TRANSFER,1799.91,C77037138,3547.26,1747.3500000000001,C90509599,14953.8,16753.71,0,37.4,1,3,0,0
737,TRANSFER,9457.21,C13389425,22293.35,12836.14,C93117365,52684.1,62141.31,0,31.1,1,5,1,0
607,PAYMENT,3994.61,C34977322,18154.74,14160.130000000001,M11701890,99058.51,103053.12,0,22.7,1,3,0,0
311,TRANSFER,26.09,C15806953,52217.73,52191.64000000001,C10882006,8677.39,8703.48,0,31.3,1,0,0,0
518,PAYMENT,12760.33,C89578149,902.03,0.0,M94981576,21268.17,34028.5,0,41.8,1,4,0,0
265,PAYMENT,3235.6,C55649681,77724.77,74489.17,M20632148,20921.81,24157.41,0,3.4,3,3,0,0
288,CASH_OUT,664.38,C49584324,87556.2,86891.81999999999,C70610229,22801.96,23466.34,0,12.2,1,2,0,0
420,TRANSFER,1428.66,C25682245,1644.18,215.51999999999998,C31327264,2530.28,3958.9400000000005,0,59.6,2,0,0,0
528,PAYMENT,3901.46,C13464914,4267.69,366.22999999999956,M56000465,50601.09,54502.549999999996,0,54.5,1,2,0,0
140,TRANSFER,5192.36,C55319721,126714.28,121521.92,C51074336,39265.45,44457.81,0,19.7,1,3,0,0
707,CASH_OUT,4862.11,C79433007,47853.41,42991.3,C91880284,80564.94,85427.05,0,13.4,1,3,0,0
698,PAYMENT,499.12,C71561243,161381.48,160882.36000000002,M72393771,2576.52,3075.64,0,48.9,1,0,0,0
475,CASH_OUT,1768.6,C48969266,30587.41,28818.81,C67564159,30233.51,32002.109999999997,0,21.7,2,2,0,0
637,PAYMENT,396.35,C79351463,10575.25,10178.9,M39076167,8925.96,9322.31,0,16.0,1,2,0,0
529,PAYMENT,7181.82,C35045001,23115.74,15933.920000000002,M36921514,45456.97,52638.79,0,42.8,1,3,0,0
389,TRANSFER,1165.18,C47825918,132248.06,131082.88,C68705302,61207.13,62372.31,0,5.9,2,7,0,0
511,TRANSFER,3966.51,C87159828,6125.77,2159.26,C11699064,25987.17,29953.68,0,42.4,1,7,0,0
538,CASH_OUT,716.87,C47822603,111376.19,110659.32,C19942605,9137.82,9854.69,0,28.3,1,5,0,0
213,CASH_OUT,2109.57,C93470788,37723.82,35614.25,C46116378,37724.85,39834.42,0,16.3,1,3,0,0
513,CASH_IN,1280.3,C98002329,3631.41,2351.1099999999997,C83051011,6053.63,7333.93,0,47.3,2,2,0,0
265,TRANSFER,203.41,C83131004,25521.23,25317.82,C45227556,18754.9,18958.31,0,20.7,1,3,0,0
343,PAYMENT,12881.52,C41535386,13936.06,1054.539999999999,M38444344,38238.78,51120.3,0,47.2,2,0,0,0
38,CASH_OUT,6022.79,C67283337,42816.36,36793.57,C31624921,115058.4,121081.18999999999,0,53.7,1,2,0,0
233,PAYMENT,184.11,C93343345,8270.25,8086.14,M32723763,43632.66,43816.770000000004,0,11.5,1,2,0,0
260,TRANSFER,413.64,C62461349,141741.26,141327.62,C84844489,40226.43,40640.07,0,39.7,1,2,0,0
308,PAYMENT,619.96,C68358348,11867.1,11247.14,M37925897,51571.09,52191.049999999996,0,24.6,2,4,0,0
403,PAYMENT,19354.27,C48515417,50109.51,30755.24,M32515928,7443.78,26798.05,0,46.9,1,3,0,0
261,CASH_IN,8611.37,C72348975,88966.91,80355.54000000001,C56552870,53199.8,61811.170000000006,0,23.6,1,2,0,0
476,CASH_OUT,2669.99,C26978074,45304.24,42634.25,C59141498,11128.24,13798.23,0,37.4,1,1,0,1
106,CASH_OUT,104.91,C98398196,53292.32,53187.409999999996,C11937864,54342.09,54447.0,0,33.0,1,2,0,0
247,TRANSFER,4112.28,C64358591,26324.17,22211.89,C12541107,89212.13,93324.41,0,13.9,1,1,0,0
304,PAYMENT,2451.03,C78860392,5370.38,2919.35,M76927289,28884.46,31335.489999999998,0,54.1,2,1,0,0
343,PAYMENT,971.78,C63500167,7039.45,6067.67,M71220486,415.37,1387.15,0,12.0,2,1,0,0
447,PAYMENT,19519.36,C34196671,60559.88,41040.52,M64754850,36626.13,56145.49,0,29.9,1,1,0,0
38,TRANSFER,1261.59,C62201589,79787.5,78525.91,C81271049,16905.33,18166.920000000002,0,16.8,1,2,0,0
46,CASH_OUT,15149.34,C70657108,92351.03,77201.69,C51784090,31977.74,47127.08,0,54.9,2,2,0,0
722,CASH_OUT,933.01,C45906112,22528.57,21595.56,C34859650,21646.46,22579.469999999998,0,11.2,2,3,0,0
605,PAYMENT,387.62,C38983425,173454.23,173066.61000000002,M57617081,43346.18,43733.8,0,22.5,1,3,0,0
220,CASH_IN,191.97,C17427672,51307.6,51115.63,C62300489,15168.11,15360.08,0,48.3,1,3,0,0
256,CASH_OUT,1565.99,C92039414,8335.99,6770.0,C86246994,18925.21,20491.2,0,20.5,2,2,0,0
137,TRANSFER,1958.63,C88727947,3485.61,1526.98,C46770857,1548.13,3506.76,0,34.9,1,4,0,0
231,CASH_OUT,324.22,C61722923,39361.96,39037.74,C87397451,6114.09,6438.31,0,29.6,2,0,0,0
714,TRANSFER,352.2,C16780939,67560.66,67208.46,C41351345,19230.89,19583.09,0,24.1,1,3,0,0
578,PAYMENT,15004.73,C90561222,911.45,0.0,M15507496,90.59,15095.32,0,25.2,1,2,0,0
38,TRANSFER,6876.47,C81557989,1141.25,0.0,C41157659,551.71,7428.18,0,49.3,1,4,0,0
155,CASH_OUT,48792.51,C78386120,43172.29,0.0,C22752825,39900.72,88693.23000000001,0,52.3,1,4,0,0
503,PAYMENT,98.42,C57969573,229656.97,229558.55,M36352092,23667.26,23765.679999999997,0,30.8,3,4,0,0
105,PAYMENT,39131.35,C41111375,66881.57,27750.22000000001,M20338904,38.87,39170.22,0,31.4,1,7,0,0
255,PAYMENT,438.31,C74441262,8218.01,7779.7,M12677104,11660.25,12098.56,0,52.1,1,3,0,0
404,PAYMENT,169.43,C67897813,4562.14,4392.71,M53466869,40287.4,40456.83,0,5.5,1,3,0,0
488,DEBIT,2836.92,C68746596,84190.34,81353.42,C22123374,8873.52,11710.44,0,43.8,1,0,0,0
458,CASH_OUT,63.59,C16546604,82977.98,82914.39,C22392986,61631.72,61695.31,0,29.4,1,3,0,0
528,TRANSFER,12707.08,C60516838,30517.31,17810.230000000003,C83810946,13132.45,25839.53,0,8.3,2,3,0,0
591,PAYMENT,2464.35,C77731137,1819.87,0.0,M97144876,113800.7,116265.05,0,23.5,1,2,0,0
525,TRANSFER,509.6,C25484454,72676.53,72166.93,C25951546,29342.62,29852.219999999998,0,48.3,2,4,0,0
370,TRANSFER,10980.6,C77410002,26547.07,15566.47,C58542474,7728.71,18709.31,0,21.5,1,1,0,0
102,PAYMENT,1416.71,C35349910,84748.12,83331.40999999999,M29209096,4851.04,6267.75,0,10.7,2,4,0,0
664,TRANSFER,1927.1,C51002661,7780.38,5853.280000000001,C71289804,6244.52,8171.620000000001,0,31.0,1,3,0,0
690,TRANSFER,5592.74,C77598971,31111.44,25518.699999999997,C62229268,48577.75,54170.49,0,22.1,1,1,0,0
599,CASH_OUT,581.0,C12543957,37368.39,36787.39,C64362342,6798.88,7379.88,0,24.2,1,2,0,0
600,CASH_OUT,270.58,C61660328,23071.87,22801.289999999997,C41732721,111998.99,112269.57,0,44.0,1,3,0,0
541,PAYMENT,1429.67,C63369159,229944.97,228515.3,M33159037,15062.77,16492.440000000002,0,45.2,1,0,0,0
512,TRANSFER,158.72,C14844369,71962.0,71803.28,C40278970,2651.3,2810.02,0,10.6,1,3,0,0
389,CASH_OUT,833.21,C50700667,88641.28,87808.06999999999,C44677831,7046.69,7879.9,0,25.6,1,2,0,0
363,TRANSFER,298.14,C52572465,13792.03,13493.890000000001,C80868161,16613.07,16911.21,0,44.0,1,4,0,0
612,DEBIT,1031.34,C23913335,24279.61,23248.27,C38741689,5240.51,6271.85,0,39.3,1,1,0,0
115,CASH_OUT,359.81,C40260958,5870.23,5510.419999999999,C39572593,75202.9,75562.70999999999,0,36.9,1,5,0,0
722,PAYMENT,978.61,C21403759,319150.05,318171.44,M61301807,126592.12,127570.73,0,8.3,1,1,0,0
343,PAYMENT,11493.29,C72811454,14893.54,3400.25,M77923448,56649.06,68142.35,0,36.8,1,3,0,0
74,CASH_OUT,475.11,C14272866,5300.46,4825.35,C46234214,38267.92,38743.03,0,41.4,2,3,0,0
135,PAYMENT,3610.75,C75509470,11484.53,7873.780000000001,M40662986,64184.33,67795.08,0,29.8,1,4,0,0
590,TRANSFER,69.71,C86777444,42379.82,42310.11,C19405302,6708.75,6778.46,0,40.5,2,3,0,0
380,CASH_IN,998.57,C14814715,20448.69,19450.12,C44705031,18944.43,19943.0,0,4.9,2,4,0,0
490,TRANSFER,409.55,C77355966,8953.94,8544.390000000001,C23440931,9577.14,9986.689999999999,0,21.0,1,3,0,0
125,TRANSFER,2006.32,C85806108,31585.79,29579.47,C57770229,24936.53,26942.85,0,30.3,1,3,0,0
38,CASH_OUT,668.81,C37104378,55504.09,54835.28,C77416419,7726.93,8395.74,0,12.7,1,3,0,0
310,TRANSFER,8569.52,C93496549,54647.86,46078.34,C12127311,67773.14,76342.66,0,24.8,2,0,0,0
106,TRANSFER,955.91,C42003729,742.77,0.0,C93770674,64504.72,65460.630000000005,0,20.8,1,6,0,0
556,CASH_IN,13696.65,C19570907,70408.93,56712.27999999999,C47281769,18361.04,32057.690000000002,0,40.3,1,0,0,0
225,TRANSFER,41.85,C73414258,13798.35,13756.5,C24117632,51359.26,51401.11,0,42.1,1,5,0,0
242,CASH_IN,1943.78,C70035033,127663.98,125720.2,C62496843,22160.67,24104.449999999997,0,16.9,2,2,0,0
397,CASH_IN,2302.56,C61590501,7452.81,5150.25,C20809229,13410.55,15713.109999999999,0,66.3,1,2,0,0
153,PAYMENT,336.08,C65153189,25495.17,25159.089999999997,M25816016,12891.95,13228.03,0,23.3,1,2,0,0
536,PAYMENT,1811.62,C49743181,18713.63,16902.010000000002,M96277524,26954.71,28766.329999999998,0,29.6,1,3,0,0
636,PAYMENT,4306.53,C40224869,33801.4,29494.870000000003,M41542487,493.26,4799.79,0,53.2,1,2,0,0
402,PAYMENT,12789.97,C44405093,18813.46,6023.49,M50214391,49623.97,62413.94,0,36.8,1,4,0,0
146,PAYMENT,1081.62,C32033899,73753.68,72672.06,M37564237,19736.97,20818.59,0,39.2,1,4,0,0
191,CASH_OUT,819.88,C47844189,24061.36,23241.48,C91881143,6018.27,6838.150000000001,0,32.3,3,2,0,0
677,PAYMENT,612.47,C95278389,21549.32,20936.85,M73284116,40291.59,40904.06,0,15.0,2,4,0,0
583,PAYMENT,1977.48,C43480154,177438.18,175460.69999999998,M54457360,56090.41,58067.89000000001,0,5.2,1,5,0,0
201,CASH_OUT,335.5,C47502989,25829.88,25494.38,C22353798,4992.45,5327.95,0,2.9,1,5,0,0
12,PAYMENT,6980.52,C99953417,6964.88,0.0,M29971554,4356.11,11336.630000000001,0,14.2,1,0,0,0
52,CASH_OUT,97.4,C79226016,15599.01,15501.61,C67373124,19657.11,19754.510000000002,0,48.5,1,0,0,0
302,PAYMENT,1609.47,C43847671,64262.84,62653.369999999995,M47001231,41895.36,43504.83,0,22.5,1,3,0,0
300,PAYMENT,150.92,C12267064,15180.77,15029.85,M63944378,34781.34,34932.259999999995,0,16.0,1,2,0,0
521,CASH_OUT,1658.17,C30575261,57048.58,55390.41,C82586181,147529.0,149187.17,0,13.1,1,6,0,0
140,CASH_OUT,7747.54,C39636009,123153.55,115406.01000000001,C15728141,23102.42,30849.96,0,42.3,1,3,0,0
100,DEBIT,2522.49,C78941881,23428.49,20906.0,C69129096,17185.79,19708.28,0,32.8,1,2,0,0
485,CASH_OUT,611.02,C38101371,10699.75,10088.73,C59290825,57039.61,57650.63,0,32.2,1,2,0,0
137,CASH_OUT,6567.72,C94193088,63080.04,56512.32,C80979840,125287.89,131855.61,0,38.9,1,4,0,0
366,PAYMENT,13.15,C80010130,28793.73,28780.579999999998,M92543637,89222.72,89235.87,0,24.3,2,2,0,0
534,PAYMENT,1601.88,C66662895,2362.36,760.48,M13525267,21240.49,22842.370000000003,0,10.3,3,3,0,0
507,CASH_OUT,404.32,C25922194,43191.35,42787.03,C70837022,39937.24,40341.56,0,29.9,1,2,0,0
657,CASH_OUT,4401.12,C91733415,43431.11,39029.99,C24544337,6170.15,10571.27,0,52.4,1,4,0,0
161,CASH_IN,19.0,C86041604,57239.01,57220.01,C83022511,50123.41,50142.41,0,57.4,1,3,0,0
175,TRANSFER,782.24,C86221336,66451.44,65669.2,C96011480,17258.43,18040.670000000002,0,37.4,1,2,0,0
88,TRANSFER,568.29,C83417376,51869.6,51301.31,C55700196,10068.43,10636.720000000001,0,19.0,1,0,0,0
399,CASH_OUT,9206.25,C26026360,20647.53,11441.279999999999,C33415999,5815.65,15021.9,0,35.5,1,2,1,0
480,PAYMENT,434.35,C30836766,90206.05,89771.7,M70589301,11935.31,12369.66,0,27.6,1,2,0,0
545,CASH_IN,1212.56,C92854323,136882.34,135669.78,C49832067,28573.94,29786.5,0,27.2,1,0,0,0
477,DEBIT,2054.62,C41179635,17984.01,15929.39,C39906075,90346.57,92401.19,0,47.2,1,4,0,0
283,TRANSFER,1732.89,C64487823,16552.62,14819.73,C16697095,12094.49,13827.38,0,29.1,1,3,0,0
738,CASH_OUT,1671.13,C85017383,35975.01,34303.880000000005,C85022283,2308.35,3979.48,0,19.5,1,3,0,0
452,CASH_OUT,2020.37,C42981592,212610.82,210590.45,C73133618,60553.42,62573.79,0,10.9,1,3,0,0
624,PAYMENT,1806.28,C10244341,8918.2,7111.920000000001,M81568195,60722.9,62529.18,0,6.3,1,1,0,0
82,CASH_IN,130319.23,C84793624,34154.82,0.0,C61963526,2775.66,133094.88999999998,0,28.1,1,0,0,0
213,TRANSFER,71.75,C93466334,10796.86,10725.11,C56845061,8072.05,8143.8,0,15.8,2,2,0,0
520,CASH_OUT,435.22,C87190478,26372.36,25937.14,C39643822,6975.24,7410.46,0,42.8,1,1,0,0
134,PAYMENT,1661.15,C51876105,23810.66,22149.51,M43053795,24758.77,26419.920000000002,0,22.4,1,2,0,0
447,DEBIT,13403.57,C55340262,42301.3,28897.730000000003,C51771802,11474.51,24878.08,0,63.1,1,1,0,0
118,TRANSFER,10065.05,C22848379,1762.49,0.0,C19758919,55045.99,65111.03999999999,0,17.4,1,3,0,0
596,PAYMENT,11702.62,C34288104,82318.96,70616.34000000001,M41898839,38461.31,50163.93,0,22.8,1,2,0,0
243,CASH_IN,1696.62,C95186024,61779.83,60083.21,C62955214,45309.67,47006.29,0,11.4,2,4,0,0
150,PAYMENT,16880.19,C75355386,437584.24,420704.05,M27382649,19000.25,35880.44,0,12.8,1,2,0,0
533,PAYMENT,614.68,C95243341,14768.37,14153.69,M63691156,27647.92,28262.6,0,13.7,1,2,0,0
646,CASH_IN,9400.84,C85085117,101171.66,91770.82,C96938520,45445.5,54846.34,0,18.6,1,1,0,0
379,CASH_IN,2541.57,C78579801,47125.53,44583.96,C36437724,29979.29,32520.86,0,5.3,1,0,0,0
608,TRANSFER,2624.01,C68514553,13132.45,10508.44,C48708191,3139.33,5763.34,0,40.5,1,2,0,0
525,CASH_OUT,167.68,C55150726,17528.76,17361.079999999998,C75370377,17994.9,18162.58,0,51.4,1,2,0,0
513,TRANSFER,74.7,C68755586,1030.52,955.8199999999999,C73950368,141871.34,141946.04,0,14.0,2,6,0,0
662,PAYMENT,1071.53,C66987801,21044.76,19973.23,M45107273,27836.89,28908.42,0,27.4,1,2,0,0
117,PAYMENT,1528.91,C84290741,114839.17,113310.26,M59507903,21139.41,22668.32,0,8.0,1,3,0,0
664,CASH_OUT,240.29,C94758337,3910.8,3670.51,C61273940,88070.33,88310.62,0,12.9,1,2,0,0
576,CASH_OUT,9570.42,C72180127,131612.87,122042.45,C19844815,43593.66,53164.08,0,16.8,1,3,1,0
662,CASH_OUT,410.74,C18786470,23869.97,23459.23,C58596262,22235.25,22645.99,0,39.5,1,1,0,0
317,CASH_OUT,5094.46,C79117419,67520.47,62426.01,C11630264,36136.48,41230.94,0,33.7,2,2,0,0
12,PAYMENT,1064.65,C49842625,53727.07,52662.42,M54659520,16425.2,17489.850000000002,0,42.8,1,3,0,0
90,TRANSFER,7382.79,C24721912,55810.45,48427.659999999996,C98285292,65065.57,72448.36,0,9.7,2,4,0,0
388,PAYMENT,209.41,C78631267,39741.65,39532.24,M85442665,50453.99,50663.4,0,13.1,1,2,0,0
83,TRANSFER,100.59,C95781756,31209.53,31108.94,C81618842,9804.81,9905.4,0,3.5,3,6,0,0
396,TRANSFER,4772.78,C73851705,131745.07,126972.29000000001,C49309136,14702.24,19475.02,0,44.4,1,3,0,0
545,DEBIT,8398.3,C14488206,56977.4,48579.100000000006,C19564220,112.56,8510.859999999999,0,59.4,1,2,0,0
661,TRANSFER,3186.24,C28298454,47674.97,44488.73,C59016759,62619.62,65805.86,0,17.8,1,4,0,0
640,PAYMENT,368.63,C39155021,27085.23,26716.6,M93419437,3783.85,4152.48,0,24.9,1,2,0,0
100,PAYMENT,6108.84,C55372218,12749.73,6640.889999999999,M94260996,33969.83,40078.67,0,12.4,1,1,0,0
457,CASH_OUT,5029.05,C98366173,91.09,0.0,C49265827,74925.81,79954.86,0,28.6,1,2,0,0
328,CASH_OUT,231.65,C17852872,197432.17,197200.52000000002,C74574157,135396.41,135628.06,0,28.0,1,3,0,0
724,PAYMENT,4057.27,C79405938,70606.0,66548.73,M56969924,15370.76,19428.03,0,14.1,2,4,0,0
74,PAYMENT,2336.88,C96705399,255724.84,253387.96,M70600318,8115.25,10452.130000000001,0,11.6,1,3,0,0
96,CASH_OUT,2183.13,C22528865,73525.67,71342.54,C29687047,174126.33,176309.46,0,42.1,1,1,0,0
92,PAYMENT,149.97,C60742872,2329.76,2179.7900000000004,M20957026,8244.61,8394.58,0,24.5,1,2,0,0
330,CASH_OUT,7952.01,C45777582,29357.23,21405.22,C92840675,6514.89,14466.900000000001,0,14.2,1,3,0,0
175,CASH_OUT,680.79,C46876118,6209.21,5528.42,C68549002,103514.41,104195.2,0,2.9,1,4,0,0
737,PAYMENT,563.27,C77599545,80790.32,80227.05,M50004420,110050.8,110614.07,0,27.3,1,1,0,0
315,PAYMENT,4102.17,C72286794,10288.63,6186.459999999999,M34554484,26095.19,30197.36,0,15.3,1,2,0,0
687,CASH_IN,1220.32,C53803180,53597.89,52377.57,C66093518,40899.25,42119.57,0,33.7,2,2,0,0
568,TRANSFER,136.41,C28968702,53727.01,53590.6,C12637518,21640.96,21777.37,0,30.5,1,0,0,0
497,TRANSFER,28368.67,C90036083,50927.93,22559.260000000002,C69778118,104801.95,133170.62,0,25.7,1,5,0,0
269,CASH_OUT,2726.35,C28001019,105332.21,102605.86,C23440165,72148.34,74874.69,0,50.1,1,1,0,0
428,CASH_IN,1742.55,C96180063,64685.73,62943.18,C36393364,28865.9,30608.45,0,33.1,2,2,0,0
35,CASH_IN,1709.01,C75665703,19836.86,18127.850000000002,C29873505,23633.71,25342.719999999998,0,14.7,2,2,0,0
119,CASH_OUT,1858.7,C30247120,18901.7,17043.0,C89099901,46460.08,48318.78,0,24.2,1,1,0,0
371,TRANSFER,2151.36,C78864826,1127.28,0.0,C86620362,43698.68,45850.04,0,5.7,1,2,0,0
568,PAYMENT,14091.05,C47140210,119453.84,105362.79,M31776357,3393.88,17484.93,0,38.3,1,3,0,0
451,CASH_OUT,31112.5,C44215578,5461.57,0.0,C91802650,13081.17,44193.67,0,33.7,1,4,0,0
309,TRANSFER,1073.16,C47445293,32611.9,31538.74,C53299276,23090.04,24163.2,0,17.6,1,1,0,0
357,TRANSFER,6108.94,C99622015,35514.7,29405.76,C32871959,32913.12,39022.060000000005,0,42.6,1,2,0,0
376,CASH_IN,5589.66,C76394141,29696.06,24106.4,C81456543,8502.11,14091.77,0,60.0,1,3,0,0
105,PAYMENT,6253.99,C26556232,42698.98,36444.990000000005,M89311906,15422.06,21676.05,0,15.6,1,2,0,0
390,TRANSFER,17830.39,C77858625,65328.61,47498.22,C66957154,28069.29,45899.68,0,5.3,1,0,0,0
176,PAYMENT,8378.19,C97251792,10922.42,2544.2299999999996,M95618175,92458.0,100836.19,0,38.3,1,4,0,0
106,TRANSFER,3831.47,C88533310,3827.77,0.0,C10042180,19647.2,23478.670000000002,0,23.5,1,2,0,0
592,PAYMENT,576.98,C16517467,97392.68,96815.7,M53344951,13956.71,14533.689999999999,0,4.7,2,4,0,0
163,PAYMENT,3121.1,C20312931,34138.19,31017.090000000004,M78012517,76666.24,79787.34000000001,0,53.1,1,2,0,0
267,PAYMENT,275.14,C15960242,6811.44,6536.299999999999,M11997334,10542.97,10818.109999999999,0,17.9,1,1,0,0
563,CASH_OUT,4146.83,C61902309,55748.21,51601.38,C47475452,37082.16,41228.990000000005,0,28.9,1,1,0,0
279,CASH_OUT,3212.21,C20726539,12620.75,9408.54,C77368125,21354.26,24566.469999999998,0,45.2,1,2,0,0
303,TRANSFER,137.45,C23424395,4268.44,4130.99,C64689984,94989.8,95127.25,0,26.6,1,3,0,0
587,CASH_IN,776.98,C44550547,16604.11,15827.130000000001,C35847578,46426.39,47203.37,0,48.7,1,2,0,0
127,TRANSFER,475.99,C81860528,17612.45,17136.46,C93571717,87433.94,87909.93000000001,0,11.7,1,0,0,0
246,PAYMENT,6406.82,C83996364,101413.42,95006.6,M76770831,43196.98,49603.8,0,35.8,1,0,0,0
234,DEBIT,1064.96,C41348845,18361.56,17296.600000000002,C35219606,33025.46,34090.42,0,37.6,2,1,0,0
667,PAYMENT,139.55,C36524619,75766.16,75626.61,M65207844,21569.8,21709.35,0,40.3,1,4,0,0
585,CASH_IN,4034.11,C90125924,43046.67,39012.56,C88617523,37906.92,41941.03,0,27.4,1,1,0,0
439,PAYMENT,2622.78,C46423540,4974.25,2351.47,M98584047,61874.71,64497.49,0,1.7,1,4,0,0
137,CASH_IN,2262.23,C73322720,8507.76,6245.530000000001,C81524280,22575.04,24837.27,0,30.5,1,3,0,0
556,PAYMENT,248.56,C94465531,4175.37,3926.81,M87576454,40701.5,40950.06,0,4.6,1,4,0,0
149,DEBIT,5207.96,C49537767,25665.44,20457.48,C54207132,23438.43,28646.39,0,60.6,1,5,0,0
56,TRANSFER,1475.03,C66716275,175142.95,173667.92,C14439109,4047.74,5522.7699999999995,0,20.9,1,2,0,0
688,CASH_IN,1324.05,C29441009,9971.18,8647.130000000001,C58395329,32984.36,34308.41,0,7.7,1,5,0,0
356,PAYMENT,187.87,C95973029,20934.89,20747.02,M17442262,2688.57,2876.44,0,9.9,2,3,0,0
257,TRANSFER,200.48,C77271156,85743.88,85543.40000000001,C84501989,36367.06,36567.54,0,18.6,1,1,0,0
63,CASH_IN,1500000.0,C36175242,104288.81,0.0,C28783874,73119.42,1573119.42,1,26.4,1,1,0,0
63,TRANSFER,226.86,C86421179,66472.49,66245.63,C71499628,6767.69,6994.549999999999,0,8.2,1,4,0,0
29,CASH_OUT,40.74,C29473731,31469.64,31428.899999999998,C23067196,36279.15,36319.89,0,53.3,1,1,0,0
552,CASH_OUT,903.44,C18400094,52330.61,51427.17,C26868185,2428.58,3332.02,0,36.0,1,4,0,0
659,TRANSFER,1283.22,C58323131,29895.05,28611.829999999998,C40147387,12652.09,13935.31,0,44.8,1,0,0,0
600,CASH_OUT,347.1,C32818620,94396.45,94049.34999999999,C32628126,5380.4,5727.5,0,32.0,2,0,0,0
568,TRANSFER,411.92,C19259844,26370.74,25958.820000000003,C99158417,1006.67,1418.59,0,30.0,1,2,0,0
300,CASH_IN,1459.91,C97350615,85130.89,83670.98,C98228072,74693.15,76153.06,0,13.3,1,8,0,0
705,PAYMENT,3484.26,C81671933,44055.29,40571.03,M79503876,21101.64,24585.9,0,10.1,1,2,0,0
612,PAYMENT,145.47,C48371138,36827.61,36682.14,M25735688,6564.35,6709.820000000001,0,41.3,2,3,0,0
215,CASH_IN,886.98,C60376106,53426.07,52539.09,C66553176,40341.77,41228.75,0,27.3,1,6,0,0
141,DEBIT,1802.36,C73898403,17273.97,15471.61,C70717948,92633.04,94435.4,0,10.7,1,2,0,0
507,TRANSFER,1175.99,C71619427,24892.39,23716.399999999998,C57677458,27849.57,29025.56,0,40.8,1,2,0,0
561,CASH_OUT,525.32,C18080778,81749.08,81223.76,C48987890,70716.81,71242.13,0,48.0,1,3,0,0
499,PAYMENT,285.69,C65914689,24223.76,23938.07,M98215051,73973.84,74259.53,0,21.6,2,2,0,0
627,PAYMENT,40685.09,C83816629,53007.26,12322.170000000006,M25139756,55508.66,96193.75,0,33.9,1,3,0,0
502,TRANSFER,26.94,C58739596,54465.07,54438.13,C25392703,12865.37,12892.310000000001,0,12.6,1,4,0,0
741,TRANSFER,11448.28,C31490059,101910.19,90461.91,C74051846,25228.63,36676.91,0,52.8,2,1,0,0
587,TRANSFER,231.25,C76784037,29319.97,29088.72,C90169345,6285.68,6516.93,0,30.8,1,2,0,0
191,PAYMENT,2786.74,C65108170,116410.24,113623.5,M87290755,101184.34,103971.08,0,25.2,1,3,0,0
711,CASH_IN,2081.36,C75051848,248586.43,246505.07,C95361362,42962.31,45043.67,0,42.3,1,2,0,0
675,CASH_IN,278.38,C74401506,9268.24,8989.86,C23908164,225.71,504.09000000000003,0,71.5,1,6,0,0
651,CASH_OUT,1279.14,C41726963,62836.85,61557.71,C22188586,64339.89,65619.03,0,7.3,1,2,0,0
49,TRANSFER,884.62,C94039973,59926.3,59041.68,C71522540,586.43,1471.05,0,35.9,1,4,0,0
363,PAYMENT,1900.51,C15850973,30453.53,28553.02,M35605810,37899.67,39800.18,0,42.0,1,2,0,0
627,CASH_OUT,18169.72,C26859625,18107.34,0.0,C14632637,23193.53,41363.25,0,21.3,1,3,0,0
680,CASH_OUT,23417.26,C13737762,1381.02,0.0,C65573434,9351.24,32768.5,0,49.6,2,3,0,0
496,PAYMENT,454.33,C60646548,50560.42,50106.09,M94441660,56134.86,56589.19,0,37.5,1,1,0,0
277,CASH_IN,3368.97,C68480501,18968.56,15599.590000000002,C83751634,263373.81,266742.77999999997,0,40.9,1,1,0,0
47,CASH_OUT,11311.5,C59513203,40169.42,28857.92,C37971175,48574.04,59885.54,0,19.7,2,3,0,0
216,CASH_IN,829.24,C40693008,6513.15,5683.91,C30749205,65928.19,66757.43000000001,0,28.6,1,2,0,0
230,CASH_OUT,5320.32,C58784883,2264.11,0.0,C15004767,97586.6,102906.92000000001,0,14.6,1,2,0,0
639,CASH_OUT,131180.64,C18505943,81071.87,0.0,C76717712,23290.25,154470.89,0,56.2,1,1,0,0
323,TRANSFER,232.21,C48195320,6558.92,6326.71,C31361359,40687.16,40919.37,0,24.1,1,3,0,0
421,CASH_IN,4279.37,C49460172,7388.56,3109.1900000000005,C35924250,30358.79,34638.16,0,6.6,1,2,0,0
225,DEBIT,294.7,C54053826,42267.13,41972.43,C63716174,15210.14,15504.84,0,16.5,1,2,0,0
662,PAYMENT,586.87,C23710388,65672.32,65085.450000000004,M73561653,2658.56,3245.43,0,37.4,2,1,0,0
287,PAYMENT,768.04,C22397501,401.18,0.0,M79780742,78004.48,78772.51999999999,0,39.1,2,4,0,0
46,TRANSFER,4012.39,C78788497,29180.99,25168.600000000002,C33187293,4309.98,8322.369999999999,0,22.3,1,0,0,0
14,CASH_OUT,69363.09,C27183777,49881.96,0.0,C34384561,33075.9,102438.98999999999,0,3.5,2,0,0,0
633,CASH_IN,617.27,C30173449,66986.66,66369.39,C53828743,1280.35,1897.62,0,23.3,1,4,0,0
375,PAYMENT,11111.1,C67191353,147731.62,136620.52,M88362298,30689.0,41800.1,0,36.6,1,2,0,0
703,TRANSFER,356.66,C35096125,812.55,455.88999999999993,C10687675,2340.51,2697.17,0,16.4,1,0,0,0
333,TRANSFER,819.83,C61361696,114448.17,113628.34,C79005827,49223.01,50042.840000000004,0,26.6,1,3,0,0
166,CASH_IN,19206.35,C99755031,170086.6,150880.25,C46193298,35988.64,55194.99,0,32.8,1,2,0,0
507,CASH_OUT,10120.85,C25948927,100408.56,90287.70999999999,C51682850,50690.57,60811.42,0,26.6,3,6,0,0
117,CASH_OUT,861.54,C13615082,148683.28,147821.74,C54038841,33392.34,34253.88,0,40.7,2,1,0,0
636,TRANSFER,607.86,C85921033,6308.57,5700.71,C54956149,54714.86,55322.72,0,44.2,1,2,0,0
566,TRANSFER,4202.39,C93983931,242987.66,238785.27,C38711453,18258.92,22461.309999999998,0,16.3,1,0,0,0
439,PAYMENT,557.07,C44543552,72454.49,71897.42,M52627469,15875.72,16432.79,0,58.5,1,8,0,0
304,PAYMENT,762.16,C64401281,3600.89,2838.73,M29132136,27256.64,28018.8,0,29.3,1,6,0,0
457,DEBIT,877.77,C74462066,56798.61,55920.840000000004,C56266027,28096.97,28974.74,0,26.8,1,3,0,0
271,CASH_OUT,1311.7,C56347032,60722.28,59410.58,C28626543,16562.37,17874.07,0,20.8,3,2,0,0
711,CASH_IN,632.72,C10836734,49625.05,48992.33,C81252529,27375.95,28008.670000000002,0,37.3,1,2,0,0
216,CASH_IN,95.35,C76258128,103842.71,103747.36,C97616731,9534.49,9629.84,0,34.3,1,1,0,1
113,TRANSFER,29548.82,C10255877,69068.16,39519.340000000004,C88867101,42154.4,71703.22,0,18.0,1,3,0,0
16,CASH_OUT,7924.11,C86209783,8820.57,896.46,C71352031,142681.13,150605.24,0,21.0,1,2,0,0
216,CASH_IN,1545.11,C40731333,14397.32,12852.21,C21026829,37132.06,38677.17,0,18.7,1,3,0,0
427,CASH_OUT,478.48,C21472384,31127.13,30648.65,C34390773,25765.74,26244.22,0,38.4,1,5,0,0
135,PAYMENT,15762.57,C98738775,25110.99,9348.420000000002,M89670955,94128.76,109891.32999999999,0,35.9,1,3,0,0
43,TRANSFER,4195.09,C33352589,54381.34,50186.25,C66421507,43011.98,47207.07000000001,0,15.5,1,1,0,0
284,PAYMENT,562.46,C81507959,7333.73,6771.2699999999995,M20758305,14104.53,14666.990000000002,0,24.6,1,2,0,0
98,CASH_IN,4507.48,C17930906,21871.41,17363.93,C79950038,38763.58,43271.06,0,45.3,3,4,0,0
60,CASH_OUT,2090.79,C59982029,13906.86,11816.07,C36929458,54778.94,56869.73,0,45.5,1,6,0,0
230,PAYMENT,2302.53,C13026047,17381.24,15078.710000000001,M26809219,58960.07,61262.6,0,27.3,2,1,0,0
643,CASH_OUT,8531.88,C11297672,62038.74,53506.86,C41796470,317.64,8849.519999999999,0,18.8,2,3,0,0
385,CASH_OUT,4455.39,C89220757,4194.93,0.0,C98623220,57950.96,62406.35,0,17.8,2,1,0,0
159,TRANSFER,8408.88,C95147524,109171.58,100762.7,C72867697,64225.26,72634.14,0,32.4,1,1,0,0
471,PAYMENT,48976.75,C73020194,51227.49,2250.739999999998,M76731296,7696.96,56673.71,0,50.0,1,1,0,0
596,CASH_OUT,5169.32,C62821403,26522.09,21352.77,C59443182,76149.62,81318.94,0,13.5,1,1,0,0
208,TRANSFER,124558.45,C40694628,33254.39,0.0,C67764242,49820.25,174378.7,0,25.6,1,1,0,0
174,CASH_OUT,15516.41,C69761333,59897.98,44381.57000000001,C65905424,38661.33,54177.740000000005,0,65.7,1,2,0,0
81,TRANSFER,1161.72,C11703773,65606.72,64445.0,C22288928,58649.37,59811.090000000004,0,29.9,1,6,0,0
18,DEBIT,118.51,C29788424,81662.49,81543.98000000001,C26895962,11670.99,11789.5,0,44.5,1,5,0,0
708,TRANSFER,15797.58,C90515696,15302.94,0.0,C70990026,6701.58,22499.16,0,31.9,1,2,0,0
291,TRANSFER,176.74,C42681134,97546.47,97369.73,C30045068,2863.54,3040.2799999999997,0,75.0,1,3,0,0
360,DEBIT,2390.97,C36836052,88774.08,86383.11,C68445612,22660.21,25051.18,0,26.7,1,4,0,0
279,TRANSFER,6637.11,C98099779,96580.24,89943.13,C80691962,28237.46,34874.57,0,0.8,1,1,0,0
397,PAYMENT,262.14,C26756816,4214.13,3951.9900000000002,M62752521,4373.98,4636.12,0,18.7,2,4,0,0
142,PAYMENT,581.91,C64696609,7752.02,7170.110000000001,M20062733,20358.48,20940.39,0,22.4,1,1,0,0
677,CASH_OUT,266.32,C34224220,49009.66,48743.340000000004,C40477442,12098.81,12365.13,0,54.5,1,1,0,0
517,CASH_OUT,74337.48,C10859346,152875.06,78537.58,C11493317,86399.12,160736.59999999998,0,53.3,3,1,0,0
251,CASH_OUT,6781.67,C16493548,5822.13,0.0,C46520839,33996.12,40777.79,0,50.3,2,4,0,0
662,PAYMENT,491.52,C91936609,67133.9,66642.37999999999,M26782490,7678.66,8170.18,0,41.1,1,3,0,0
540,PAYMENT,113.03,C26366015,7315.82,7202.79,M57435755,26555.87,26668.899999999998,0,40.0,2,3,0,1
237,PAYMENT,376.51,C40927626,150256.07,149879.56,M82977696,1690.15,2066.66,0,24.4,1,5,0,0
132,TRANSFER,583.59,C31372152,80500.9,79917.31,C38891787,23841.67,24425.26,0,17.2,1,4,0,0
306,TRANSFER,665.89,C96582377,17009.58,16343.690000000002,C20360175,92711.4,93377.29,0,62.9,1,4,0,0
358,TRANSFER,7520.65,C10619812,2438.42,0.0,C34654123,29327.92,36848.57,0,40.9,1,4,0,0
285,TRANSFER,142.67,C47021115,28692.37,28549.7,C47265085,9741.17,9883.84,0,19.0,2,2,0,0
293,CASH_IN,12799.83,C82107707,37229.69,24429.86,C72414517,99567.86,112367.69,0,24.6,1,2,0,0
163,PAYMENT,69.98,C66246330,37440.76,37370.78,M82774808,112843.91,112913.89,0,21.1,1,3,0,0
419,TRANSFER,1579.74,C16345554,95493.47,93913.73,C12064977,12876.28,14456.02,0,11.2,1,2,0,0
739,CASH_OUT,516.43,C27002608,197903.47,197387.04,C57262378,7633.48,8149.91,0,10.6,1,2,0,0
468,TRANSFER,10832.26,C58931913,28274.48,17442.22,C64590603,3797.16,14629.42,0,22.0,1,3,0,0
642,CASH_OUT,24168.31,C12755235,8944.04,0.0,C82264189,59090.4,83258.71,0,56.6,1,1,0,0
570,DEBIT,7752.75,C48014652,23657.98,15905.23,C94055221,50205.57,57958.32,0,48.0,1,2,0,0
507,CASH_IN,4010.5,C37338321,62262.19,58251.69,C24760839,58351.2,62361.7,0,49.6,3,2,0,0
658,PAYMENT,1114.85,C52160645,43813.62,42698.770000000004,M54093456,7070.55,8185.4,0,25.2,1,1,0,0
478,CASH_IN,20217.31,C11706478,4539.44,0.0,C90659283,146194.16,166411.47,0,8.9,1,4,0,0
362,TRANSFER,298.53,C94364841,11782.5,11483.97,C82552737,8515.18,8813.710000000001,0,22.3,1,2,0,0
312,PAYMENT,4043.43,C52544574,59130.9,55087.47,M94788673,1546.41,5589.84,0,9.1,2,1,0,0
634,TRANSFER,12737.4,C55216108,59879.02,47141.619999999995,C63873370,19984.91,32722.309999999998,0,32.1,1,1,0,0
704,CASH_IN,9405.53,C64819799,46955.43,37549.9,C36973117,32348.32,41753.85,0,35.5,1,4,0,0
245,TRANSFER,4683.47,C64174300,17409.62,12726.149999999998,C41885637,21524.27,26207.74,0,28.9,1,5,0,0
477,PAYMENT,4459.7,C58083310,8911.8,4452.099999999999,M12528053,26568.88,31028.58,0,29.6,1,3,0,0
615,CASH_OUT,9008.96,C32522326,12991.39,3982.4300000000003,C27900578,32937.96,41946.92,0,61.8,1,3,1,0
436,PAYMENT,1423.45,C92044958,82397.7,80974.25,M98702461,9474.53,10897.980000000001,0,39.2,2,2,0,0
250,PAYMENT,23577.75,C53729434,33526.86,9949.11,M91561204,73922.98,97500.73,0,40.8,2,4,0,0
22,PAYMENT,73318.75,C61657121,21631.58,0.0,M70689445,12388.67,85707.42,0,11.1,1,3,0,0
477,PAYMENT,64.89,C93461912,7303.98,7239.089999999999,M58552895,252474.56,252539.45,0,31.6,1,3,0,0
572,PAYMENT,889.72,C77574084,24926.47,24036.75,M66501428,147450.73,148340.45,0,21.2,1,7,0,0
511,PAYMENT,242.67,C52835284,27046.67,26804.0,M96629642,14944.31,15186.98,0,10.8,2,1,0,0
336,CASH_OUT,558.6,C95792375,108590.54,108031.93999999999,C38789826,30148.96,30707.559999999998,0,23.1,1,2,0,0
646,PAYMENT,2259.56,C54995304,140765.41,138505.85,M93026303,104924.11,107183.67,0,23.2,1,6,0,0
342,PAYMENT,4221.0,C25716303,91456.81,87235.81,M32271622,32558.77,36779.770000000004,0,6.1,2,2,0,0
338,DEBIT,1343.09,C71242245,24565.66,23222.57,C39827520,61030.92,62374.009999999995,0,45.1,1,3,0,0
480,TRANSFER,5677.19,C12051688,40955.13,35277.939999999995,C82261623,25118.48,30795.67,0,15.4,2,3,0,0
42,CASH_OUT,480.13,C34873006,91999.89,91519.76,C76868741,25426.89,25907.02,0,9.2,2,3,0,0
74,PAYMENT,872.53,C11542967,2588.52,1715.99,M23618856,18571.16,19443.69,0,52.2,1,2,0,0
22,PAYMENT,5783.1,C62834981,38053.37,32270.270000000004,M71987798,26569.96,32353.059999999998,0,26.8,1,1,0,0
220,PAYMENT,996.97,C91376153,25427.41,24430.44,M41605147,2349.6,3346.5699999999997,0,58.6,1,6,0,0
79,PAYMENT,177.64,C71964261,23985.13,23807.49,M71045383,137995.76,138173.40000000002,0,46.0,3,3,0,0
235,PAYMENT,100423.25,C51961243,21546.08,0.0,M89525620,75798.71,176221.96000000002,0,16.4,1,2,0,0
157,PAYMENT,9786.8,C37315669,51147.02,41360.22,M47826829,75902.03,85688.83,0,42.5,1,0,0,0
327,PAYMENT,2424.82,C78078208,27006.35,24581.53,M64097155,45440.05,47864.87,0,40.1,1,4,0,0
114,PAYMENT,9010.69,C40139816,19442.81,10432.12,M52670565,8575.99,17586.68,0,12.3,1,1,0,0
608,TRANSFER,3832.19,C20280111,41770.15,37937.96,C70618274,9621.13,13453.32,0,56.3,1,3,0,0
642,PAYMENT,103.68,C63688524,23350.85,23247.17,M77412350,3679.72,3783.3999999999996,0,26.6,1,2,0,0
621,TRANSFER,2382.21,C56967248,1765.41,0.0,C79732102,60847.64,63229.85,0,22.0,2,1,0,0
587,TRANSFER,491.72,C62990824,27032.49,26540.77,C57910698,90822.43,91314.15,0,7.1,2,3,0,0
275,CASH_OUT,2215.48,C38426580,10913.38,8697.9,C84105252,38295.33,40510.810000000005,0,16.9,1,5,0,0
381,PAYMENT,3743.81,C24154880,5263.23,1519.4199999999996,M35340682,75849.88,79593.69,0,38.9,1,3,0,0
20,CASH_OUT,10034.65,C55668176,103020.54,92985.89,C40464790,94518.24,104552.89,0,30.0,1,3,0,0
673,CASH_OUT,306.6,C25246931,58854.25,58547.65,C35890076,6347.68,6654.280000000001,0,20.5,2,3,0,0
209,PAYMENT,327.52,C33196381,23973.49,23645.97,M70843724,19530.06,19857.58,0,57.1,2,2,0,0
606,DEBIT,770.07,C65868304,210906.03,210135.96,C92440573,5974.61,6744.679999999999,0,36.9,1,4,0,0
594,CASH_IN,25223.65,C67281690,22879.71,0.0,C98015984,20203.69,45427.34,0,11.3,1,3,0,0
616,PAYMENT,939.89,C35433050,14016.06,13076.17,M16305450,25331.89,26271.78,0,48.6,1,1,0,0
160,PAYMENT,4735.51,C82418603,32075.91,27340.4,M75154300,49521.57,54257.08,0,37.9,2,1,0,0
573,CASH_OUT,1635.1,C78136360,145535.06,143899.96,C94140723,44334.11,45969.21,0,19.3,1,3,0,0
38,CASH_OUT,887.61,C43160195,54529.97,53642.36,C97999725,180097.26,180984.87,0,27.4,1,3,0,0
118,PAYMENT,2303.06,C86107680,65576.63,63273.57000000001,M97716246,10253.25,12556.31,0,29.4,2,1,0,0
390,PAYMENT,7520.08,C29127424,9033.66,1513.58,M71152893,6730.27,14250.35,0,14.3,1,1,0,0
680,TRANSFER,6080.73,C54337930,2048.7,0.0,C70440096,52033.33,58114.06,0,41.0,2,1,0,0
377,TRANSFER,205.24,C25168703,38515.34,38310.1,C31538983,48548.35,48753.59,0,35.4,2,2,0,0
376,CASH_OUT,3304.56,C30472121,20048.39,16743.829999999998,C78957434,5810.31,9114.87,0,31.5,1,6,0,0
581,TRANSFER,34029.53,C44672187,2179.72,0.0,C24804285,68097.44,102126.97,0,22.6,1,0,0,0
595,TRANSFER,3130.16,C15223453,113243.39,110113.23,C85536677,16802.67,19932.829999999998,0,58.1,1,1,0,0
42,CASH_OUT,13843.56,C79593139,1271.16,0.0,C97193355,25480.51,39324.07,0,29.9,1,3,0,0
611,PAYMENT,41474.64,C44952955,636.79,0.0,M88689968,46441.83,87916.47,0,11.8,1,3,0,0
470,PAYMENT,2428.81,C97816919,17774.44,15345.63,M10079527,37392.01,39820.82,0,26.0,1,0,0,0
458,CASH_OUT,1617.23,C40574466,34383.53,32766.3,C11864283,44046.24,45663.47,0,33.7,2,5,0,0
130,DEBIT,3919.25,C42823710,29964.26,26045.01,C49707377,4872.27,8791.52,0,12.9,2,6,0,0
28,TRANSFER,18344.8,C99265215,22312.61,3967.8100000000013,C39905120,13590.22,31935.019999999997,0,18.9,1,5,0,0
741,TRANSFER,1357.75,C66669800,99673.56,98315.81,C44620325,66912.49,68270.24,0,41.0,1,5,0,0
629,PAYMENT,229.51,C58762853,17661.57,17432.06,M27305020,106444.56,106674.06999999999,0,39.7,2,1,0,0
326,TRANSFER,3455.06,C41433155,52891.24,49436.18,C25583317,21346.84,24801.9,0,17.4,2,1,0,0
509,TRANSFER,9613.14,C33718211,25425.41,15812.27,C35821023,131030.63,140643.77000000002,0,20.2,2,2,1,0
619,PAYMENT,3711.83,C20511687,24606.31,20894.480000000003,M56965960,107219.05,110930.88,0,35.0,1,5,0,0
325,PAYMENT,3983.82,C12329251,135010.87,131027.04999999999,M11810271,76133.36,80117.18000000001,0,9.8,1,3,0,0
160,TRANSFER,1686.82,C28821470,59774.99,58088.17,C38826364,55525.94,57212.76,0,15.8,1,3,0,0
516,PAYMENT,1184.61,C34925193,38631.85,37447.24,M23123358,30267.35,31451.96,0,31.4,1,1,0,0
661,PAYMENT,17807.91,C30486518,9595.63,0.0,M19141972,9568.95,27376.86,0,41.8,2,0,0,0
254,PAYMENT,72.9,C56534401,7401.37,7328.47,M45402578,11736.93,11809.83,0,13.3,3,1,0,0
248,PAYMENT,2132.4,C95001485,10761.72,8629.32,M55833375,7030.9,9163.3,0,28.6,1,3,0,0
353,PAYMENT,308.54,C61289089,49300.34,48991.799999999996,M22097876,75451.62,75760.15999999999,0,64.9,2,2,0,0
398,DEBIT,1704.59,C98656701,2882.44,1177.8500000000001,C53744847,256.31,1960.8999999999999,0,47.8,1,2,0,0
582,TRANSFER,2907.68,C82543761,31190.32,28282.64,C99695246,12416.9,15324.58,0,14.4,1,6,0,0
203,CASH_OUT,4494.38,C64269320,30786.13,26291.75,C14975958,37193.0,41687.38,0,50.7,1,2,0,0
302,CASH_OUT,2333.76,C40526011,124932.97,122599.21,C28490657,170400.38,172734.14,0,29.9,3,3,0,1
148,TRANSFER,22093.15,C79260639,23095.65,1002.5,C36428890,14150.98,36244.130000000005,0,43.0,2,0,0,0
221,PAYMENT,2186.55,C66579066,113454.94,111268.39,M91379335,9457.84,11644.39,0,10.9,1,4,0,0
698,TRANSFER,267.58,C26664202,47736.2,47468.619999999995,C62003971,3135.72,3403.2999999999997,0,17.4,1,3,0,0
560,TRANSFER,11644.59,C39670292,24722.85,13078.259999999998,C31799793,13366.53,25011.120000000003,0,5.7,1,2,0,0
263,CASH_OUT,3313.86,C40211680,37388.87,34075.01,C61350774,70132.04,73445.9,0,6.2,2,1,0,0
296,TRANSFER,321.36,C15271136,4948.16,4626.8,C70973098,5618.59,5939.95,0,16.0,1,2,0,0
315,PAYMENT,6738.48,C63974507,110191.13,103452.65000000001,M99800693,6428.45,13166.93,0,10.3,3,2,0,0
292,PAYMENT,661.87,C14873617,49915.34,49253.469999999994,M38189501,6162.33,6824.2,0,16.3,2,3,0,0
684,TRANSFER,9735.16,C25636887,28600.6,18865.44,C31009603,4947.87,14683.029999999999,0,20.5,1,3,1,0
31,CASH_OUT,186.65,C78953550,74746.98,74560.33,C79866853,24132.36,24319.010000000002,0,15.9,2,4,0,0
682,TRANSFER,1443.65,C39723581,25916.96,24473.309999999998,C96335579,70309.49,71753.14,0,35.1,1,2,0,0
44,TRANSFER,3921.93,C92898047,30900.68,26978.75,C76987921,24616.62,28538.55,0,12.1,2,2,0,0
555,CASH_IN,265.06,C65604948,27411.23,27146.17,C40859919,31409.76,31674.82,0,16.6,2,4,0,0
134,CASH_OUT,4636.76,C75398277,283495.49,278858.73,C56246166,33930.91,38567.670000000006,0,27.9,1,2,0,0
349,PAYMENT,11603.22,C16672101,73523.26,61920.03999999999,M14249959,19470.06,31073.28,0,50.1,1,4,0,0
219,PAYMENT,1253.33,C12899718,132105.82,130852.49,M22110288,16568.15,17821.480000000003,0,39.4,1,0,0,0
450,PAYMENT,3667.89,C59486969,23873.29,20205.4,M37745260,40069.21,43737.1,0,6.3,1,1,0,0
504,PAYMENT,431.97,C88317329,33683.77,33251.799999999996,M21477306,17243.85,17675.82,0,29.8,1,2,0,0
86,PAYMENT,311899.47,C77661535,11242.11,0.0,M92354183,4976.9,316876.37,1,41.5,2,2,0,0
251,PAYMENT,1828.42,C28309182,509.21,0.0,M50763306,79429.39,81257.81,0,9.6,1,2,0,0
265,PAYMENT,3282.11,C91340722,10831.71,7549.5999999999985,M49353577,35330.21,38612.32,0,6.1,1,2,0,0
523,PAYMENT,1116.16,C54902076,132201.87,131085.71,M38403999,70549.75,71665.91,0,34.1,3,6,0,0
80,DEBIT,550.56,C33885980,30474.49,29923.93,C52038873,25945.61,26496.170000000002,0,33.6,1,1,0,0
621,PAYMENT,10259.43,C65431787,7011.73,0.0,M67591959,41253.47,51512.9,0,59.6,2,3,0,0
461,TRANSFER,23.75,C97520639,30126.31,30102.56,C57447165,100773.03,100796.78,0,8.7,1,0,0,0
630,TRANSFER,67.82,C91575700,78688.13,78620.31,C94185712,55262.61,55330.43,0,19.2,2,3,0,0
252,CASH_IN,3217.76,C69652203,34736.98,31519.22,C19701773,17279.65,20497.410000000003,0,42.8,1,3,0,0
18,PAYMENT,932.74,C33626140,138091.82,137159.08000000002,M27139814,15922.28,16855.02,0,4.0,1,2,0,0
256,TRANSFER,8280.84,C74081170,114316.73,106035.89,C88275707,12722.25,21003.09,0,15.3,1,1,0,0
245,CASH_IN,711.7,C74998561,32051.38,31339.68,C75735201,25845.29,26556.99,0,18.3,1,5,0,0
153,DEBIT,89.24,C65293063,4330.1,4240.860000000001,C30954001,101080.87,101170.11,0,37.2,1,3,0,0
609,CASH_OUT,1604.5,C55216250,60945.35,59340.85,C15783115,713.45,2317.95,0,15.2,1,3,0,0
500,PAYMENT,1116.14,C94310161,22032.27,20916.13,M72192014,57193.33,58309.47,0,26.5,1,4,0,0
458,PAYMENT,257.63,C79728145,77025.47,76767.84,M26771473,17381.63,17639.260000000002,0,22.7,1,2,0,0
698,CASH_OUT,7444.98,C15462263,18471.24,11026.260000000002,C17440027,66452.56,73897.54,0,27.1,1,4,0,0
542,CASH_IN,3437.53,C80300526,20070.36,16632.83,C73265569,22756.54,26194.07,0,57.4,1,0,0,0
115,TRANSFER,306.58,C70100846,39079.31,38772.729999999996,C18369299,51216.33,51522.91,0,30.5,1,1,0,0
447,TRANSFER,114.52,C81193085,1260.65,1146.13,C58806043,72773.98,72888.5,0,17.6,3,3,0,0
353,PAYMENT,3426.37,C84215983,9295.8,5869.429999999999,M31193809,25418.9,28845.27,0,26.6,1,3,0,0
625,CASH_OUT,323.31,C63828359,95329.67,95006.36,C98787705,52702.52,53025.829999999994,0,30.6,1,1,0,0
541,PAYMENT,321.52,C13892754,156833.14,156511.62000000002,M75802542,2833.48,3155.0,0,31.5,2,0,0,0
322,PAYMENT,1485.77,C35820789,10665.02,9179.25,M39204996,14147.88,15633.65,0,16.7,2,3,0,0
459,TRANSFER,1969.43,C40249623,74022.98,72053.55,C37054188,15565.93,17535.36,0,49.5,3,2,0,0
226,TRANSFER,4470.68,C43954686,5931.44,1460.7599999999993,C44570773,25818.31,30288.99,0,19.9,2,4,0,0
361,PAYMENT,12118.93,C93695920,31998.41,19879.48,M98594373,41635.05,53753.98,0,30.8,2,3,0,0
531,PAYMENT,784.68,C97264887,35511.43,34726.75,M60291223,25405.51,26190.19,0,48.4,2,4,0,0
112,CASH_OUT,5206.81,C75216911,41474.41,36267.600000000006,C44151487,74101.37,79308.18,0,23.2,1,4,0,0
212,PAYMENT,1321.39,C54448484,22426.91,21105.52,M28066323,11946.49,13267.88,0,8.8,1,1,0,0
233,TRANSFER,15041.14,C74235061,96938.21,81897.07,C51881700,5794.86,20836.0,0,14.3,1,0,0,0
159,PAYMENT,392.76,C55322048,18081.29,17688.530000000002,M66674793,18534.41,18927.17,0,42.8,1,3,0,0
572,TRANSFER,4645.36,C18244494,33201.61,28556.25,C90439401,11107.9,15753.259999999998,0,31.8,1,2,0,0
324,TRANSFER,407.99,C82960520,10773.38,10365.39,C24837316,36005.01,36413.0,0,24.7,1,2,0,0
93,PAYMENT,353.26,C47520041,42531.06,42177.799999999996,M32290298,33786.22,34139.48,0,27.8,1,5,0,0
248,PAYMENT,795.05,C59925201,10980.71,10185.66,M18352483,53397.44,54192.490000000005,0,7.7,2,1,0,0
670,PAYMENT,41.1,C79585667,13820.93,13779.83,M99131938,61680.64,61721.74,0,13.1,1,1,0,0
141,PAYMENT,10675.92,C41804085,28755.93,18080.010000000002,M94386326,6121.87,16797.79,0,23.5,1,2,0,0
404,CASH_IN,375.64,C89016633,16269.9,15894.26,C26535047,16893.94,17269.579999999998,0,12.3,2,2,0,0
732,PAYMENT,788.89,C10620789,2047.85,1258.96,M10212206,3278.54,4067.43,0,17.5,1,2,0,0
404,CASH_OUT,317.01,C52831999,79587.71,79270.70000000001,C45066155,45542.79,45859.8,0,16.5,1,2,0,0
601,PAYMENT,9994.39,C81452550,85778.88,75784.49,M83839214,64662.38,74656.76999999999,0,25.5,1,2,0,0
667,CASH_OUT,2924.18,C81708209,115487.49,112563.31000000001,C66265836,130264.89,133189.07,0,26.7,1,1,0,0
414,CASH_OUT,4873.3,C75667265,195319.12,190445.82,C38281465,125870.9,130744.2,0,10.1,1,2,0,0
440,TRANSFER,2454.43,C61922882,6009.2,3554.77,C35777473,39966.23,42420.66,0,8.7,2,1,0,0
233,TRANSFER,2447.92,C55122705,16045.05,13597.13,C80384179,53780.36,56228.28,0,14.4,2,1,0,0
193,TRANSFER,3287.73,C43585645,49796.23,46508.5,C49823789,9363.32,12651.05,0,18.0,1,1,0,0
99,PAYMENT,9982.79,C74638965,104522.73,94539.94,M39076175,34985.01,44967.8,0,28.4,1,2,0,0
113,CASH_IN,229.22,C12625507,8855.48,8626.26,C43095923,16068.78,16298.0,0,47.4,1,3,0,0
619,CASH_OUT,647.22,C36616874,33038.45,32391.229999999996,C63911386,4618.13,5265.35,0,16.7,1,0,0,0
536,CASH_IN,272.47,C69095492,192656.44,192383.97,C50462386,26977.08,27249.550000000003,0,14.1,1,4,0,0
281,PAYMENT,5323.38,C83161448,20100.61,14777.23,M26926211,21863.78,27187.16,0,24.3,3,6,0,0
716,CASH_OUT,4000.88,C42001428,33775.47,29774.59,C29855454,2867.91,6868.79,0,24.4,2,2,0,0
523,CASH_IN,6585.35,C27960817,59176.2,52590.85,C81656032,123509.23,130094.58,0,14.6,1,4,0,0
350,PAYMENT,18.35,C67092694,27385.4,27367.050000000003,M39482880,125342.98,125361.33,0,18.1,1,2,0,0
316,PAYMENT,829.73,C42631266,63210.85,62381.119999999995,M31642677,32726.26,33555.99,0,9.2,3,3,0,0
717,CASH_OUT,24.91,C25985194,7988.15,7963.24,C11677655,115572.62,115597.53,0,25.1,2,2,0,0
500,TRANSFER,60610.27,C52498466,13107.02,0.0,C82153384,11947.23,72557.5,0,5.7,1,1,0,0
537,CASH_OUT,2272.49,C64738236,24460.66,22188.17,C16567897,62714.9,64987.39,0,40.9,1,3,0,0
652,PAYMENT,415.13,C41965881,206464.64,206049.51,M51726197,119162.21,119577.34000000001,0,20.7,3,2,0,0
635,CASH_OUT,1450.88,C98207581,21444.98,19994.1,C38254035,20120.29,21571.170000000002,0,38.3,2,3,0,0
436,PAYMENT,1749.99,C21742121,123574.73,121824.73999999999,M89208831,14409.66,16159.65,0,26.1,1,1,0,0
523,PAYMENT,63490.53,C44573801,103921.86,40431.33,M31906735,47441.95,110932.48,0,37.2,1,1,0,0
593,PAYMENT,1278.9,C50876638,70489.42,69210.52,M25079693,25680.64,26959.54,0,5.6,1,1,0,0
444,CASH_OUT,2525.18,C91468090,23129.18,20604.0,C57656603,19027.11,21552.29,0,23.9,3,3,0,0
621,CASH_OUT,621.71,C16535437,20056.89,19435.18,C41061931,60166.17,60787.88,0,1.3,1,1,0,0
208,TRANSFER,80587.58,C78303375,51039.95,0.0,C19758272,10939.15,91526.73,0,15.2,1,0,0,0
276,TRANSFER,30646.45,C47423736,13235.07,0.0,C69086916,46612.52,77258.97,0,41.9,1,1,0,0
497,DEBIT,53.46,C79910075,22354.77,22301.31,C99912492,19615.45,19668.91,0,46.1,2,2,0,0
297,TRANSFER,8405.2,C51770396,84406.37,76001.17,C51097734,12115.46,20520.66,0,12.9,1,4,0,0
374,CASH_OUT,4050.03,C79824358,11831.39,7781.359999999999,C46934986,106968.1,111018.13,0,70.5,2,5,0,0
575,TRANSFER,447.4,C96047337,88048.33,87600.93000000001,C83759179,11395.65,11843.05,0,14.0,2,1,0,0
184,TRANSFER,302.5,C18236370,40149.39,39846.89,C94103129,19564.78,19867.28,0,24.5,1,1,0,0
32,TRANSFER,46.8,C39151292,35827.56,35780.759999999995,C21948695,38818.43,38865.23,0,6.1,1,4,0,0
283,PAYMENT,5749.69,C96452320,47546.69,41797.0,M18218211,2521.38,8271.07,0,52.8,1,2,0,0
432,CASH_OUT,156.5,C85403101,49904.38,49747.88,C57197599,4309.84,4466.34,0,26.7,1,2,0,0
519,TRANSFER,3158.12,C35166349,40860.11,37701.99,C87969052,39655.73,42813.850000000006,0,44.8,1,2,0,0
686,PAYMENT,254.89,C30783065,60437.41,60182.520000000004,M56648488,35780.38,36035.27,0,32.7,1,3,0,0
462,DEBIT,210.29,C38470966,22159.59,21949.3,C75760825,36919.09,37129.38,0,21.4,3,5,0,0
368,TRANSFER,1979.22,C32800913,83227.77,81248.55,C50774480,35975.9,37955.12,0,67.8,1,1,0,0
658,TRANSFER,17173.27,C93127811,12500.37,0.0,C10207770,71987.31,89160.58,0,54.0,1,2,0,0
252,CASH_IN,454.16,C55548451,62647.69,62193.53,C79000492,16042.98,16497.14,0,17.0,1,3,0,0
166,CASH_OUT,1625.31,C91801292,24340.54,22715.23,C64106460,7723.53,9348.84,0,43.8,1,3,0,0
615,PAYMENT,2175.87,C53556660,59349.44,57173.57,M57403082,91087.12,93262.98999999999,0,40.9,1,2,0,0
705,CASH_IN,1569.05,C66170468,1648.03,78.98000000000002,C12176674,32791.7,34360.75,0,52.8,1,4,0,0
529,CASH_OUT,3157.91,C11418761,24738.85,21580.94,C50617526,62229.7,65387.61,0,23.9,1,2,0,0
602,PAYMENT,1861.87,C16274404,165006.61,163144.74,M56366678,8525.24,10387.11,0,40.0,1,1,0,0
371,PAYMENT,78.69,C39613277,42533.02,42454.329999999994,M18283568,24922.37,25001.059999999998,0,45.1,1,3,0,0
598,CASH_OUT,18927.67,C95492350,34588.85,15661.18,C31251708,5033.01,23960.68,0,38.7,1,2,0,0
103,CASH_OUT,3680.49,C85563193,14213.83,10533.34,C22789638,4166.36,7846.849999999999,0,4.7,1,1,0,0
594,TRANSFER,1231.77,C48890043,33813.59,32581.819999999996,C12594186,24220.48,25452.25,0,24.8,1,2,0,0
126,DEBIT,299.14,C48505960,86695.75,86396.61,C43067177,36162.98,36462.12,0,16.1,1,3,0,0
38,CASH_OUT,937.09,C62198147,20657.33,19720.24,C47182600,104999.07,105936.16,0,24.2,3,2,0,0
348,PAYMENT,8719.05,C73649161,41606.96,32887.91,M49371234,2002.48,10721.529999999999,0,24.3,1,2,0,0
213,PAYMENT,164.74,C47418473,55974.78,55810.04,M78255145,18649.5,18814.24,0,36.9,1,6,0,0
319,PAYMENT,399.11,C33704999,25614.17,25215.059999999998,M80403635,53827.77,54226.88,0,37.9,3,3,0,0
737,CASH_OUT,1550.36,C38750055,16636.7,15086.34,C31881517,14494.7,16045.060000000001,0,3.4,1,2,0,0
734,PAYMENT,100.17,C60475713,8454.79,8354.62,M55029784,55922.83,56023.0,0,37.9,1,0,0,0
426,TRANSFER,315.05,C11881690,5334.26,5019.21,C41219666,120173.11,120488.16,0,3.4,2,1,0,1
247,CASH_OUT,1100.45,C44376668,13794.21,12693.759999999998,C16072068,35521.46,36621.909999999996,0,32.4,1,6,0,0
648,DEBIT,21.92,C62633349,986.68,964.76,C82008271,11542.8,11564.72,0,29.5,1,2,0,0
286,PAYMENT,1172.61,C75725974,71390.47,70217.86,M99334191,36168.18,37340.79,0,33.5,2,2,0,0
231,CASH_OUT,169.6,C43836491,5926.16,5756.5599999999995,C62179194,14456.74,14626.34,0,5.6,1,1,0,0
320,PAYMENT,15206.1,C39245897,114622.73,99416.62999999999,M44076013,7423.43,22629.53,0,17.2,3,3,0,0
512,CASH_OUT,666.46,C23666368,35739.79,35073.33,C71332356,62932.3,63598.76,0,33.9,1,0,0,0
521,PAYMENT,6830.09,C91156674,30528.42,23698.329999999998,M98289445,43495.74,50325.83,0,14.5,2,4,0,0
225,TRANSFER,3621.27,C56645805,3348.77,0.0,C16869995,75887.73,79509.0,0,19.1,1,1,0,0
506,CASH_OUT,436.97,C12375323,7154.9,6717.929999999999,C46553079,82238.45,82675.42,0,52.6,1,6,0,0
107,PAYMENT,3406.46,C67484777,97160.91,93754.45,M40973226,17642.55,21049.01,0,27.0,1,2,0,0
699,PAYMENT,38576.67,C44161123,55854.79,17278.120000000003,M40159370,4774.99,43351.659999999996,0,30.7,1,2,0,0
733,CASH_OUT,1976.98,C52329914,4965.48,2988.4999999999995,C21593959,25507.83,27484.81,0,17.0,1,3,0,0
607,CASH_OUT,954.26,C89617788,57154.73,56200.47,C57218947,17511.13,18465.39,0,44.7,2,3,0,0
707,CASH_OUT,3587.07,C73224879,7018.02,3430.9500000000003,C33843294,40128.29,43715.36,0,60.6,1,0,0,0
742,CASH_OUT,4322.3,C48470329,65953.04,61630.73999999999,C16043198,74054.82,78377.12000000001,0,26.9,3,3,0,0
331,TRANSFER,929.6,C24489944,144627.88,143698.28,C18946940,37821.73,38751.33,0,45.1,1,2,0,0
5,PAYMENT,9.7,C94033889,71012.98,71003.28,M58601464,433.37,443.07,0,42.5,1,3,0,0
468,PAYMENT,363.65,C11002434,86809.94,86446.29000000001,M53603438,36995.63,37359.28,0,48.0,1,4,0,0
516,PAYMENT,172.79,C28714936,48460.32,48287.53,M87509291,5529.21,5702.0,0,12.3,1,0,0,0
163,CASH_IN,1733.16,C89901723,186.02,0.0,C34282738,15231.97,16965.13,0,50.9,2,2,0,0
653,TRANSFER,15023.21,C82933878,76901.57,61878.36000000001,C53737971,10992.91,26016.12,0,54.9,1,3,0,0
531,TRANSFER,4348.19,C70230940,25884.41,21536.22,C67375369,27953.52,32301.71,0,40.6,1,4,0,0
82,TRANSFER,737.93,C45373289,103196.63,102458.70000000001,C26891292,61908.06,62645.99,0,17.5,2,0,0,0
481,CASH_IN,2897.93,C27489766,42524.93,39627.0,C65146686,1556.37,4454.299999999999,0,1.7,1,1,0,0
516,PAYMENT,1744.74,C56586515,10632.72,8887.98,M53982001,2378.61,4123.35,0,55.2,1,2,0,0
640,TRANSFER,4614.48,C60169749,2821.58,0.0,C95013218,127860.95,132475.43,0,28.8,2,0,0,0
187,TRANSFER,5100.55,C46529676,40494.21,35393.659999999996,C49666060,23154.37,28254.92,0,26.6,1,4,0,0
146,CASH_OUT,18844.85,C43356871,41834.77,22989.92,C31266959,53916.77,72761.62,0,29.6,2,4,0,0
152,PAYMENT,1407.1,C45468100,98329.82,96922.72,M70458028,83495.88,84902.98000000001,0,21.2,2,4,0,0
363,DEBIT,71.09,C95068356,1976.15,1905.0600000000002,C19056725,19233.79,19304.88,0,25.6,1,2,0,0
93,CASH_IN,166.48,C66371809,86090.67,85924.19,C36259130,31778.12,31944.6,0,45.0,1,1,0,0
31,TRANSFER,1865.68,C98195709,26012.96,24147.28,C70849333,80269.26,82134.93999999999,0,24.7,1,2,0,0
540,CASH_OUT,1114.38,C48183472,37574.62,36460.240000000005,C78920989,36603.96,37718.34,0,31.4,1,2,0,0
649,CASH_IN,6633.11,C42129889,38113.15,31480.04,C23504532,8349.79,14982.900000000001,0,11.3,2,4,0,0
602,CASH_OUT,11700.85,C95487882,24089.72,12388.87,C99638058,36534.77,48235.619999999995,0,41.0,1,1,0,0
49,PAYMENT,1929.64,C82844277,10289.85,8360.210000000001,M75983568,135533.49,137463.13,0,34.4,1,3,0,0
258,TRANSFER,190.62,C49183845,4105.16,3914.54,C63982251,171671.71,171862.33,0,21.9,1,5,0,0
518,CASH_OUT,4971.7,C85686543,11595.99,6624.29,C53338852,95678.25,100649.95,0,57.1,1,1,0,0
541,TRANSFER,2988.27,C45428549,62634.45,59646.18,C63545633,51195.97,54184.24,0,50.2,1,2,0,0
410,CASH_OUT,5667.68,C90264180,57326.26,51658.58,C82378079,85470.88,91138.56,0,8.4,1,0,0,0
156,CASH_IN,490.4,C22460992,56261.32,55770.92,C41330421,21121.11,21611.510000000002,0,35.2,1,2,0,0
546,CASH_IN,386697.65,C33983665,119129.9,0.0,C82299378,16726.24,403423.89,1,14.7,2,4,0,0
440,TRANSFER,78.13,C18488703,30520.45,30442.32,C11164874,211611.64,211689.77000000002,0,9.0,1,4,0,0
237,PAYMENT,2139.34,C84463333,71176.4,69037.06,M57400572,85535.22,87674.56,0,17.5,1,1,0,0
650,CASH_IN,6544.05,C65907396,55163.51,48619.46,C39723100,4867.97,11412.02,0,30.8,1,2,0,0
368,CASH_OUT,8007.25,C76946812,138261.09,130253.84,C36924047,66450.61,74457.86,0,56.3,1,2,0,0
57,PAYMENT,1839.44,C43815035,55402.94,53563.5,M22702948,488.09,2327.53,0,29.4,2,5,0,0
175,CASH_IN,5530.36,C64862833,9936.16,4405.8,C60161933,22236.83,27767.190000000002,0,51.7,1,2,0,0
214,DEBIT,9219.62,C58519444,68177.35,58957.73,C99260937,3519.91,12739.53,0,29.7,1,2,0,0
27,TRANSFER,2195.64,C66080558,22156.44,19960.8,C61066644,18379.24,20574.88,0,52.4,3,1,0,0
119,TRANSFER,2728.48,C69400362,14717.89,11989.41,C34190074,66468.01,69196.48999999999,0,46.4,1,3,0,0
147,TRANSFER,5734.36,C87532349,16297.2,10562.84,C39515832,6503.61,12237.97,0,62.7,1,0,0,0
265,PAYMENT,1879.04,C78557010,87171.04,85292.0,M16237938,17338.09,19217.13,0,8.9,1,1,0,0
403,PAYMENT,19950.05,C89445690,30151.7,10201.650000000001,M34029713,11793.06,31743.11,0,14.4,1,3,0,0
258,CASH_OUT,10888.69,C58171989,31659.11,20770.42,C81929602,5571.6,16460.29,0,15.2,1,4,0,0
189,PAYMENT,1041.7,C76280877,537.13,0.0,M55875059,139165.72,140207.42,0,27.1,3,3,0,0
743,PAYMENT,496.18,C83119519,15746.12,15249.94,M98617794,22778.42,23274.6,0,26.5,3,1,0,0
499,TRANSFER,7272.66,C76225608,107440.68,100168.01999999999,C26918161,881.94,8154.6,0,51.2,3,4,0,0
710,TRANSFER,2110.69,C69512175,34464.61,32353.920000000002,C72709693,45270.7,47381.39,0,9.8,1,0,0,0
239,CASH_IN,621.89,C42806256,26925.56,26303.670000000002,C12546578,29767.4,30389.29,0,11.6,1,4,0,0
327,PAYMENT,762.49,C42764569,3842.85,3080.3599999999997,M46035241,68549.76,69312.25,0,25.3,1,3,0,0
70,PAYMENT,5806.68,C46128521,17365.17,11558.489999999998,M85359085,18080.71,23887.39,0,43.3,1,3,0,0
705,CASH_OUT,782.93,C12870991,7032.39,6249.46,C42521689,96512.65,97295.57999999999,0,13.1,2,2,0,0
25,TRANSFER,24404.67,C51628465,8980.62,0.0,C89142465,1131.18,25535.85,0,18.9,1,3,0,0
582,PAYMENT,300.05,C94149117,20686.33,20386.280000000002,M33385355,29716.54,30016.59,0,19.8,1,1,0,0
156,TRANSFER,733.73,C86504179,3472.53,2738.8,C28691313,26837.49,27571.22,0,17.0,1,0,0,0
658,PAYMENT,338.84,C31888280,75317.17,74978.33,M87846159,474.93,813.77,0,20.8,1,5,0,0
219,PAYMENT,201.51,C61363961,48624.34,48422.829999999994,M66944670,2616.96,2818.4700000000003,0,35.7,1,2,0,0
561,TRANSFER,431.35,C22065439,80407.47,79976.12,C98449167,13575.37,14006.720000000001,0,18.5,1,1,0,0
379,TRANSFER,723.81,C46943292,21373.61,20649.8,C22522655,34204.12,34927.93,0,23.9,1,1,0,0
194,CASH_IN,849.22,C82529215,12561.99,11712.77,C57070861,9253.65,10102.869999999999,0,39.0,2,3,0,0
40,TRANSFER,36.72,C77505431,44579.49,44542.77,C76512114,8132.27,8168.990000000001,0,17.5,1,3,0,0
597,TRANSFER,210.97,C31849059,1109.49,898.52,C77276278,5839.53,6050.5,0,40.3,1,3,0,0
343,CASH_OUT,2499.35,C32430631,4661.87,2162.52,C41767994,105195.67,107695.02,0,21.9,1,1,0,0
503,PAYMENT,510.66,C24647224,67635.54,67124.87999999999,M84199525,33269.76,33780.420000000006,0,49.2,1,0,0,0
450,CASH_OUT,11782.36,C45737713,109190.63,97408.27,C94677379,11310.38,23092.739999999998,0,1.7,1,2,0,0
336,PAYMENT,1170.44,C99015396,11500.67,10330.23,M86482883,141916.42,143086.86000000002,0,44.0,1,0,0,0
4,CASH_IN,5251.71,C43872680,78269.44,73017.73,C70537039,20994.44,26246.149999999998,0,31.5,1,1,0,0
517,PAYMENT,925.52,C35109642,24197.82,23272.3,M68442901,4758.65,5684.17,0,77.0,1,4,0,0
497,TRANSFER,9393.95,C14521006,26886.58,17492.63,C74953699,28619.52,38013.47,0,55.3,1,3,1,0
226,PAYMENT,27.1,C15917713,107716.61,107689.51,M72838765,22838.91,22866.01,0,19.5,1,1,0,0
150,CASH_IN,2190.63,C59251419,48516.27,46325.64,C50030904,38451.67,40642.299999999996,0,37.1,1,4,0,0
238,TRANSFER,28417.12,C66705001,83545.82,55128.70000000001,C81384543,48038.53,76455.65,0,8.4,1,3,0,0
660,TRANSFER,131.26,C15333966,74753.35,74622.09000000001,C63323197,16985.81,17117.07,0,41.5,3,2,0,0
103,PAYMENT,7003.02,C76720701,42676.6,35673.58,M56097595,7510.33,14513.35,0,21.4,2,1,0,0
175,CASH_OUT,3659.79,C29005354,68888.16,65228.37,C84466823,21347.53,25007.32,0,40.4,1,1,0,0
461,PAYMENT,138.45,C24936484,61585.74,61447.29,M40006896,28119.26,28257.71,0,54.9,1,2,0,0
34,DEBIT,3383.32,C90723650,32723.59,29340.27,C84446516,25118.15,28501.47,0,46.1,1,3,0,0
684,PAYMENT,3340.08,C89343563,8234.18,4894.1,M37302826,1377.43,4717.51,0,23.1,2,5,0,0
518,PAYMENT,1534.28,C54943556,15487.99,13953.71,M88085769,63245.01,64779.29,0,16.5,1,2,0,0
440,PAYMENT,14107.97,C35521540,23610.3,9502.33,M37656511,16813.03,30921.0,0,41.5,1,2,0,0
285,TRANSFER,10997.58,C60984503,44177.75,33180.17,C96172988,13864.67,24862.25,0,34.7,1,2,0,0
225,TRANSFER,7838.94,C40770547,17675.2,9836.260000000002,C87734177,9602.61,17441.55,0,24.5,2,5,0,0
565,PAYMENT,22542.93,C16282791,11493.63,0.0,M91831447,34975.0,57517.93,0,24.0,2,1,0,0
257,CASH_OUT,419.35,C65714057,1809.81,1390.46,C32796171,35574.42,35993.77,0,13.8,1,1,0,0
59,TRANSFER,705.08,C72710372,11946.16,11241.08,C71127443,22545.85,23250.93,0,65.8,1,4,0,0
246,TRANSFER,552.17,C26156295,38726.4,38174.23,C87106794,44671.35,45223.52,0,62.1,1,0,0,0
519,TRANSFER,720.65,C72624723,7519.14,6798.490000000001,C89762297,1557.09,2277.74,0,41.4,2,2,0,0
214,TRANSFER,745.85,C74771554,1489.75,743.9,C40677500,64873.67,65619.52,0,58.0,2,2,0,0
590,TRANSFER,1415.97,C48816924,3881.44,2465.4700000000003,C52872054,11839.99,13255.96,0,20.9,1,0,0,0
701,PAYMENT,903.61,C10296864,151937.77,151034.16,M85182987,25293.65,26197.260000000002,0,39.5,1,4,0,0
216,PAYMENT,255.26,C23289261,1805.83,1550.57,M87881578,54664.24,54919.5,0,27.4,1,2,0,0
403,DEBIT,7546.22,C81004023,31964.61,24418.39,C71200997,7651.9,15198.119999999999,0,5.7,1,1,0,0
283,CASH_IN,373.82,C68760196,58281.53,57907.71,C51050575,93234.06,93607.88,0,33.8,2,3,0,0
573,TRANSFER,30757.94,C78022697,12623.2,0.0,C74089414,5835.12,36593.06,0,60.9,2,0,0,0
573,PAYMENT,7725.07,C34818932,166469.2,158744.13,M92559133,67020.56,74745.63,0,51.9,1,3,0,0
215,CASH_OUT,216.87,C38501320,1148.25,931.38,C88441063,20346.06,20562.93,0,59.5,2,1,0,0
382,TRANSFER,1744.42,C72656364,106051.75,104307.33,C81098781,7172.27,8916.69,0,37.9,2,3,0,0
45,PAYMENT,141.39,C14861056,24837.8,24696.41,M64703941,81466.44,81607.83,0,24.5,1,0,0,0
172,PAYMENT,17917.41,C89218091,24212.06,6294.6500000000015,M84955819,52721.05,70638.46,0,12.0,1,2,0,0
221,CASH_OUT,1824.56,C78178116,31952.82,30128.26,C69237889,10434.78,12259.34,0,65.3,1,2,0,0
385,CASH_OUT,1702.81,C23671503,177722.23,176019.42,C72098065,43771.62,45474.43,0,8.7,1,0,0,0
95,PAYMENT,2691.31,C77270477,49454.56,46763.25,M44784467,6781.65,9472.96,0,32.7,1,4,0,0
44,PAYMENT,1325.53,C91743655,105422.26,104096.73,M43583776,148398.04,149723.57,0,63.1,1,2,0,0
228,PAYMENT,552.24,C94632895,1411.01,858.77,M41360720,31812.69,32364.93,0,22.7,1,0,0,0
574,CASH_OUT,1520.52,C41586192,113622.21,112101.69,C46655742,6519.47,8039.99,0,41.4,1,0,0,0
317,PAYMENT,17287.39,C66060232,12005.65,0.0,M57428034,2736.23,20023.62,0,9.1,1,1,0,0
731,PAYMENT,663.92,C45337126,18913.79,18249.870000000003,M70974099,39690.38,40354.299999999996,0,67.6,1,1,0,0
335,CASH_OUT,22225.23,C50964238,3822.88,0.0,C14124261,41384.45,63609.67999999999,0,15.8,3,2,0,0
601,PAYMENT,773.0,C90766347,123299.4,122526.4,M83798755,154388.74,155161.74,0,65.3,3,2,0,0
624,CASH_OUT,2498.73,C33344950,37338.37,34839.64,C14209704,27465.0,29963.73,0,27.3,1,1,0,0
719,PAYMENT,61693.42,C50192436,4719.66,0.0,M10754343,16569.56,78262.98,0,50.5,1,2,0,0
467,PAYMENT,4994.62,C11657812,25328.16,20333.54,M14499324,49529.91,54524.530000000006,0,40.2,1,1,0,0
715,PAYMENT,3419.05,C16372794,23996.13,20577.08,M27136743,64840.28,68259.33,0,45.0,1,1,0,0
297,CASH_OUT,5863.08,C13930090,2608.19,0.0,C77732181,46394.5,52257.58,0,40.6,1,5,0,0
545,DEBIT,10914.88,C91006978,21356.79,10441.910000000002,C20850254,54396.74,65311.619999999995,0,31.2,2,1,0,0
489,CASH_OUT,400.93,C32339751,17328.97,16928.04,C98742923,47146.33,47547.26,0,20.0,1,5,0,0
215,TRANSFER,4433.62,C16477706,125953.32,121519.70000000001,C62319623,7635.71,12069.33,0,14.7,1,3,0,0
524,CASH_OUT,2876.56,C24415731,82197.1,79320.54000000001,C38944163,66557.74,69434.3,0,19.4,1,1,0,0
2,PAYMENT,36.62,C23412563,8722.92,8686.3,M47213559,39303.75,39340.37,0,49.3,2,3,0,0
661,PAYMENT,2824.64,C62076613,134087.88,131263.24,M54149647,19871.91,22696.55,0,43.2,1,2,0,0
654,DEBIT,304.22,C62171509,67965.63,67661.41,C59739629,43518.97,43823.19,0,19.2,1,1,0,0
207,PAYMENT,2213.89,C97870634,33750.37,31536.480000000003,M84880781,75025.13,77239.02,0,20.0,2,4,0,0
341,PAYMENT,10633.08,C95095464,28339.91,17706.83,M66819233,79292.56,89925.64,0,20.4,1,2,0,0
704,PAYMENT,336.52,C10110371,130757.99,130421.47,M67610329,16247.24,16583.76,0,15.3,1,4,0,0
407,PAYMENT,1460.07,C13045527,18229.01,16768.94,M41404125,5025.68,6485.75,0,48.1,1,1,0,0
306,PAYMENT,840.17,C69904312,23148.61,22308.440000000002,M36993623,10106.29,10946.460000000001,0,10.1,2,1,0,0
507,TRANSFER,14101.04,C81230966,58747.53,44646.49,C20405939,37350.13,51451.17,0,22.1,2,1,0,0
469,TRANSFER,672.0,C32975085,71207.46,70535.46,C48350035,29069.57,29741.57,0,9.1,1,3,0,0
716,DEBIT,2672.8,C26905341,19812.96,17140.16,C48354129,27270.54,29943.34,0,47.5,1,4,0,0
558,CASH_OUT,5633.43,C76196330,127557.4,121923.97,C80584276,14457.86,20091.29,0,18.0,1,3,0,0
495,PAYMENT,7097.22,C96011097,14792.79,7695.570000000001,M93165842,3147.72,10244.94,0,11.8,1,1,0,0
261,PAYMENT,316.08,C84244179,21347.12,21031.039999999997,M97477952,14323.39,14639.47,0,14.1,1,0,0,0
578,TRANSFER,1143.81,C72318032,10943.46,9799.65,C30157734,47093.06,48236.869999999995,0,30.3,1,4,0,0
662,TRANSFER,32291.27,C17080415,38510.82,6219.549999999999,C17892718,38913.3,71204.57,0,44.7,1,2,0,0
582,PAYMENT,1758.17,C78257800,361325.87,359567.7,M10489326,12953.11,14711.28,0,10.0,2,3,0,0
364,CASH_OUT,11553.33,C24242555,63302.05,51748.72,C52312585,59122.31,70675.64,0,36.2,2,1,0,0
514,TRANSFER,73450.86,C68768026,31868.35,0.0,C27796412,127770.51,201221.37,0,35.5,1,3,0,0
541,TRANSFER,1601.03,C55669013,203511.69,201910.66,C91404515,11644.0,13245.03,0,25.2,2,1,0,0
573,TRANSFER,8071.58,C63385712,2521.23,0.0,C12304411,61797.4,69868.98,0,31.6,2,7,0,0
612,PAYMENT,10063.64,C47112238,16836.72,6773.080000000002,M68366256,61753.06,71816.7,0,44.1,1,2,0,0
455,CASH_IN,156.75,C30455076,91044.19,90887.44,C96708564,30580.35,30737.1,0,50.7,1,3,0,0
144,CASH_OUT,3727.11,C35049833,37154.77,33427.659999999996,C39224419,403.12,4130.2300000000005,0,31.8,1,3,0,0
192,PAYMENT,27062.61,C94167593,235.38,0.0,M83323295,13940.44,41003.05,0,18.1,2,0,0,0
353,DEBIT,105.6,C83586200,30509.54,30403.940000000002,C16745288,1596.05,1701.6499999999999,0,31.3,1,1,0,0
299,TRANSFER,1472.71,C50296706,1102.93,0.0,C13990195,21013.51,22486.219999999998,0,26.6,1,5,0,0
460,DEBIT,2222.06,C67948674,42605.51,40383.450000000004,C10216865,33666.52,35888.579999999994,0,34.8,1,4,0,0
427,CASH_OUT,1511.84,C12819779,50084.5,48572.66,C57845766,23028.3,24540.14,0,25.8,1,2,0,1
716,TRANSFER,1259.35,C60770220,11245.28,9985.93,C29217365,47362.93,48622.28,0,5.2,2,3,0,0
31,PAYMENT,244.82,C32867689,215243.36,214998.53999999998,M40507438,10721.37,10966.19,0,28.7,1,1,0,0
332,PAYMENT,3618.01,C75855098,89729.41,86111.40000000001,M16702836,3250.05,6868.06,0,6.6,1,5,0,0
411,TRANSFER,472.44,C75363067,31165.46,30693.02,C71595043,7401.8,7874.24,0,34.2,1,5,0,0
52,CASH_OUT,494.36,C36251300,18520.81,18026.45,C79880587,12442.6,12936.960000000001,0,31.7,1,0,0,0
384,PAYMENT,60.53,C14644856,620.78,560.25,M63451869,11151.05,11211.58,0,34.0,1,0,0,0
243,PAYMENT,139.28,C63522377,59088.21,58948.93,M59897926,28813.58,28952.86,0,17.8,1,2,0,0
686,CASH_OUT,25856.8,C43280110,15250.44,0.0,C73335532,91351.5,117208.3,0,31.4,2,2,0,0
612,CASH_IN,2079.17,C50301784,25097.9,23018.730000000003,C51959980,17635.84,19715.010000000002,0,18.9,1,1,0,0
417,TRANSFER,6844.84,C95450881,27985.21,21140.37,C54083646,3526.13,10370.970000000001,0,19.7,1,3,0,0
475,PAYMENT,365.97,C14519240,96144.35,95778.38,M56425921,68586.45,68952.42,0,32.5,3,2,0,0
392,PAYMENT,54.61,C40674686,95326.86,95272.25,M70651109,651.93,706.54,0,42.4,1,2,0,0
389,PAYMENT,554.28,C70389469,74854.31,74300.03,M24494435,28987.92,29542.199999999997,0,18.5,1,4,0,0
573,CASH_IN,57.63,C72892632,72792.74,72735.11,C18577885,66230.42,66288.05,0,2.8,1,3,0,0
700,PAYMENT,512.44,C34121822,34134.36,33621.92,M79416724,33429.15,33941.590000000004,0,41.8,1,4,0,0
469,TRANSFER,14343.18,C32543373,78299.56,63956.38,C83546788,106463.62,120806.79999999999,0,18.4,1,3,0,0
408,PAYMENT,1513.72,C31292827,97646.55,96132.83,M56160969,1217.71,2731.4300000000003,0,13.6,1,4,0,0
519,TRANSFER,24543.23,C69663103,34501.52,9958.289999999997,C74043751,113757.64,138300.87,0,39.0,1,3,0,0
189,CASH_OUT,5046.07,C67743495,115325.23,110279.16,C20788692,55405.89,60451.96,0,24.1,1,3,0,0
595,CASH_OUT,12325.1,C21591462,232199.85,219874.75,C59002980,15873.41,28198.510000000002,0,24.4,1,0,0,0
351,PAYMENT,1166.74,C75333284,9635.69,8468.95,M69648836,39518.04,40684.78,0,23.6,1,3,0,0
283,PAYMENT,147.63,C92910746,193239.08,193091.44999999998,M71521968,33019.92,33167.549999999996,0,16.6,1,2,0,0
636,PAYMENT,290.5,C41598772,14101.1,13810.6,M69090105,96526.43,96816.93,0,49.1,2,5,0,0
157,CASH_IN,16410.28,C92353992,135928.58,119518.29999999999,C93732352,21296.08,37706.36,0,23.5,1,2,0,1
599,DEBIT,2493.84,C83169484,95226.94,92733.1,C60780497,4191.4,6685.24,0,24.2,1,5,0,0
148,TRANSFER,152.28,C12150078,123880.59,123728.31,C60152930,2846.7,2998.98,0,27.5,1,2,0,0
70,CASH_OUT,5819.66,C13293736,30904.85,25085.19,C64496938,21354.03,27173.69,0,41.2,1,4,0,0
370,CASH_OUT,109.43,C13016851,8188.45,8079.0199999999995,C83263512,169863.46,169972.88999999998,0,17.4,1,2,0,0
588,PAYMENT,4144.52,C31489847,12591.37,8446.85,M67972200,38587.05,42731.57000000001,0,13.0,2,5,0,0
626,CASH_IN,1134.87,C69128719,18170.18,17035.31,C32002533,54162.14,55297.01,0,35.2,2,2,0,0
515,TRANSFER,6252.39,C84002633,14365.35,8112.96,C82556321,131338.65,137591.04,0,26.6,2,3,0,0
234,TRANSFER,1124.02,C66965070,171144.87,170020.85,C41390203,43521.83,44645.85,0,32.4,1,2,0,0
679,TRANSFER,6669.57,C43129088,8484.33,1814.7600000000002,C64413483,36847.26,43516.83,0,25.1,1,1,0,0
611,PAYMENT,114.93,C35247984,57885.14,57770.21,M70929886,8352.02,8466.95,0,38.9,1,1,0,0
636,PAYMENT,3299.78,C56297727,35830.98,32531.200000000004,M68772391,13675.2,16974.98,0,36.1,3,2,0,0
467,CASH_OUT,813.08,C59574158,1740.28,927.1999999999999,C60013176,84786.17,85599.25,0,25.5,1,4,0,0
557,PAYMENT,3541.63,C89784695,11886.55,8344.919999999998,M73243108,28350.35,31891.98,0,12.8,1,3,0,0
287,CASH_OUT,1039.3,C52978255,135580.3,134541.0,C87843787,79699.4,80738.7,0,77.5,1,1,0,0
618,PAYMENT,361.41,C38053696,84865.52,84504.11,M49261703,637.34,998.75,0,23.2,2,3,0,0
294,TRANSFER,1496.93,C33343186,44089.19,42592.26,C95208342,28209.2,29706.13,0,48.3,1,5,0,0
481,PAYMENT,16776.05,C51193287,3991.79,0.0,M63256927,15150.19,31926.239999999998,0,17.3,1,1,0,0
134,TRANSFER,609.86,C27762771,7456.16,6846.3,C40382933,13167.33,13777.19,0,45.2,1,3,0,0
8,CASH_OUT,2590.79,C97523192,65578.29,62987.49999999999,C62806902,78925.62,81516.40999999999,0,30.3,2,1,0,0
28,PAYMENT,537.94,C15911302,70746.78,70208.84,M33236008,72859.2,73397.14,0,12.2,1,1,0,0
735,TRANSFER,52.67,C48500849,158620.68,158568.00999999998,C23213664,90540.39,90593.06,0,3.9,1,2,0,0
520,TRANSFER,2069.65,C14868921,11508.0,9438.35,C83152236,22448.98,24518.63,0,8.2,1,2,0,0
310,CASH_OUT,1500000.0,C18980363,52357.63,0.0,C54115104,130370.46,1630370.46,1,11.1,1,2,0,0
646,CASH_IN,162.92,C67651511,28179.67,28016.75,C85491699,15464.38,15627.3,0,22.0,1,1,0,0
541,CASH_OUT,10151.52,C21387414,6043.53,0.0,C10257675,180984.14,191135.66,0,16.5,1,5,0,0
627,PAYMENT,25.33,C45204328,20485.23,20459.899999999998,M46577544,56610.74,56636.07,0,13.7,1,1,0,0
494,PAYMENT,1636.94,C40697663,22899.4,21262.460000000003,M21001868,42492.46,44129.4,0,44.6,1,1,0,0
34,PAYMENT,147.39,C72249443,30206.15,30058.760000000002,M15433302,88675.69,88823.08,0,20.4,1,2,0,0
7,TRANSFER,3938.59,C78289625,17338.58,13399.990000000002,C32168745,39944.4,43882.990000000005,0,9.3,1,2,0,0
40,PAYMENT,669.08,C98065215,40222.41,39553.33,M20600233,21785.48,22454.56,0,28.8,1,3,0,0
330,TRANSFER,626.98,C53831463,46628.0,46001.02,C68934552,17934.5,18561.48,0,18.3,2,0,0,0
62,TRANSFER,235.38,C43751000,26619.16,26383.78,C74227879,6064.1,6299.4800000000005,0,2.0,3,5,0,0
86,PAYMENT,37.75,C64436445,23371.76,23334.01,M82055389,26209.37,26247.12,0,16.8,2,3,0,0
725,CASH_OUT,1064.62,C69207018,53284.32,52219.7,C35866198,62337.69,63402.310000000005,0,11.9,2,1,0,0
116,PAYMENT,503.24,C62794852,2786.4,2283.16,M37269742,5926.18,6429.42,0,65.2,1,5,0,0
577,PAYMENT,853.77,C70458367,100648.84,99795.06999999999,M68922062,104915.65,105769.42,0,29.4,2,1,0,0
297,CASH_OUT,976.68,C53896352,183713.9,182737.22,C63960049,9954.58,10931.26,0,43.9,1,2,0,0
379,TRANSFER,398.31,C77681643,2844.87,2446.56,C56622132,129433.07,129831.38,0,33.7,1,0,0,0
682,CASH_OUT,2239.34,C17916387,61752.52,59513.17999999999,C64309869,24406.84,26646.18,0,36.7,1,1,0,0
628,TRANSFER,1220.68,C49277683,14533.53,13312.85,C87743734,5968.48,7189.16,0,25.9,1,1,0,1
322,PAYMENT,7989.89,C92413674,28107.55,20117.66,M83547906,4756.48,12746.369999999999,0,6.6,1,3,0,0
628,CASH_OUT,130970.03,C17003124,15779.58,0.0,C27554125,43412.49,174382.52,0,57.9,1,5,0,0
733,CASH_OUT,2726.12,C60036610,12055.61,9329.490000000002,C93414154,66608.87,69334.98999999999,0,48.5,1,0,0,0
395,CASH_OUT,13259.25,C30708130,29078.84,15819.59,C85284927,2361.54,15620.79,0,0.5,1,3,0,0
357,PAYMENT,2266.03,C64684305,23229.59,20963.56,M25132609,98935.73,101201.76,0,13.3,1,1,0,0
562,TRANSFER,4178.45,C48205469,27738.09,23559.64,C53282282,1570.91,5749.36,0,4.7,1,3,0,0
419,TRANSFER,1005.46,C46710712,82534.81,81529.34999999999,C29504628,31499.58,32505.04,0,46.2,1,6,0,0
478,PAYMENT,1503.41,C32825490,192331.85,190828.44,M93099118,28994.94,30498.35,0,24.2,1,2,0,0
336,CASH_IN,432.12,C49436577,7735.21,7303.09,C55608821,65497.06,65929.18,0,18.6,1,2,0,0
591,PAYMENT,23197.76,C42535427,68147.85,44950.09000000001,M44093349,34881.53,58079.28999999999,0,14.2,1,1,0,0
20,CASH_IN,10324.88,C66780823,39825.58,29500.700000000004,C57945610,16433.66,26758.54,0,23.3,2,4,0,0
412,TRANSFER,2861.95,C84619974,23341.88,20479.93,C92809851,34730.41,37592.36,0,20.0,1,4,0,0
549,PAYMENT,285.58,C81391215,54024.85,53739.27,M28069301,120828.83,121114.41,0,18.1,1,7,0,0
259,TRANSFER,1315.95,C30927790,106653.07,105337.12000000001,C74981256,5237.1,6553.05,0,38.3,1,1,0,0
605,DEBIT,10315.65,C14282737,51292.5,40976.85,C82901758,42767.74,53083.39,0,25.1,2,5,0,0
699,CASH_OUT,147663.17,C25077655,60808.0,0.0,C10314198,7363.37,155026.54,0,26.0,1,4,0,0
357,CASH_OUT,2077.56,C75135119,8022.66,5945.1,C19687328,9154.17,11231.73,0,36.9,1,1,0,0
201,CASH_OUT,16412.46,C93221784,62399.39,45986.93,C62773920,143743.03,160155.49,0,41.1,1,2,0,0
411,CASH_OUT,2470.31,C22150866,213884.4,211414.09,C89907458,69942.04,72412.34999999999,0,33.5,1,3,0,0
288,CASH_OUT,17969.11,C70045209,160445.95,142476.84000000003,C11770142,96816.59,114785.7,0,5.7,2,4,0,0
48,PAYMENT,41.98,C54949408,26313.39,26271.41,M74747376,6592.3,6634.28,0,23.8,1,4,0,0
558,TRANSFER,383.83,C40765389,106963.7,106579.87,C46010046,21317.58,21701.410000000003,0,30.1,3,2,0,0
370,PAYMENT,3178.06,C65108331,44746.76,41568.700000000004,M22730674,58266.04,61444.1,0,35.9,1,5,0,0
231,CASH_IN,202.31,C37915222,6294.75,6092.44,C90347606,41791.35,41993.659999999996,0,1.6,1,3,0,0
95,CASH_IN,3881.66,C50467097,191294.32,187412.66,C22775986,6549.58,10431.24,0,6.7,3,0,0,0
303,PAYMENT,1941.21,C81918663,47490.82,45549.61,M67442180,23132.06,25073.27,0,15.5,1,1,0,0
218,CASH_OUT,100.49,C13607125,5595.48,5494.99,C32105858,11119.99,11220.48,0,41.1,1,0,0,0
552,CASH_IN,71.83,C25191450,42460.95,42389.119999999995,C73647008,16502.75,16574.58,0,28.3,2,3,0,0
387,PAYMENT,3292.34,C91643997,63907.73,60615.39,M84894685,97680.89,100973.23,0,31.1,1,1,0,0
715,TRANSFER,229.35,C49806561,13541.85,13312.5,C92066731,11307.3,11536.65,0,9.2,2,4,0,0
628,CASH_IN,793.93,C88465217,57354.97,56561.04,C11085371,18864.39,19658.32,0,46.3,1,2,0,0
91,PAYMENT,5629.08,C81271625,168971.12,163342.04,M25682078,29153.64,34782.72,0,18.5,1,4,0,0
58,CASH_OUT,1560.25,C72625624,13175.3,11615.05,C77069159,2945.42,4505.67,0,30.4,3,1,0,0
434,PAYMENT,844.4,C23060704,33750.27,32905.869999999995,M63144703,87841.24,88685.64,0,47.4,2,1,0,1
522,CASH_IN,117.89,C61106856,18844.54,18726.65,C37501948,24966.03,25083.92,0,10.6,1,3,0,0
483,CASH_IN,26894.13,C36530970,24543.17,0.0,C34917650,17864.83,44758.96000000001,0,32.3,1,3,0,0
367,CASH_IN,7704.68,C15049715,90734.01,83029.32999999999,C49449632,25966.26,33670.94,0,17.0,2,5,0,0
407,TRANSFER,566.96,C43841626,86732.57,86165.61,C54912501,44946.04,45513.0,0,37.2,1,3,0,0
518,DEBIT,355.82,C17058612,419.14,63.31999999999999,C24763840,37798.36,38154.18,0,32.6,1,3,0,0
331,CASH_OUT,657.61,C62590314,6509.87,5852.26,C57305042,34448.26,35105.87,0,17.4,3,0,0,0
700,PAYMENT,310.29,C39518812,21462.85,21152.559999999998,M10090524,14558.95,14869.240000000002,0,21.9,1,3,0,0
235,CASH_OUT,1059.94,C44243501,18051.13,16991.190000000002,C54832569,22823.47,23883.41,0,12.0,1,2,0,0
411,PAYMENT,13482.66,C37459791,4912.98,0.0,M52045469,47797.8,61280.46000000001,0,31.9,1,1,0,0
183,TRANSFER,11169.16,C54792462,58182.77,47013.61,C30718064,82754.32,93923.48000000001,0,23.3,1,5,0,0
287,PAYMENT,11102.09,C19180128,51458.49,40356.399999999994,M16829642,5878.34,16980.43,0,6.9,2,3,0,1
123,PAYMENT,174.95,C85652683,14259.19,14084.24,M42178180,73158.57,73333.52,0,41.7,2,2,0,0
158,PAYMENT,280.25,C22711629,22444.8,22164.55,M37848286,63733.73,64013.98,0,12.1,2,3,0,0
323,CASH_OUT,10222.3,C25108361,33468.08,23245.780000000002,C69803056,54261.27,64483.56999999999,0,29.2,1,3,0,0
13,PAYMENT,4070.28,C30761513,2317.42,0.0,M73248124,24925.64,28995.92,0,13.8,1,0,0,0
566,CASH_OUT,826.94,C34654662,8408.95,7582.01,C92914300,33176.26,34003.200000000004,0,6.6,2,3,0,0
555,PAYMENT,6507.66,C28897099,52038.61,45530.95,M82724930,26026.28,32533.94,0,38.5,2,0,0,0
621,PAYMENT,4485.53,C28975265,33243.14,28757.61,M54238489,28633.16,33118.69,0,25.4,1,3,0,0
678,TRANSFER,114.57,C27662558,45873.78,45759.21,C81491204,38343.36,38457.93,0,40.3,1,2,0,0
618,CASH_OUT,31.05,C17755141,181161.88,181130.83000000002,C79572254,27172.6,27203.649999999998,0,5.0,1,2,0,0
563,PAYMENT,1766.25,C15955843,70428.1,68661.85,M24657693,32489.05,34255.3,0,42.1,2,3,0,0
204,CASH_OUT,37.08,C49176079,172465.43,172428.35,C62649288,43373.86,43410.94,0,32.5,1,3,0,0
302,DEBIT,12991.5,C96810077,44696.02,31704.519999999997,C52060665,12681.29,25672.79,0,34.7,1,4,0,0
43,CASH_OUT,4532.03,C66624767,73.36,0.0,C60969364,50235.48,54767.51,0,34.8,1,3,0,0
597,PAYMENT,932.39,C50633530,4923.42,3991.03,M95005188,140643.08,141575.47,0,19.5,2,2,0,0
729,PAYMENT,196.69,C23941314,59698.02,59501.329999999994,M95698454,8729.55,8926.24,0,10.5,1,2,0,0
670,DEBIT,334.91,C63798263,18197.06,17862.15,C66694942,100282.83,100617.74,0,42.7,1,1,0,0
506,PAYMENT,7.77,C62782898,26702.39,26694.62,M73268820,22056.59,22064.36,0,14.8,1,2,0,0
639,DEBIT,22242.87,C65664476,56260.84,34017.97,C20416562,98959.82,121202.69,0,41.8,3,4,0,0
191,TRANSFER,2563.45,C98281100,20280.88,17717.43,C57552463,21744.63,24308.08,0,68.7,1,0,0,0
60,CASH_IN,1307.05,C27803327,103437.31,102130.26,C77805318,50112.02,51419.07,0,27.4,3,0,0,0
466,CASH_OUT,49175.76,C20557770,24504.29,0.0,C26367134,32634.77,81810.53,0,67.8,1,1,0,0
379,CASH_IN,328.1,C20762375,2266.8,1938.7000000000003,C31202901,55425.03,55753.13,0,51.4,1,5,0,0
429,TRANSFER,1257.41,C18288107,207414.32,206156.91,C38760052,48353.46,49610.87,0,30.3,1,3,0,0
62,CASH_OUT,517.2,C27411492,33640.05,33122.850000000006,C60261150,127803.45,128320.65,0,8.7,1,6,0,0
302,TRANSFER,76525.28,C14660380,21580.85,0.0,C37414030,13645.87,90171.15,0,54.7,2,4,0,0
638,TRANSFER,1074.44,C82432009,114712.06,113637.62,C64380485,106379.31,107453.75,0,72.2,2,2,0,0
172,CASH_OUT,2522.98,C32776822,98617.86,96094.88,C92453571,11631.36,14154.34,0,8.0,1,2,0,0
505,DEBIT,33438.71,C21545134,1927.53,0.0,C75504279,61747.72,95186.43,0,10.9,1,2,0,0
63,CASH_IN,12730.26,C78332710,82627.56,69897.3,C41118879,26909.83,39640.090000000004,0,10.5,1,1,0,0
16,CASH_OUT,96.98,C61955399,33664.19,33567.21,C66659995,2993.22,3090.2,0,52.4,1,1,0,0
691,TRANSFER,1025.63,C98154457,55958.42,54932.79,C67744152,1406.75,2432.38,0,16.9,1,2,0,0
101,TRANSFER,1593.43,C88130049,7888.56,6295.13,C20273012,29390.61,30984.04,0,6.5,1,1,0,0
176,CASH_OUT,2413.5,C95358051,55051.14,52637.64,C96117613,1413.94,3827.44,0,30.1,1,3,0,0
193,PAYMENT,3187.99,C49102975,13074.49,9886.5,M52805618,117037.91,120225.90000000001,0,21.1,1,2,0,0
273,PAYMENT,353.92,C51809762,6241.33,5887.41,M47963622,7216.92,7570.84,0,60.2,1,1,0,0
467,TRANSFER,28295.7,C56542986,7231.7,0.0,C61534071,26548.06,54843.76,0,25.6,1,7,0,1
175,PAYMENT,4033.43,C82984177,17829.23,13795.8,M93372834,18957.13,22990.56,0,18.5,1,2,0,0
234,PAYMENT,5829.54,C28870044,239276.67,233447.13,M26382156,29739.23,35568.77,0,18.6,3,1,0,0
216,PAYMENT,21396.72,C93847126,2790.64,0.0,M11544693,9350.49,30747.21,0,6.1,1,2,0,0
491,PAYMENT,2974.85,C98498052,20092.15,17117.300000000003,M20283860,80499.24,83474.09000000001,0,5.0,1,4,0,0
417,PAYMENT,1241.2,C36687511,37227.91,35986.71000000001,M75709097,514.99,1756.19,0,67.6,1,2,0,0
533,CASH_IN,940.72,C79538896,11590.3,10649.58,C46605156,33902.72,34843.44,0,39.8,1,0,0,0
451,TRANSFER,1205.85,C56252582,162992.6,161786.75,C48566211,17065.65,18271.5,0,46.2,1,3,0,0
280,TRANSFER,1351.96,C97756459,30861.77,29509.81,C10519471,9642.76,10994.720000000001,0,40.9,1,3,0,0
244,CASH_OUT,57.9,C23783872,58999.37,58941.47,C20917669,9612.67,9670.57,0,25.1,1,0,0,0
675,PAYMENT,591.21,C58524939,22311.78,21720.57,M61770553,8111.27,8702.48,0,3.0,1,0,0,0
146,CASH_IN,252.67,C71393125,10795.93,10543.26,C10326924,36917.29,37169.96,0,59.7,1,2,0,0
67,CASH_OUT,46.91,C96462388,18092.35,18045.44,C21272654,88826.32,88873.23000000001,0,50.2,1,3,0,0
103,PAYMENT,2398.06,C59764587,16402.8,14004.74,M50311392,20284.05,22682.11,0,23.4,2,2,0,0
310,TRANSFER,4016.95,C71171791,94046.18,90029.23,C79067174,7204.49,11221.439999999999,0,43.2,1,3,0,0
637,DEBIT,383.61,C48342179,743.54,359.92999999999995,C58017911,2161.16,2544.77,0,23.7,2,2,0,0
117,CASH_IN,1091.97,C15851138,112047.79,110955.81999999999,C92650808,68354.3,69446.27,0,8.5,1,4,0,0
472,TRANSFER,5005.18,C30835251,24952.57,19947.39,C56561682,10057.32,15062.5,0,31.1,1,2,0,0
321,CASH_OUT,1050.78,C77573543,47963.83,46913.05,C85219084,53150.69,54201.47,0,39.7,1,1,0,0
435,PAYMENT,1414.47,C22323908,81882.82,80468.35,M39794908,30170.56,31585.030000000002,0,31.7,1,2,0,0
370,CASH_IN,1163.88,C15837599,30900.9,29737.02,C37253763,40511.05,41674.93,0,19.5,2,2,0,0
738,PAYMENT,5340.27,C80415120,4859.21,0.0,M25331203,34320.4,39660.67,0,49.8,2,4,0,0
700,CASH_IN,1754.25,C12850631,39011.36,37257.11,C13916097,121412.0,123166.25,0,28.1,1,2,0,0
187,CASH_OUT,1006.65,C57019202,6481.5,5474.85,C55332073,4324.77,5331.42,0,30.3,1,0,0,0
588,CASH_OUT,769.23,C59606880,87055.55,86286.32,C53883622,42949.77,43719.0,0,35.5,2,1,0,0
469,TRANSFER,400.4,C61825078,52190.67,51790.27,C14988736,4882.77,5283.17,0,34.0,1,2,0,0
661,PAYMENT,5296.32,C18889321,44842.07,39545.75,M90883686,8634.59,13930.91,0,46.0,1,2,0,0
707,PAYMENT,5009.02,C44023727,19.38,0.0,M88673400,44840.8,49849.82000000001,0,15.7,2,1,0,0
473,PAYMENT,1788.34,C31881359,161034.89,159246.55000000002,M65473326,38589.69,40378.03,0,15.5,2,1,0,0
556,PAYMENT,9781.39,C23670274,6982.17,0.0,M84588429,26615.21,36396.6,0,20.9,1,1,0,0
454,CASH_OUT,1843.52,C10462871,10134.09,8290.57,C21234360,59368.83,61212.35,0,27.5,1,3,0,0
446,TRANSFER,3242.89,C34794218,214004.93,210762.03999999998,C29536545,47148.79,50391.68,0,27.2,1,4,0,0
682,PAYMENT,648.54,C86315850,4689.78,4041.24,M64687339,2418.86,3067.4,0,43.5,2,1,0,0
94,CASH_IN,15651.34,C13370276,67671.18,52019.84,C27004413,42504.74,58156.08,0,47.7,1,8,0,0
736,DEBIT,2420.6,C52445240,4988.91,2568.31,C26563955,19586.09,22006.69,0,47.3,1,3,0,0
38,CASH_IN,3626.1,C28095869,65990.36,62364.26,C27534211,25488.12,29114.219999999998,0,40.1,1,5,0,0
482,CASH_IN,2038.88,C34227188,110085.02,108046.14,C29803571,29644.24,31683.120000000003,0,19.9,3,1,0,0
111,PAYMENT,2104.21,C40687035,21515.72,19411.510000000002,M65866583,16330.21,18434.42,0,8.1,1,4,0,0
410,TRANSFER,2892.4,C46687782,18725.19,15832.789999999999,C60586039,23771.07,26663.47,0,26.8,2,3,0,0
168,CASH_OUT,44.86,C44035440,135151.53,135106.67,C51055231,32942.44,32987.3,0,42.4,2,3,0,0
566,CASH_OUT,3877.66,C94073379,3879.18,1.5199999999999818,C32774907,2434.34,6312.0,0,21.8,2,5,0,0
397,PAYMENT,502.19,C47636579,21350.78,20848.59,M34118489,34044.53,34546.72,0,20.3,2,4,0,0
127,CASH_OUT,1192.0,C87485262,52911.15,51719.15,C79303730,17112.25,18304.25,0,20.2,1,1,0,0
42,PAYMENT,555.25,C44808224,58155.87,57600.62,M20487715,33996.84,34552.09,0,67.4,2,0,0,0
41,PAYMENT,8066.71,C30668960,30166.97,22100.260000000002,M46687185,23567.64,31634.35,0,13.3,1,4,0,0
562,TRANSFER,434.41,C64208516,96086.84,95652.43,C54723951,8094.3,8528.710000000001,0,12.8,2,2,0,0
487,TRANSFER,1063.99,C72523506,94513.66,93449.67,C75303515,4622.03,5686.0199999999995,0,17.5,1,2,0,0
671,TRANSFER,561.89,C28419714,84931.99,84370.1,C52599521,83109.64,83671.53,0,48.7,2,4,0,0
399,PAYMENT,475.6,C93254250,9363.02,8887.42,M22723324,20120.44,20596.039999999997,0,30.4,2,1,0,0
182,DEBIT,485.51,C56061342,52019.55,51534.04,C24394296,38294.41,38779.920000000006,0,19.3,1,3,0,0
181,PAYMENT,193.1,C45895086,95184.89,94991.79,M56711219,3559.7,3752.7999999999997,0,39.4,1,3,0,0
678,PAYMENT,656.01,C26076955,4950.84,4294.83,M72528596,21180.38,21836.39,0,65.6,1,3,0,0
718,DEBIT,2557.59,C13537028,14024.51,11466.92,C50768068,49165.32,51722.91,0,46.9,1,6,0,0
464,CASH_IN,350.55,C16133520,190790.32,190439.77000000002,C86885783,138970.43,139320.97999999998,0,15.6,1,4,0,0
50,DEBIT,2267.07,C87227572,30983.26,28716.19,C51703360,32402.57,34669.64,0,38.7,1,1,0,0
408,CASH_OUT,4692.42,C95964598,37772.03,33079.61,C82843487,7715.0,12407.42,0,6.6,1,1,0,0
401,CASH_OUT,1410.48,C29528271,21560.02,20149.54,C20243721,509.85,1920.33,0,8.7,1,2,0,0
146,TRANSFER,212.11,C65328444,24894.71,24682.6,C64933945,17488.94,17701.05,0,40.5,2,1,0,0
298,PAYMENT,76.21,C59467039,112462.8,112386.59,M30553336,20840.78,20916.989999999998,0,6.0,1,4,0,0
145,TRANSFER,7761.48,C71699101,11737.84,3976.3600000000006,C98137047,27591.49,35352.97,0,33.8,1,3,0,1
16,TRANSFER,29077.02,C87387495,16366.14,0.0,C65280553,159.69,29236.71,0,34.1,1,4,0,0
85,PAYMENT,22876.57,C34202532,34723.03,11846.46,M16200028,51437.76,74314.33,0,59.7,1,2,0,0
216,CASH_OUT,3110.02,C78336999,18594.62,15484.599999999999,C62483609,42591.12,45701.14,0,16.2,1,2,0,0
482,TRANSFER,3159.69,C79842208,111575.27,108415.58,C21147716,723.71,3883.4,0,5.2,1,1,0,0
52,PAYMENT,1220.48,C99755288,50117.83,48897.35,M25695043,16234.69,17455.170000000002,0,48.4,1,6,0,0
548,PAYMENT,1182.87,C95846480,35032.97,33850.1,M27143728,18357.53,19540.399999999998,0,29.7,2,2,0,0
107,CASH_OUT,487.8,C72874360,46325.78,45837.979999999996,C50668700,13359.72,13847.519999999999,0,3.5,1,2,0,0
219,PAYMENT,394.14,C10634114,1001.46,607.32,M25381319,14044.27,14438.41,0,29.0,1,2,0,0
337,DEBIT,62.18,C50611857,67692.29,67630.11,C24569671,22732.91,22795.09,0,19.2,1,4,0,0
371,TRANSFER,6373.24,C23554986,20430.77,14057.53,C30968010,48449.94,54823.18,0,27.5,1,2,0,0
254,TRANSFER,4872.33,C96250374,46849.63,41977.299999999996,C16582627,45053.71,49926.04,0,34.3,1,2,0,0
405,TRANSFER,913.85,C84784813,89243.17,88329.31999999999,C91030077,21127.78,22041.629999999997,0,36.7,1,3,0,0
580,CASH_OUT,17354.84,C59595342,21193.27,3838.4300000000003,C66554162,38815.69,56170.53,0,37.2,3,0,0,0
699,PAYMENT,100844.26,C90432841,1883.19,0.0,M63762572,2896.1,103740.36,0,27.2,1,2,0,0
636,CASH_OUT,123.98,C55071567,48.52,0.0,C50001642,58687.94,58811.920000000006,0,27.1,1,3,0,0
30,TRANSFER,5017.02,C59719193,98245.47,93228.45,C87165047,23300.9,28317.920000000002,0,30.6,1,3,0,0
185,PAYMENT,1739.85,C78716436,39540.9,37801.05,M96814831,3757.69,5497.54,0,47.9,1,3,0,0
289,DEBIT,32804.87,C42685756,52555.61,19750.739999999998,C75774841,18716.19,51521.06,0,16.4,1,4,0,0
359,CASH_OUT,709.39,C66958985,45415.13,44705.74,C49254841,49290.77,50000.159999999996,0,4.1,3,6,0,0
474,CASH_OUT,12230.79,C71765578,9256.7,0.0,C13185278,5262.6,17493.39,0,49.5,1,2,0,0
565,DEBIT,6246.94,C21836499,1949.7,0.0,C71598162,67444.06,73691.0,0,42.9,1,1,0,0
400,DEBIT,14402.19,C35631841,13932.92,0.0,C84324525,49269.1,63671.29,0,32.0,3,2,0,0
689,CASH_OUT,490.8,C80396582,234928.02,234437.22,C71338351,3471.73,3962.53,0,19.9,1,2,0,0
133,CASH_OUT,903.12,C76251411,27046.29,26143.170000000002,C47346272,153777.16,154680.28,0,48.6,3,4,0,0
502,CASH_OUT,4672.39,C11789169,129565.08,124892.69,C65696652,114972.27,119644.66,0,38.0,2,1,0,0
503,CASH_OUT,13858.72,C18059803,15072.71,1213.9899999999998,C66369567,5668.87,19527.59,0,2.6,1,4,0,0
77,CASH_OUT,2695.42,C69186281,62831.89,60136.47,C22004396,9070.42,11765.84,0,25.9,1,4,0,0
350,CASH_OUT,59.29,C46913667,1319.41,1260.1200000000001,C69801786,17068.38,17127.670000000002,0,10.8,1,2,0,0
60,PAYMENT,15290.69,C88065889,660.01,0.0,M30491437,183016.26,198306.95,0,31.8,1,2,0,0
455,DEBIT,18628.71,C15815329,31357.07,12728.36,C47529200,48887.06,67515.76999999999,0,35.7,2,3,0,0
465,DEBIT,672.82,C71547899,52360.89,51688.07,C32920668,98380.26,99053.08,0,26.9,1,6,0,0
311,PAYMENT,8361.96,C92381778,163826.59,155464.63,M24854972,12913.93,21275.89,0,26.9,1,1,0,0
91,CASH_OUT,4384.25,C57323530,1507.61,0.0,C28432649,81611.65,85995.9,0,5.9,1,1,0,0
298,PAYMENT,363.41,C98773521,220613.33,220249.91999999998,M54380691,4681.99,5045.4,0,33.4,1,2,0,0
325,PAYMENT,8946.16,C18823993,31915.11,22968.95,M74100319,216015.76,224961.92,0,67.3,2,1,0,0
280,CASH_OUT,1673.16,C98597834,72703.8,71030.64,C39909083,4511.24,6184.4,0,35.8,1,4,0,0
711,PAYMENT,156.87,C49630401,51963.33,51806.46,M50158458,22927.51,23084.379999999997,0,54.4,1,3,0,0
118,CASH_OUT,9110.43,C21633403,14236.69,5126.26,C14409653,68559.48,77669.91,0,23.1,1,2,1,0
695,CASH_OUT,81360.29,C92667386,20213.42,0.0,C47232103,76161.6,157521.89,0,14.5,1,0,0,0
567,TRANSFER,28.62,C39802145,44715.84,44687.219999999994,C71635767,79529.23,79557.84999999999,0,13.8,1,2,0,0
271,PAYMENT,3135.27,C97481166,5066.75,1931.48,M76162357,13514.41,16649.68,0,39.3,1,2,0,0
517,PAYMENT,2920.28,C24443046,74520.51,71600.23,M89835888,43209.53,46129.81,0,26.2,1,0,0,0
101,CASH_OUT,226.45,C93081859,80368.04,80141.59,C33484602,9440.02,9666.470000000001,0,60.2,1,5,0,0
388,CASH_IN,11469.26,C18035600,85916.57,74447.31000000001,C30428894,27263.79,38733.05,0,25.0,1,2,0,0
286,CASH_OUT,253.33,C13756824,94386.59,94133.26,C47620434,75357.43,75610.76,0,13.5,2,1,0,0
53,PAYMENT,2104.85,C89942407,58412.83,56307.98,M91922070,21107.32,23212.17,0,21.8,1,4,0,0
730,CASH_OUT,469.95,C92833336,68117.47,67647.52,C39711208,4658.49,5128.44,0,9.9,1,4,0,0
240,TRANSFER,285.3,C49311208,44420.31,44135.009999999995,C10664697,964.06,1249.36,0,13.5,1,3,0,0
214,CASH_OUT,3527.13,C73095578,12852.59,9325.46,C42373886,92059.34,95586.47,0,21.5,1,2,0,0
616,PAYMENT,502.16,C52284855,4334.77,3832.6100000000006,M45088351,5265.55,5767.71,0,13.0,1,1,0,0
361,CASH_OUT,18121.7,C19048222,9834.51,0.0,C22854640,83513.38,101635.08,0,11.0,1,1,0,0
364,TRANSFER,1880.58,C88705223,10728.19,8847.61,C16278433,3941.26,5821.84,0,30.6,2,5,0,0
734,CASH_IN,8505.32,C31343035,70918.26,62412.939999999995,C92920340,11063.47,19568.79,0,61.2,1,3,0,0
701,PAYMENT,7607.98,C40289992,147584.32,139976.34,M23713294,52125.7,59733.67999999999,0,45.2,1,3,0,0
327,CASH_OUT,15368.38,C31515051,84218.37,68849.98999999999,C92844445,7681.54,23049.92,0,24.2,1,4,0,1
476,CASH_IN,1071.46,C23068010,242706.18,241634.72,C78191719,85972.85,87044.31000000001,0,55.7,1,2,0,0
611,PAYMENT,1452.18,C94503552,2232.1,779.9199999999998,M93355154,10194.23,11646.41,0,27.3,1,2,0,0
97,CASH_IN,365.74,C92007651,1630.63,1264.89,C22994690,18362.15,18727.890000000003,0,31.6,1,2,0,0
327,CASH_OUT,2324.71,C31862621,57529.37,55204.66,C13759791,80686.83,83011.54000000001,0,23.5,2,2,0,0
73,PAYMENT,428.9,C82662895,1297.04,868.14,M13578832,16799.19,17228.09,0,6.2,2,3,0,0
256,PAYMENT,13966.95,C91757296,110695.25,96728.3,M60827389,35532.93,49499.880000000005,0,20.4,1,3,0,0
743,CASH_OUT,347.37,C30171573,31949.34,31601.97,C43043384,15658.72,16006.09,0,16.1,1,3,0,0
170,PAYMENT,825.46,C22474609,129120.02,128294.56,M24645942,26053.85,26879.309999999998,0,47.3,1,0,0,0
333,TRANSFER,4821.9,C83477487,14374.34,9552.44,C84671799,25430.71,30252.61,0,43.4,3,4,0,0
157,PAYMENT,4484.26,C68855181,51418.16,46933.9,M73312280,25825.57,30309.83,0,10.0,2,2,0,1
419,CASH_OUT,230.22,C81270200,60041.27,59811.049999999996,C78551507,18284.89,18515.11,0,27.1,1,1,0,0
458,PAYMENT,613.54,C54888617,16932.05,16318.509999999998,M24391160,51280.79,51894.33,0,10.1,1,2,0,0
734,DEBIT,1038.6,C88401773,22884.56,21845.960000000003,C86287694,16799.52,17838.12,0,36.6,2,1,0,0
99,CASH_IN,1335.8,C24940739,40086.88,38751.079999999994,C92439760,5861.3,7197.1,0,13.8,2,5,0,0
732,CASH_IN,2577.87,C11627661,24196.41,21618.54,C35524871,36387.19,38965.060000000005,0,38.2,1,2,0,0
244,CASH_OUT,7034.64,C74724927,33816.61,26781.97,C20168100,13034.31,20068.95,0,31.1,2,3,0,0
477,PAYMENT,1403.71,C39520807,30440.8,29037.09,M98604415,1581.5,2985.21,0,50.8,2,5,0,0
441,CASH_OUT,2139.56,C32334243,54829.47,52689.91,C67486877,1849.12,3988.68,0,26.6,1,2,0,0
194,PAYMENT,439.97,C98862126,4241.28,3801.3099999999995,M45824630,26775.89,27215.86,0,21.3,2,3,0,0
375,PAYMENT,26971.53,C10997378,156892.35,129920.82,M39623024,137948.23,164919.76,0,22.6,1,2,0,0
662,PAYMENT,3793.91,C16043717,5426.45,1632.54,M97491259,3241.39,7035.299999999999,0,25.4,1,4,0,0
367,TRANSFER,1082.4,C25214868,20632.52,19550.12,C73143203,16098.0,17180.4,0,9.6,1,5,0,0
155,CASH_OUT,16524.63,C84788746,437.04,0.0,C23206829,1602.3,18126.93,0,14.9,1,1,0,0
499,CASH_OUT,3522.16,C69785818,84646.23,81124.06999999999,C93400973,39915.82,43437.979999999996,0,23.4,1,3,0,0
534,TRANSFER,2686.26,C29239901,5968.04,3281.7799999999997,C39733520,34553.93,37240.19,0,6.5,2,3,0,1
458,PAYMENT,1823.68,C73967629,16320.61,14496.93,M35328766,13329.4,15153.08,0,10.5,1,4,0,1
628,CASH_IN,11257.63,C31182894,30052.29,18794.660000000003,C44791486,57056.68,68314.31,0,44.4,1,2,0,0
113,TRANSFER,32978.38,C31948753,92887.1,59908.72000000001,C53032829,1182.58,34160.96,0,66.5,1,2,0,0
723,TRANSFER,10920.05,C60081067,72888.95,61968.899999999994,C75568242,5373.44,16293.489999999998,0,26.4,3,1,0,0
24,PAYMENT,1916.83,C69486120,8121.64,6204.81,M76707759,2396.21,4313.04,0,23.2,1,4,0,0
283,CASH_OUT,20150.34,C81318591,29589.75,9439.41,C77106839,16504.15,36654.490000000005,0,25.5,1,1,0,0
292,CASH_OUT,1130.93,C89700851,20228.39,19097.46,C91204614,28149.69,29280.62,0,7.1,1,1,0,0
363,PAYMENT,369.58,C28124031,148299.98,147930.40000000002,M10312733,13685.91,14055.49,0,33.2,1,1,0,0
401,PAYMENT,7767.88,C11979510,96808.08,89040.2,M71078496,15123.83,22891.71,0,41.1,2,2,0,0
568,CASH_OUT,24171.14,C22649291,8150.91,0.0,C88938223,34116.52,58287.659999999996,0,15.2,2,0,0,0
266,CASH_OUT,1807.06,C85490627,28073.81,26266.75,C44809937,11033.47,12840.529999999999,0,17.6,1,1,0,0
54,PAYMENT,35138.64,C48822065,29410.91,0.0,M85817381,12998.17,48136.81,0,37.1,1,0,0,0
620,CASH_IN,132.85,C98823221,162101.85,161969.0,C84975438,92684.41,92817.26000000001,0,13.3,1,5,0,0
714,PAYMENT,1531.13,C43806947,79300.01,77768.87999999999,M56648745,52001.63,53532.759999999995,0,19.0,1,3,0,0
714,TRANSFER,389.23,C30184496,82785.77,82396.54000000001,C32548663,28114.98,28504.21,0,59.8,2,1,0,0
422,CASH_IN,375.83,C62439914,22952.03,22576.199999999997,C22161133,48680.76,49056.590000000004,0,47.9,2,2,0,0
474,TRANSFER,1707.88,C74110143,59459.15,57751.270000000004,C48611921,23290.33,24998.210000000003,0,24.2,1,4,0,0
730,CASH_OUT,40173.31,C61923658,19300.7,0.0,C94742592,97333.19,137506.5,0,8.0,1,1,0,0
243,TRANSFER,19370.47,C46109527,87016.15,67645.68,C77393821,7766.83,27137.300000000003,0,38.0,2,1,0,0
354,PAYMENT,22282.79,C14778550,161050.88,138768.09,M20472476,7499.51,29782.300000000003,0,21.3,1,3,0,0
388,CASH_IN,4025.53,C61544352,47096.56,43071.03,C47505977,2451.07,6476.6,0,11.0,1,2,0,0
178,TRANSFER,1077.89,C94300251,37616.35,36538.46,C49536139,7938.52,9016.41,0,10.5,1,4,0,0
475,DEBIT,3305.7,C16524583,102979.47,99673.77,C40905794,9961.91,13267.61,0,11.5,1,1,0,0
573,PAYMENT,141.36,C24094595,117706.73,117565.37,M85308122,78819.23,78960.59,0,44.9,1,2,0,0
405,PAYMENT,29176.14,C38290251,4726.27,0.0,M24530335,28412.14,57588.28,0,14.3,1,1,0,0
36,PAYMENT,72.9,C76853839,59752.68,59679.78,M49936056,9219.6,9292.5,0,20.4,1,6,0,0
358,CASH_OUT,1436.07,C17790893,49505.43,48069.36,C33871996,76335.97,77772.04000000001,0,18.8,1,1,0,0
558,TRANSFER,1806.26,C20016712,11796.91,9990.65,C93651866,3163.75,4970.01,0,45.2,1,5,0,0
607,DEBIT,8304.38,C34000147,6668.56,0.0,C23537448,13364.18,21668.559999999998,0,29.9,1,4,0,0
327,TRANSFER,3987.08,C53450225,16791.56,12804.480000000001,C47882689,111581.91,115568.99,0,10.6,1,2,0,0
44,CASH_IN,4491.94,C71317749,9255.35,4763.410000000001,C96125961,138231.6,142723.54,0,57.9,1,3,0,0
320,PAYMENT,26.31,C97120883,13891.99,13865.68,M49616084,18504.35,18530.66,0,63.8,1,4,0,0
738,DEBIT,1337.3,C34328330,124814.94,123477.64,C86523528,65335.07,66672.37,0,10.5,1,4,0,0
658,CASH_OUT,577.91,C54975300,123976.51,123398.59999999999,C47570246,6779.16,7357.07,0,15.6,1,4,0,0
472,CASH_OUT,2365.22,C38460751,14620.68,12255.460000000001,C61086777,88692.8,91058.02,0,24.8,1,3,0,0
269,CASH_OUT,1425.72,C43720545,11289.72,9864.0,C33937929,62902.36,64328.08,0,39.2,1,6,0,0
525,CASH_OUT,2693.28,C96207807,30306.62,27613.34,C96466044,42978.23,45671.51,0,55.5,1,3,0,0
25,CASH_OUT,211.29,C29726485,54527.95,54316.659999999996,C88288943,72737.3,72948.59,0,11.2,1,1,0,0
640,PAYMENT,2171.29,C18803342,7420.83,5249.54,M97256893,33066.24,35237.53,0,10.1,1,1,0,0
551,PAYMENT,42167.9,C84698079,85017.58,42849.68,M82349864,16161.87,58329.770000000004,0,74.6,1,5,0,0
157,CASH_IN,83464.42,C27017312,3821.22,0.0,C99825635,43740.54,127204.95999999999,0,39.7,2,2,0,0
185,CASH_OUT,20549.86,C10271427,6015.59,0.0,C19678957,43636.94,64186.8,0,3.1,1,1,0,0
174,CASH_OUT,67.12,C28066383,50584.63,50517.509999999995,C10219789,34684.8,34751.920000000006,0,42.8,1,3,0,0
394,TRANSFER,1073.4,C89516105,11421.26,10347.86,C46731296,61908.67,62982.07,0,58.5,1,4,0,0
186,PAYMENT,736.08,C30939628,13007.11,12271.03,M48431747,2196.01,2932.09,0,13.1,1,4,0,0
281,PAYMENT,2382.23,C30278186,104520.91,102138.68000000001,M71168179,40761.0,43143.23,0,20.8,1,3,0,0
586,CASH_OUT,19686.87,C79447868,22641.71,2954.84,C57528819,34396.37,54083.240000000005,0,29.1,1,5,0,0
295,TRANSFER,1664.01,C18162554,127081.98,125417.97,C74221493,9967.99,11632.0,0,54.5,1,1,0,0
528,PAYMENT,345.63,C26426318,5753.66,5408.03,M92894962,3650.26,3995.8900000000003,0,5.8,1,3,0,0
188,TRANSFER,14627.76,C63684322,134160.86,119533.09999999999,C57241367,25387.93,40015.69,0,47.1,1,1,0,0
412,PAYMENT,3529.82,C14780719,123088.76,119558.93999999999,M94803640,11723.2,15253.02,0,58.2,1,2,0,0
684,TRANSFER,7254.3,C82416671,38799.72,31545.420000000002,C30702783,59224.12,66478.42,0,16.6,2,1,0,0
186,PAYMENT,11145.66,C89184344,71009.05,59863.39,M93933431,26964.74,38110.4,0,1.3,2,4,0,0
544,CASH_OUT,982.09,C16812532,28738.18,27756.09,C27716875,130452.68,131434.77,0,31.4,2,1,0,0
575,PAYMENT,215.68,C37222221,72557.47,72341.79000000001,M62783664,124719.18,124934.85999999999,0,79.1,1,1,0,0
301,TRANSFER,2672.46,C95808926,13922.75,11250.29,C34835596,85255.23,87927.69,0,55.2,1,1,0,0
309,PAYMENT,973.94,C17420335,116727.05,115753.11,M72828349,39743.37,40717.310000000005,0,20.7,1,3,0,0
189,PAYMENT,2063.46,C98059597,77668.85,75605.39,M47934021,36511.79,38575.25,0,27.1,1,0,0,0
411,TRANSFER,23167.99,C75300009,65945.39,42777.399999999994,C84204006,9832.1,33000.090000000004,0,69.4,1,0,0,0
538,TRANSFER,2589.5,C94719117,81700.17,79110.67,C25170819,50550.66,53140.16,0,7.5,1,3,0,0
387,CASH_OUT,49607.69,C45796285,21144.26,0.0,C19973577,98314.87,147922.56,0,3.8,1,2,0,0
551,PAYMENT,3072.53,C17459013,10531.01,7458.48,M86087593,15046.33,18118.86,0,34.4,1,0,0,0
193,CASH_OUT,1080.47,C55539132,21910.9,20830.43,C55834428,74166.21,75246.68000000001,0,30.5,2,5,0,0
163,DEBIT,187.0,C51406522,1975.15,1788.15,C56417943,21124.62,21311.62,0,22.3,1,4,0,0
53,CASH_OUT,2706.29,C19924568,15751.32,13045.029999999999,C44419275,123969.23,126675.51999999999,0,12.2,1,0,0,0
475,PAYMENT,347.53,C32959403,46735.65,46388.12,M45380575,20334.2,20681.73,0,12.1,1,4,0,0
174,TRANSFER,4725.22,C61049691,93716.41,88991.19,C68268704,59199.38,63924.6,0,25.3,1,1,0,0
196,PAYMENT,1474.53,C12178512,133195.78,131721.25,M40734821,66364.49,67839.02,0,5.8,1,2,0,1
211,PAYMENT,1390.21,C96310139,64038.02,62647.81,M15664812,49691.14,51081.35,0,35.3,1,2,0,0
700,CASH_IN,2107.53,C24791555,111212.66,109105.13,C36912136,19281.44,21388.969999999998,0,13.1,1,1,0,0
390,PAYMENT,2750.65,C38720923,17220.79,14470.140000000001,M96446055,6786.53,9537.18,0,13.2,1,2,0,0
308,TRANSFER,1700.09,C92591992,56615.05,54914.96000000001,C90968099,4216.97,5917.06,0,14.3,1,2,0,0
457,CASH_OUT,84623.41,C34573033,188108.7,103485.29000000001,C18801485,3933.58,88556.99,0,42.4,1,4,0,0
331,CASH_OUT,450.48,C31237175,47181.95,46731.469999999994,C58348644,58702.05,59152.530000000006,0,24.1,1,2,0,0
726,TRANSFER,11425.0,C58106809,27920.38,16495.38,C36894171,19196.03,30621.03,0,64.0,1,4,0,0
495,PAYMENT,17329.53,C21245296,15236.88,0.0,M81184356,19141.79,36471.32,0,22.1,1,3,0,0
329,PAYMENT,246.32,C63932508,18899.89,18653.57,M85920099,9013.39,9259.71,0,6.5,1,3,0,0
29,TRANSFER,2001.42,C16287999,11311.84,9310.42,C78638941,9659.57,11660.99,0,43.8,2,2,0,0
683,PAYMENT,3433.19,C47637211,60681.57,57248.38,M56994427,19178.37,22611.559999999998,0,43.7,1,4,0,0
122,TRANSFER,2461.23,C62506733,64366.81,61905.579999999994,C48443935,9533.2,11994.43,0,16.1,2,2,0,0
458,PAYMENT,2293.82,C19899006,75603.27,73309.45,M94304144,40218.8,42512.62,0,47.6,2,2,0,0
418,PAYMENT,5572.11,C83626636,31503.32,25931.21,M51846728,76229.19,81801.3,0,7.5,2,5,0,0
159,TRANSFER,41.52,C95494812,7440.1,7398.58,C11146116,45388.02,45429.53999999999,0,31.1,1,2,0,0
598,PAYMENT,1514.23,C97162530,27402.66,25888.43,M32037501,14069.73,15583.96,0,18.4,2,2,0,0
516,TRANSFER,848.54,C89906088,69027.62,68179.08,C17418265,15555.48,16404.02,0,7.1,1,3,0,0
2,CASH_OUT,495.33,C91654273,96824.83,96329.5,C34831916,38290.47,38785.8,0,5.4,1,4,0,0
645,CASH_OUT,8799.54,C81071809,4231.68,0.0,C40978347,38510.05,47309.590000000004,0,47.6,1,3,0,0
302,PAYMENT,11589.41,C72570265,13979.02,2389.6100000000006,M77078992,55622.29,67211.7,0,44.9,1,2,0,0
79,PAYMENT,13991.85,C31136512,163460.19,149468.34,M49791121,110041.42,124033.27,0,13.3,1,3,0,0
659,PAYMENT,8369.99,C72020260,28278.96,19908.97,M21927908,10232.17,18602.16,0,31.1,1,3,0,0
678,CASH_OUT,209.6,C84488941,3664.26,3454.6600000000003,C37738368,13708.9,13918.5,0,49.7,1,2,0,0
315,CASH_OUT,2349.94,C70539927,11389.42,9039.48,C66727967,50982.89,53332.83,0,26.8,1,0,0,0
328,PAYMENT,13322.17,C75370288,87889.95,74567.78,M84604750,5139.77,18461.940000000002,0,13.2,1,1,0,0
276,CASH_IN,19.41,C95932731,71248.92,71229.51,C52561569,11060.52,11079.93,0,17.9,2,0,0,0
716,PAYMENT,33735.1,C22469359,12261.55,0.0,M15941549,10477.54,44212.64,0,44.8,1,3,0,0
452,TRANSFER,189.12,C14106588,5355.19,5166.07,C12097013,9568.95,9758.070000000002,0,28.8,1,3,0,0
565,CASH_OUT,364.48,C60758261,4136.18,3771.7000000000003,C98275838,48792.33,49156.810000000005,0,54.2,1,4,0,0
486,DEBIT,7179.67,C88656992,34623.53,27443.86,C51992958,8580.87,15760.54,0,12.0,1,4,0,0
107,CASH_OUT,60383.81,C27517093,59464.45,0.0,C97894251,78629.4,139013.21,0,16.9,1,0,0,0
567,CASH_OUT,336.52,C68990369,19558.56,19222.04,C26684053,33009.22,33345.74,0,46.9,2,0,0,0
246,PAYMENT,439.7,C71316053,4507.46,4067.76,M28282593,29253.25,29692.95,0,12.0,1,1,0,0
164,CASH_OUT,17313.73,C70449922,33863.93,16550.2,C55270520,19654.51,36968.24,0,35.1,1,3,0,0
527,PAYMENT,2430.81,C33254302,12356.87,9926.060000000001,M86560766,10718.88,13149.689999999999,0,47.8,1,1,0,0
1,DEBIT,1156.74,C28190941,9978.85,8822.11,C98799353,6990.2,8146.94,0,35.1,1,6,0,0
137,TRANSFER,2637.66,C79952348,74505.67,71868.01,C68956052,8759.41,11397.07,0,27.2,1,2,0,0
151,CASH_OUT,92235.31,C11209246,46367.93,0.0,C60136813,110261.46,202496.77000000002,0,30.9,3,2,0,1
180,TRANSFER,7228.94,C84132311,18923.98,11695.04,C88787242,38780.53,46009.47,0,22.0,1,5,0,0
487,CASH_OUT,3427.3,C63284852,30860.22,27432.920000000002,C55558909,26580.7,30008.0,0,13.7,1,3,0,0
700,TRANSFER,5134.1,C32355304,12675.18,7541.08,C21815648,1037.41,6171.51,0,21.9,2,2,0,0
18,CASH_OUT,3820.65,C24435478,41238.63,37417.979999999996,C97604838,116639.3,120459.95,0,5.0,1,2,0,0
225,PAYMENT,9358.15,C34826031,70733.68,61375.52999999999,M87947233,55428.95,64787.1,0,15.2,2,3,0,0
105,PAYMENT,573.15,C48925477,27965.83,27392.68,M42474158,8211.66,8784.81,0,18.2,2,1,0,0
718,PAYMENT,1599.52,C33454329,24203.55,22604.03,M98080180,21205.83,22805.350000000002,0,14.0,1,5,0,0
698,PAYMENT,1744.48,C91211056,14501.88,12757.4,M32554374,39892.27,41636.75,0,27.6,2,2,0,1
65,DEBIT,341.15,C38362327,19539.01,19197.859999999997,C94056957,7722.53,8063.679999999999,0,18.3,1,2,0,0
333,PAYMENT,250.42,C25771901,22318.87,22068.45,M24610005,26716.79,26967.21,0,20.4,3,2,0,0
372,CASH_IN,22327.77,C88491205,18756.53,0.0,C10739460,49626.5,71954.27,0,53.1,1,2,0,0
207,PAYMENT,6475.44,C87030909,4732.45,0.0,M98029416,6452.99,12928.43,0,8.8,2,3,0,0
229,PAYMENT,43640.74,C88408633,7997.65,0.0,M74978524,11493.37,55134.11,0,8.9,2,6,0,0
581,CASH_OUT,4484.67,C20250603,279173.39,274688.72000000003,C31194551,27132.59,31617.260000000002,0,36.4,1,1,0,0
142,CASH_OUT,3214.88,C24188748,22552.52,19337.64,C52339460,47798.29,51013.17,0,29.5,1,3,0,0
718,TRANSFER,1252.98,C97374735,81833.38,80580.40000000001,C40552093,32982.52,34235.5,0,11.9,3,1,0,0
686,TRANSFER,11101.81,C90817545,63167.2,52065.39,C45627233,9531.56,20633.37,0,47.2,1,2,0,0
709,CASH_OUT,182.88,C40266115,41524.12,41341.240000000005,C44099529,69377.21,69560.09000000001,0,49.4,2,4,0,0
331,PAYMENT,3128.42,C41153933,29874.88,26746.46,M80746993,29433.28,32561.699999999997,0,36.9,2,2,0,0
709,CASH_IN,9550.01,C96336407,54722.25,45172.24,C17425029,4732.46,14282.470000000001,0,26.1,1,0,0,0
740,CASH_IN,1553.15,C12338533,43879.13,42325.979999999996,C43528653,10272.54,11825.69,0,34.4,1,2,0,0
271,CASH_OUT,3999.78,C33965924,66196.24,62196.46000000001,C62861654,137874.83,141874.61,0,9.9,1,4,0,0
711,PAYMENT,31318.74,C84079078,254508.32,223189.58000000002,M43150113,47604.82,78923.56,0,9.6,1,2,0,0
325,CASH_OUT,1195.53,C41968714,18909.54,17714.010000000002,C41632632,16172.17,17367.7,0,13.1,1,4,0,0
527,PAYMENT,3849.12,C96600199,20319.53,16470.41,M50842320,11155.44,15004.560000000001,0,27.4,1,4,0,0
728,PAYMENT,11406.51,C17100580,58422.47,47015.96,M25548083,25002.79,36409.3,0,35.2,1,4,0,0
547,PAYMENT,1019.05,C55831166,93064.87,92045.81999999999,M42188257,7003.84,8022.89,0,50.6,2,4,0,0
69,TRANSFER,259.29,C17843936,10532.85,10273.56,C56710037,10597.58,10856.87,0,39.9,1,2,0,0
212,DEBIT,6722.82,C59743670,96442.88,89720.06,C24950387,47673.82,54396.64,0,38.2,1,1,0,0
558,CASH_OUT,2226.67,C69105663,113376.63,111149.96,C65880324,76932.64,79159.31,0,30.3,1,2,0,0
382,CASH_OUT,1723.66,C50578505,25114.97,23391.31,C92489617,2563.23,4286.89,0,36.0,1,3,0,0
420,TRANSFER,2454.79,C73445859,15500.06,13045.27,C51883924,35936.43,38391.22,0,26.1,1,1,0,0
597,PAYMENT,215.44,C79711952,25589.59,25374.15,M79879612,36097.21,36312.65,0,8.1,1,0,0,0
48,TRANSFER,1153.09,C11725945,10328.19,9175.1,C47185279,19295.13,20448.22,0,23.3,1,0,0,0
231,CASH_IN,6543.09,C34911342,3050.47,0.0,C99365292,61409.75,67952.84,0,12.5,1,1,0,0
579,PAYMENT,1799.39,C23992987,79790.1,77990.71,M54638711,27699.7,29499.09,0,11.6,1,0,0,0
477,DEBIT,714.18,C32227415,42177.9,41463.72,C22953116,6178.91,6893.09,0,17.5,1,4,0,0
89,TRANSFER,477.75,C48441765,34071.62,33593.87,C62160614,39650.32,40128.07,0,9.9,1,6,0,0
731,TRANSFER,2949.23,C45294685,12039.13,9089.9,C54390787,36688.92,39638.15,0,24.9,1,2,0,0
52,CASH_OUT,8220.93,C52204966,40195.12,31974.190000000002,C43122987,198890.3,207111.22999999998,0,24.2,1,1,0,1
534,TRANSFER,11462.0,C81361844,25678.6,14216.599999999999,C96863718,9905.76,21367.760000000002,0,17.6,2,1,0,0
422,DEBIT,664.56,C36215075,35280.05,34615.490000000005,C56199784,37294.89,37959.45,0,8.4,1,4,0,0
611,CASH_IN,33687.16,C56628496,4759.03,0.0,C51805951,33966.73,67653.89000000001,0,27.5,1,3,0,0
446,TRANSFER,2219.25,C40238451,128072.78,125853.53,C63512737,15647.47,17866.72,0,15.5,1,2,0,0
131,PAYMENT,94.49,C98782479,72233.33,72138.84,M31238955,57816.79,57911.28,0,50.5,1,6,0,0
600,TRANSFER,2239.36,C95424189,67583.51,65344.149999999994,C56891065,18610.76,20850.12,0,42.3,1,5,0,0
648,CASH_IN,297.17,C24777962,43587.2,43290.03,C11949659,43116.0,43413.17,0,25.6,1,2,0,0
374,PAYMENT,3777.21,C43519366,12916.22,9139.009999999998,M96182731,20123.21,23900.42,0,23.5,1,4,0,0
551,CASH_OUT,2982.8,C19498330,5467.74,2484.9399999999996,C33524341,63072.06,66054.86,0,46.8,1,4,0,0
530,CASH_OUT,116.56,C81363570,22423.88,22307.32,C93028252,246382.44,246499.0,0,9.3,1,1,0,0
105,CASH_OUT,24051.61,C52275206,26619.84,2568.2299999999996,C45907762,46618.93,70670.54000000001,0,16.2,1,3,0,0
387,PAYMENT,566.14,C46545968,71570.74,71004.6,M68665133,60918.52,61484.659999999996,0,27.1,1,3,0,0
658,CASH_OUT,68.48,C21825503,8016.1,7947.620000000001,C31217686,2364.15,2432.63,0,48.2,1,3,0,0
336,CASH_IN,18131.39,C72913871,84869.92,66738.53,C58419322,89148.54,107279.93,0,55.6,1,2,0,0
736,PAYMENT,5426.68,C11786905,29249.78,23823.1,M95685046,71595.03,77021.70999999999,0,43.3,3,2,0,0
117,PAYMENT,1140.43,C52434496,80461.38,79320.95000000001,M99399094,5968.72,7109.150000000001,0,25.3,3,2,0,0
1,CASH_IN,1972.67,C57846015,34132.14,32159.47,C52978757,38393.9,40366.57,0,34.3,1,3,0,0
629,PAYMENT,1465.87,C90984221,2645.67,1179.8000000000002,M50686802,79917.8,81383.67,0,42.0,2,3,0,0
538,DEBIT,104.02,C43636522,46834.33,46730.310000000005,C38037691,39710.43,39814.45,0,44.0,2,2,0,0
436,TRANSFER,145.93,C88566837,27860.86,27714.93,C58627864,85595.62,85741.54999999999,0,49.5,1,1,0,0
496,PAYMENT,10038.08,C56474306,30744.83,20706.75,M38565452,49570.04,59608.12,0,41.8,1,4,0,0
12,DEBIT,3800.31,C12598035,76297.96,72497.65000000001,C15525450,23178.59,26978.9,0,19.1,1,3,0,0
294,TRANSFER,9393.72,C12334162,12588.37,3194.6500000000015,C89289517,126252.73,135646.44999999998,0,53.2,2,2,1,0
508,TRANSFER,15895.45,C66196352,1299.17,0.0,C25451589,102348.23,118243.68,0,23.1,2,4,0,0
681,TRANSFER,5.0,C32537484,16854.28,16849.28,C11024045,2742.77,2747.77,0,17.1,1,5,0,0
565,TRANSFER,867.95,C99033022,8427.47,7559.5199999999995,C74695890,7000.47,7868.42,0,57.8,2,0,0,0
128,PAYMENT,226.07,C37656352,21065.66,20839.59,M28157206,34625.79,34851.86,0,84.2,2,2,0,0
76,TRANSFER,1436.02,C64010430,11661.0,10224.98,C17583274,38568.76,40004.78,0,15.7,1,2,0,0
269,CASH_IN,64.41,C82286660,5103.32,5038.91,C70152816,91891.37,91955.78,0,20.5,2,4,0,0
146,PAYMENT,5299.11,C97767167,87888.86,82589.75,M83146900,6736.08,12035.189999999999,0,54.6,1,2,0,0
403,CASH_OUT,5934.9,C12601706,11750.54,5815.640000000001,C63229155,19016.92,24951.82,0,13.5,2,0,0,0
499,PAYMENT,108311.76,C91223279,22612.74,0.0,M32742361,152122.22,260433.97999999998,0,25.1,1,3,0,0
560,CASH_OUT,1509.72,C81857887,93.77,0.0,C71966295,78679.76,80189.48,0,24.3,1,1,0,0
199,PAYMENT,6118.65,C36505533,73855.5,67736.85,M45501511,95683.83,101802.48,0,23.1,1,1,0,0
583,CASH_IN,10368.84,C47286387,31113.75,20744.91,C99299267,1284.5,11653.34,0,3.0,2,4,0,0
503,TRANSFER,39894.14,C70000754,100004.65,60110.509999999995,C25433743,9941.45,49835.59,0,50.4,1,2,0,0
604,PAYMENT,235.94,C36170962,2713.76,2477.82,M63001299,24884.92,25120.859999999997,0,14.0,1,1,0,0
403,PAYMENT,9058.27,C17217596,8945.17,0.0,M70397439,82773.19,91831.46,0,37.3,1,4,0,0
209,PAYMENT,3698.08,C17940032,14899.66,11201.58,M32790330,23645.76,27343.839999999997,0,11.7,1,0,0,0
342,TRANSFER,98.42,C99687694,109533.69,109435.27,C95186096,7005.87,7104.29,0,56.3,1,5,0,0
48,PAYMENT,4193.68,C43356626,21850.96,17657.28,M58349223,37996.58,42190.26,0,53.4,1,1,0,0
541,CASH_OUT,6869.49,C67558915,10344.86,3475.370000000001,C61205166,89630.55,96500.04000000001,0,21.7,1,2,0,0
176,TRANSFER,86.82,C41935533,80840.03,80753.20999999999,C56807154,2816.6,2903.42,0,26.5,1,2,0,1
511,PAYMENT,1576.28,C89971207,18000.0,16423.72,M50132894,27377.87,28954.149999999998,0,49.7,1,3,0,0
19,CASH_OUT,2082.45,C34221740,21510.54,19428.09,C89932386,156774.86,158857.31,0,32.0,1,3,0,0
495,CASH_OUT,1970.36,C87417497,53155.23,51184.87,C87732997,3153.2,5123.5599999999995,0,49.6,2,1,0,0
355,PAYMENT,5568.51,C58132832,24210.55,18642.04,M35678346,20615.73,26184.239999999998,0,24.4,1,5,0,0
559,PAYMENT,614.42,C15706467,830.31,215.89,M10638015,9870.81,10485.23,0,46.9,3,0,0,0
345,PAYMENT,252.03,C34334691,226206.52,225954.49,M37935128,4978.17,5230.2,0,12.4,2,1,0,0
60,CASH_OUT,4347.95,C81844786,13633.56,9285.61,C75926979,51445.9,55793.85,0,12.4,1,2,0,0
688,CASH_OUT,30626.3,C67594395,14009.71,0.0,C81943336,2632.26,33258.56,0,21.7,1,3,0,0
229,TRANSFER,26823.35,C21546189,7190.0,0.0,C94898462,98316.32,125139.67000000001,0,29.7,2,1,0,0
147,CASH_OUT,133583.82,C34139960,8596.71,0.0,C36831325,120186.49,253770.31,0,7.4,2,3,0,0
298,CASH_OUT,928.1,C95073180,34854.89,33926.79,C87636987,34791.15,35719.25,0,36.7,1,4,0,0
333,TRANSFER,1336.55,C37660415,140455.83,139119.28,C23536177,38707.15,40043.700000000004,0,15.3,3,2,0,0
332,DEBIT,37.57,C39594420,59734.21,59696.64,C22888721,95572.57,95610.14000000001,0,3.6,1,3,0,0
433,PAYMENT,596.98,C35599362,53585.64,52988.659999999996,M34292850,33945.63,34542.61,0,41.7,2,1,0,0
399,PAYMENT,105.14,C70700946,22430.46,22325.32,M52587446,9339.82,9444.96,0,38.8,2,3,0,0
700,PAYMENT,971.21,C62501987,83860.16,82888.95,M22281510,17767.41,18738.62,0,12.5,1,3,0,0
335,PAYMENT,20981.39,C50034814,32061.26,11079.869999999999,M80253268,26865.5,47846.89,0,37.7,1,2,0,0
209,TRANSFER,12291.89,C81233007,30580.28,18288.39,C37297149,49023.93,61315.82,0,58.9,3,0,0,0
411,CASH_IN,999.03,C99209625,260236.75,259237.72,C50207358,25059.22,26058.25,0,63.4,2,0,0,0
587,PAYMENT,642.27,C20522406,46945.39,46303.12,M12141215,117935.94,118578.21,0,15.2,1,4,0,0
695,PAYMENT,418.92,C19410175,101316.37,100897.45,M34254834,36347.43,36766.35,0,28.4,2,5,0,0
599,TRANSFER,8542.75,C55739506,37176.73,28633.980000000003,C17843304,31193.3,39736.05,0,27.4,1,1,0,0
271,CASH_IN,1028.08,C46696023,8820.72,7792.639999999999,C84326598,59784.59,60812.67,0,51.5,2,0,0,0
180,PAYMENT,2907.63,C32810220,218150.34,215242.71,M40966165,9221.13,12128.759999999998,0,26.9,1,1,0,0
415,TRANSFER,6030.81,C53489370,53307.91,47277.100000000006,C79193953,28359.01,34389.82,0,23.1,2,3,0,0
346,PAYMENT,6871.48,C84209862,8048.69,1177.21,M84084720,689.12,7560.599999999999,0,26.4,1,3,0,0
519,PAYMENT,12.02,C39947261,67363.29,67351.26999999999,M30752378,23305.1,23317.12,0,14.2,1,1,0,0
438,CASH_IN,4961.38,C51499494,28915.61,23954.23,C23647475,6642.03,11603.41,0,35.9,1,3,0,0
13,CASH_IN,2161.96,C78142124,86407.9,84245.93999999999,C50183096,64135.37,66297.33,0,8.4,1,1,0,0
404,PAYMENT,70.44,C18208889,16222.48,16152.039999999999,M54504584,18964.95,19035.39,0,19.5,1,0,0,0
738,CASH_IN,21738.39,C70458685,142642.63,120904.24,C37479146,25247.06,46985.45,0,19.5,1,2,0,0
380,CASH_OUT,2581.26,C37403108,17636.91,15055.65,C56946080,1301.77,3883.03,0,8.5,3,0,0,0
692,DEBIT,111.38,C28345569,295227.03,295115.65,C63962839,1363.11,1474.4899999999998,0,38.4,2,2,0,0
421,TRANSFER,633.73,C87463878,60227.67,59593.939999999995,C96749815,12141.91,12775.64,0,18.9,3,1,0,0
180,TRANSFER,1237.95,C47258952,177524.44,176286.49,C52694286,48128.44,49366.39,0,39.7,1,1,0,0
638,TRANSFER,199400.3,C70312449,64396.86,0.0,C63527052,56255.94,255656.24,0,26.4,1,7,0,1
283,CASH_OUT,374.94,C14421943,70153.75,69778.81,C42142170,200357.01,200731.95,0,43.4,2,1,0,0
418,PAYMENT,523.22,C69274550,6470.04,5946.82,M66005868,61166.79,61690.01,0,46.7,1,4,0,0
356,PAYMENT,2499.57,C57199130,756.13,0.0,M75618598,41527.67,44027.24,0,21.9,1,4,0,0
702,PAYMENT,85297.15,C26276191,4518.27,0.0,M18117516,48300.36,133597.51,0,37.0,1,4,0,0
16,CASH_OUT,1190.96,C28820342,28748.18,27557.22,C96815223,20482.1,21673.059999999998,0,31.9,3,4,0,0
315,PAYMENT,809.06,C45364496,25714.9,24905.84,M76606283,133970.36,134779.41999999998,0,30.3,1,5,0,0
533,CASH_OUT,2499.61,C47257897,10157.61,7658.0,C15440825,38419.74,40919.35,0,19.4,2,2,0,0
16,CASH_IN,998.39,C22214698,2221.58,1223.19,C69609708,764.73,1763.12,0,13.9,2,5,0,0
465,PAYMENT,972.49,C81404978,58898.21,57925.72,M47454044,17119.34,18091.83,0,25.5,1,2,0,0
463,CASH_OUT,10222.3,C74978431,11023.16,800.8600000000006,C35512203,6081.78,16304.079999999998,0,32.1,1,1,0,0
545,TRANSFER,738.92,C66825029,192121.2,191382.28,C97025950,10748.81,11487.73,0,32.1,1,4,0,0
694,DEBIT,961.06,C86042073,5459.81,4498.75,C36098363,33377.53,34338.59,0,15.2,1,3,0,0
69,PAYMENT,10941.79,C62660790,22593.28,11651.489999999998,M89277292,23173.54,34115.33,0,53.5,1,2,0,0
411,CASH_OUT,138.06,C25556801,32593.05,32454.989999999998,C56131697,23979.72,24117.780000000002,0,5.5,1,1,0,0
52,CASH_OUT,968.28,C21631748,12326.64,11358.359999999999,C78024670,22565.74,23534.02,0,57.0,1,3,0,0
65,CASH_IN,90.39,C74995314,34992.64,34902.25,C83509232,8913.14,9003.529999999999,0,20.0,1,1,0,0
740,CASH_OUT,736.62,C27059923,6646.63,5910.01,C10266493,4510.35,5246.97,0,33.5,2,5,0,0
467,TRANSFER,961.72,C93742497,82.12,0.0,C90409183,22751.08,23712.800000000003,0,35.8,1,5,0,0
734,CASH_OUT,991.34,C63722242,59899.94,58908.600000000006,C46825100,12540.92,13532.26,0,45.8,1,3,0,0
272,DEBIT,895.64,C59945120,89953.8,89058.16,C60324002,14761.94,15657.58,0,13.8,1,4,0,0
439,TRANSFER,2997.39,C18655688,42747.32,39749.93,C37602171,4481.28,7478.67,0,37.7,3,0,0,0
530,PAYMENT,241.73,C71556872,12971.03,12729.300000000001,M15945261,60016.92,60258.65,0,53.2,3,4,0,0
730,CASH_IN,3648.85,C46293585,25090.22,21441.370000000003,C12192689,2553.23,6202.08,0,60.5,2,1,0,0
273,CASH_OUT,727.01,C41410806,49214.48,48487.47,C98115271,48477.74,49204.75,0,10.1,1,0,0,0
459,CASH_OUT,7077.88,C29138328,1654.58,0.0,C80721195,39996.66,47074.54,0,27.4,1,2,0,0
173,PAYMENT,1616.14,C81724660,4948.19,3332.0499999999993,M52240394,1857.96,3474.1000000000004,0,29.2,3,0,0,0
568,CASH_OUT,623.0,C85858234,158737.96,158114.96,C95544418,70619.15,71242.15,0,41.5,1,3,0,0
521,TRANSFER,170.93,C39833544,56742.93,56572.0,C90336337,34200.51,34371.44,0,19.2,2,3,0,0
497,CASH_OUT,3082.97,C24893763,59700.7,56617.729999999996,C32005453,50854.39,53937.36,0,20.0,2,1,0,0
534,PAYMENT,1279.19,C96728718,5407.3,4128.110000000001,M93950698,35287.4,36566.590000000004,0,17.0,1,4,0,0
72,CASH_OUT,25155.64,C69435045,13260.09,0.0,C82538927,11144.33,36299.97,0,55.0,2,5,0,0
172,CASH_IN,28834.91,C31104996,24808.91,0.0,C74311280,14483.66,43318.57,0,19.3,1,3,0,0
635,PAYMENT,753.54,C52049410,11485.42,10731.880000000001,M48451342,236598.67,237352.21000000002,0,22.1,1,3,0,0
603,CASH_IN,25.96,C81191698,82894.71,82868.75,C45601855,65824.77,65850.73000000001,0,51.4,1,2,0,0
736,TRANSFER,8917.42,C26009916,46626.64,37709.22,C29745063,72883.84,81801.26,0,4.8,2,2,0,0
292,DEBIT,693.78,C30872373,10959.5,10265.72,C29742639,11988.89,12682.67,0,17.4,1,0,0,0
252,CASH_OUT,962.88,C49090686,73681.52,72718.64,C12142230,60945.84,61908.719999999994,0,28.1,1,3,0,0
409,TRANSFER,15528.97,C62849717,38904.77,23375.799999999996,C99441294,16810.76,32339.729999999996,0,43.1,2,2,0,0
367,CASH_OUT,3378.59,C49340262,11650.31,8271.72,C86253676,15982.41,19361.0,0,6.3,1,4,0,0
256,DEBIT,8319.2,C38085376,92528.84,84209.64,C73942593,15066.13,23385.33,0,34.9,1,3,0,0
525,TRANSFER,12258.87,C26136156,11783.86,0.0,C55581012,4613.78,16872.65,0,28.7,2,4,0,0
440,PAYMENT,1335.5,C58485615,58660.54,57325.04,M94771478,4388.7,5724.2,0,19.8,1,3,0,0
335,CASH_OUT,6195.79,C66026690,25533.74,19337.95,C77546462,47225.63,53421.42,0,7.8,1,2,0,0
630,CASH_OUT,2186.03,C68302523,69207.01,67020.98,C75841237,28255.73,30441.76,0,23.3,1,2,0,0
435,CASH_OUT,4774.14,C93052550,27535.64,22761.5,C29737586,66572.4,71346.54,0,33.9,1,4,0,0
690,CASH_OUT,2392.87,C74800405,16886.86,14493.990000000002,C18969417,61356.04,63748.91,0,19.3,2,1,0,0
461,TRANSFER,20938.99,C48107813,162216.63,141277.64,C41767883,16810.24,37749.23,0,45.1,1,6,0,0
308,CASH_OUT,180.16,C33836999,71090.35,70910.19,C68535182,5738.39,5918.55,0,1.6,1,1,0,0
673,PAYMENT,827.99,C47361987,87910.96,87082.97,M17507150,13043.09,13871.08,0,14.7,1,0,0,0
95,TRANSFER,1540.44,C66169962,18762.95,17222.510000000002,C40630491,31608.33,33148.770000000004,0,14.7,1,1,0,0
409,PAYMENT,2246.94,C85423850,21381.73,19134.79,M57454051,64560.58,66807.52,0,29.9,1,1,0,0
168,PAYMENT,179.7,C16179348,9485.76,9306.06,M62621904,23617.42,23797.12,0,55.5,1,4,0,0
87,TRANSFER,474.13,C69873700,29596.82,29122.69,C24255508,36049.49,36523.619999999995,0,27.0,1,3,0,0
3,TRANSFER,1932.37,C52722293,289873.97,287941.6,C80651226,32254.16,34186.53,0,29.1,3,3,0,0
372,CASH_OUT,679.39,C97018190,44517.37,43837.98,C94051379,9689.58,10368.97,0,54.6,1,1,0,0
528,TRANSFER,82.5,C51893548,64413.0,64330.5,C49984885,23129.82,23212.32,0,6.9,2,3,0,0
642,TRANSFER,937.91,C15222457,66873.85,65935.94,C90157034,43587.27,44525.18,0,34.3,1,3,0,1
23,PAYMENT,203.52,C61913129,11332.21,11128.689999999999,M88654185,2054.51,2258.03,0,46.0,2,1,0,0
98,TRANSFER,5333.31,C35751355,2882.91,0.0,C54484617,36753.87,42087.18,0,60.1,1,4,0,0
670,PAYMENT,3072.76,C92262596,6482.33,3409.5699999999997,M87842663,91863.68,94936.43999999999,0,14.4,2,1,0,0
522,PAYMENT,9148.18,C41846964,63593.19,54445.01,M83232323,98233.64,107381.82,0,24.6,1,3,0,0
321,CASH_OUT,2630.96,C48821558,30421.2,27790.24,C83391024,76158.48,78789.44,0,10.7,1,2,0,0
534,CASH_OUT,261.77,C26368980,117525.6,117263.83,C64096225,9929.02,10190.79,0,31.2,1,3,0,0
367,CASH_OUT,6.28,C63255754,22824.96,22818.68,C64524414,78343.81,78350.09,0,19.6,2,3,0,0
184,TRANSFER,14150.85,C61661784,5416.68,0.0,C73211177,4716.69,18867.54,0,27.9,2,2,0,0
417,TRANSFER,839.16,C63238279,172838.22,171999.06,C15412246,15589.26,16428.420000000002,0,40.5,1,0,0,0
729,DEBIT,32.52,C56242740,25600.15,25567.63,C42607006,20238.05,20270.57,0,26.5,1,0,0,0
214,TRANSFER,30377.76,C57249907,94259.74,63881.98000000001,C35775335,9228.47,39606.229999999996,0,26.5,1,2,0,0
670,TRANSFER,5110.23,C22008473,2357.07,0.0,C81574129,82819.49,87929.72,0,49.5,1,1,0,0
210,PAYMENT,29606.46,C45877471,22263.33,0.0,M45462978,53300.72,82907.18,0,40.4,1,4,0,0
133,PAYMENT,3902.6,C18298478,45117.83,41215.23,M55140492,50106.26,54008.86,0,20.2,2,6,0,0
53,TRANSFER,5981.41,C63681710,37126.74,31145.329999999998,C53032308,104918.17,110899.58,0,8.9,1,5,0,0
741,TRANSFER,723.94,C77142679,65041.95,64318.009999999995,C13809214,57263.5,57987.44,0,19.9,1,3,0,0
695,TRANSFER,6508.47,C41116334,107297.54,100789.06999999999,C84689121,22331.5,28839.97,0,8.2,1,2,0,0
23,TRANSFER,58970.69,C83844638,71065.02,12094.330000000002,C26303582,5709.28,64679.97,0,38.1,3,1,0,0
106,CASH_OUT,8052.52,C32179129,18561.55,10509.029999999999,C66456130,70450.54,78503.06,0,11.2,2,2,0,0
603,CASH_OUT,952.12,C59786952,174237.42,173285.30000000002,C83950597,50013.44,50965.560000000005,0,23.6,3,3,0,0
631,CASH_OUT,170.99,C35771184,125707.77,125536.78,C94108976,37215.46,37386.45,0,17.6,1,1,0,0
460,CASH_OUT,14191.66,C28942990,49717.52,35525.86,C76982638,54679.68,68871.34,0,53.1,1,2,0,0
650,CASH_IN,2009.09,C47452444,35665.25,33656.16,C49824692,56259.54,58268.63,0,31.0,1,2,0,0
482,PAYMENT,2173.46,C17639881,36326.94,34153.48,M21188718,54297.79,56471.25,0,36.7,1,1,0,0
120,PAYMENT,51.27,C51386188,66438.85,66387.58,M47072602,24211.38,24262.65,0,0.9,1,2,0,0
673,PAYMENT,45.01,C12845428,33026.7,32981.689999999995,M82072628,30580.15,30625.16,0,25.6,2,2,0,0
208,CASH_OUT,2108.56,C75256683,215113.58,213005.02,C48806661,65025.59,67134.15,0,31.4,3,4,0,0
318,DEBIT,358.33,C94646714,61979.48,61621.15,C57830791,105804.98,106163.31,0,18.7,2,1,0,0
338,PAYMENT,2635.63,C47642013,13601.76,10966.130000000001,M53178060,29013.31,31648.940000000002,0,21.9,1,3,0,0
155,CASH_IN,10057.57,C99144822,53717.16,43659.590000000004,C80337058,47240.87,57298.44,0,38.6,1,5,0,0
155,PAYMENT,651.56,C33632231,33124.69,32473.13,M58018433,28310.23,28961.79,0,27.4,1,4,0,0
394,CASH_IN,2753.3,C89213063,8709.05,5955.749999999999,C40475616,21575.99,24329.29,0,34.8,1,2,0,0
505,TRANSFER,1464.83,C46628579,36577.41,35112.58,C26830940,60705.02,62169.85,0,30.5,2,2,0,0
313,PAYMENT,367234.63,C69231805,97943.97,0.0,M35104676,6394.72,373629.35,1,10.6,1,1,0,0
259,TRANSFER,699.1,C40587849,1247.0,547.9,C56654857,23527.57,24226.67,0,25.1,1,2,0,0
157,PAYMENT,514.83,C94213553,95272.14,94757.31,M13101407,35514.94,36029.770000000004,0,19.9,3,3,0,0
14,PAYMENT,797.14,C16244593,57784.35,56987.21,M70931896,49227.36,50024.5,0,19.7,1,3,0,0
77,PAYMENT,14704.63,C41030495,64669.71,49965.08,M95292857,86270.44,100975.07,0,40.6,1,2,0,0
339,CASH_OUT,741.14,C17791695,111574.28,110833.14,C62751781,7037.81,7778.950000000001,0,19.1,1,1,0,0
409,TRANSFER,6853.14,C44461294,143869.69,137016.55,C10597631,21400.11,28253.25,0,24.3,1,2,0,0
394,PAYMENT,1926.46,C74923470,17487.81,15561.350000000002,M49200824,10312.28,12238.740000000002,0,28.5,1,1,0,0
220,CASH_OUT,2022.39,C15496102,125744.02,123721.63,C94629887,31787.65,33810.04,0,17.3,1,4,0,0
433,CASH_OUT,32235.33,C49588454,12201.79,0.0,C69454671,9151.83,41387.16,0,59.8,2,3,0,0
455,PAYMENT,70.04,C41786987,7796.16,7726.12,M80255096,10966.92,11036.960000000001,0,48.2,2,2,0,0
654,TRANSFER,2296.89,C11796482,40466.32,38169.43,C52835966,5175.75,7472.639999999999,0,26.8,1,4,0,0
140,PAYMENT,6343.28,C56917684,131316.58,124973.29999999999,M36101211,33295.22,39638.5,0,6.1,1,0,0,0
498,PAYMENT,3672.08,C38925712,2796.13,0.0,M77649835,64574.44,68246.52,0,32.3,1,3,0,0
654,CASH_OUT,129.16,C62332540,37541.36,37412.2,C36027301,5354.46,5483.62,0,25.9,2,1,0,0
641,PAYMENT,232.5,C37744694,56739.15,56506.65,M38699576,63102.97,63335.47,0,23.5,1,1,0,0
530,TRANSFER,2983.45,C25505533,68407.67,65424.22,C97080215,134299.99,137283.44,0,16.5,3,0,0,0
676,CASH_OUT,27.01,C41607179,35050.78,35023.77,C77562104,25994.17,26021.179999999997,0,14.1,1,2,0,0
96,PAYMENT,697.0,C21536994,42772.19,42075.19,M12832794,30618.69,31315.69,0,7.2,2,4,0,0
28,TRANSFER,197.46,C57099649,30227.57,30030.11,C87469334,57432.69,57630.15,0,29.1,3,3,0,0
230,PAYMENT,2557.55,C39845194,64233.87,61676.32,M67999870,55643.11,58200.66,0,53.9,1,5,0,0
416,CASH_IN,1362.47,C69891354,23840.73,22478.26,C33335811,4575.17,5937.64,0,43.6,1,2,0,0
456,TRANSFER,3576.93,C13112633,16452.38,12875.45,C21071724,70483.84,74060.76999999999,0,12.4,1,3,0,0
25,CASH_OUT,379.58,C19044370,15242.56,14862.98,C71740218,4630.83,5010.41,0,37.0,1,1,0,0
687,TRANSFER,2915.46,C49652426,52977.1,50061.64,C62001182,33416.7,36332.159999999996,0,10.4,1,1,0,0
404,PAYMENT,1820.14,C36633205,129239.37,127419.23,M96544065,27941.04,29761.18,0,14.9,1,3,0,0
673,CASH_OUT,385.38,C84218139,15985.76,15600.380000000001,C40511995,70257.99,70643.37000000001,0,36.3,1,5,0,0
542,CASH_IN,12973.75,C50115339,14373.01,1399.2600000000002,C72695924,5830.95,18804.7,0,13.4,1,0,0,0
165,CASH_OUT,6365.44,C55558212,62879.59,56514.149999999994,C26302805,41412.01,47777.450000000004,0,50.4,1,3,0,0
208,CASH_OUT,573.42,C59335206,459.12,0.0,C62167922,90118.2,90691.62,0,5.4,2,1,0,0
614,DEBIT,437.98,C35888502,89856.37,89418.39,C45073098,32146.67,32584.649999999998,0,8.6,1,2,0,0
373,PAYMENT,9620.45,C84374358,23843.93,14223.48,M27820911,80383.03,90003.48,0,51.0,1,5,0,0
618,PAYMENT,99.32,C83117543,115975.95,115876.62999999999,M71840283,85974.27,86073.59000000001,0,7.1,1,1,0,0
69,CASH_OUT,176.49,C11073355,61646.19,61469.700000000004,C84739233,11660.03,11836.52,0,30.0,2,4,0,0
520,TRANSFER,4290.33,C55489985,78687.1,74396.77,C63992264,84776.74,89067.07,0,23.4,2,2,0,0
635,CASH_OUT,47432.6,C27072326,9388.81,0.0,C71337757,45867.42,93300.01999999999,0,22.7,1,3,0,0
353,CASH_IN,609.19,C70957579,22642.08,22032.890000000003,C94694367,78793.81,79403.0,0,39.7,1,2,0,0
101,TRANSFER,748.81,C38792266,16464.85,15716.039999999999,C80716162,12280.93,13029.74,0,30.7,3,4,0,0
1,PAYMENT,1217.65,C45214359,62781.24,61563.59,M55825680,19033.02,20250.670000000002,0,9.2,1,1,0,0
351,CASH_OUT,770.95,C12551792,1150.32,379.3699999999999,C89684528,36933.42,37704.369999999995,0,20.2,2,1,0,0
7,PAYMENT,837.69,C57899851,48277.67,47439.979999999996,M29813326,56086.04,56923.73,0,43.2,1,4,0,0
318,CASH_OUT,599.72,C46916159,101286.97,100687.25,C11236565,162149.07,162748.79,0,10.9,1,4,0,1
623,TRANSFER,2533.8,C94895788,2234.97,0.0,C31829301,2833.53,5367.33,0,2.9,1,1,0,0
509,CASH_OUT,6303.09,C32520475,17173.43,10870.34,C27131827,31209.51,37512.6,0,8.6,1,1,0,0
186,PAYMENT,2403.44,C42227311,11656.46,9253.019999999999,M71349110,31766.47,34169.91,0,53.9,1,3,0,0
728,CASH_OUT,1349.95,C22268257,313191.85,311841.89999999997,C79152652,94550.98,95900.93,0,42.1,1,1,0,0
462,TRANSFER,605.64,C95450788,212110.93,211505.28999999998,C64246481,10763.45,11369.09,0,29.3,1,1,0,0
343,TRANSFER,217.73,C86985727,6637.83,6420.1,C58928685,6939.86,7157.589999999999,0,13.0,1,0,0,0
635,PAYMENT,174.56,C49008630,10831.38,10656.82,M99592270,26344.87,26519.43,0,38.2,3,1,0,0
713,CASH_OUT,121.9,C61815299,1161.53,1039.6299999999999,C21310727,51792.28,51914.18,0,1.5,2,3,0,0
8,DEBIT,5637.17,C30267111,41762.05,36124.880000000005,C21502716,142938.71,148575.88,0,16.8,1,3,0,0
576,PAYMENT,633.88,C93316649,57893.19,57259.310000000005,M67443118,33926.62,34560.5,0,19.0,2,2,0,0
136,PAYMENT,3694.65,C97859090,53139.3,49444.65,M27067867,51712.42,55407.07,0,80.7,1,5,0,0
383,PAYMENT,500.05,C46996436,15054.86,14554.810000000001,M89165306,13051.04,13551.09,0,28.5,2,2,0,1
186,CASH_OUT,1584.77,C96977660,11363.78,9779.01,C36699759,45133.22,46717.99,0,38.6,1,1,0,0
639,CASH_OUT,982.54,C40503382,2867.71,1885.17,C43880659,11115.04,12097.580000000002,0,33.2,2,2,0,0
372,TRANSFER,30706.15,C78829178,50073.53,19367.379999999997,C15561531,27373.62,58079.770000000004,0,4.4,1,6,0,0
561,PAYMENT,767.1,C92430469,14085.02,13317.92,M36701931,1907.33,2674.43,0,6.7,1,5,0,0
166,TRANSFER,8233.26,C56451217,4645.1,0.0,C18905679,15633.56,23866.82,0,28.8,1,3,0,0
639,TRANSFER,146.29,C43374082,21887.46,21741.17,C50089493,60890.8,61037.090000000004,0,27.0,1,0,0,0
321,TRANSFER,20682.01,C49475495,8035.95,0.0,C82473387,2809.71,23491.719999999998,0,37.4,1,2,0,0
689,CASH_IN,8044.76,C53813409,35285.62,27240.86,C91487606,15339.7,23384.46,0,5.0,1,4,0,0
715,PAYMENT,627.83,C50031941,8074.11,7446.28,M99504274,7486.86,8114.69,0,48.9,2,2,0,0
157,CASH_OUT,610.73,C38485441,223638.7,223027.97,C85197454,39497.5,40108.23,0,21.9,1,5,0,0
731,TRANSFER,15465.41,C15523918,20440.99,4975.580000000002,C29452892,54467.93,69933.34,0,14.4,1,1,0,0
285,TRANSFER,9657.14,C28927456,32207.7,22550.56,C59897713,4657.6,14314.74,0,14.1,1,5,1,0
28,CASH_OUT,1182.27,C42762931,45395.99,44213.72,C60802721,29608.1,30790.37,0,28.4,1,5,0,0
351,CASH_OUT,384.7,C87387265,95066.8,94682.1,C98158861,45760.49,46145.189999999995,0,29.4,1,2,0,0
83,CASH_IN,12539.07,C71623815,147791.9,135252.83,C94471492,183777.18,196316.25,0,5.1,2,2,0,0
624,PAYMENT,773.31,C22670083,22861.32,22088.01,M61135996,9828.39,10601.699999999999,0,3.7,1,1,0,0
666,PAYMENT,3307.61,C49333568,27542.18,24234.57,M98250018,3055.63,6363.24,0,22.4,1,3,0,0
370,CASH_OUT,648.24,C97303423,8182.58,7534.34,C30545643,11930.41,12578.65,0,14.6,2,8,0,1
541,TRANSFER,1217.55,C90981562,10514.38,9296.83,C12951550,32906.0,34123.55,0,15.5,1,5,0,0
395,PAYMENT,55695.25,C99266752,64045.88,8350.629999999997,M30378204,40112.47,95807.72,0,57.3,2,2,0,0
480,PAYMENT,1575.24,C96867583,28571.02,26995.78,M64855902,19035.54,20610.780000000002,0,54.0,1,4,0,0
213,PAYMENT,24084.09,C36119708,92342.93,68258.84,M44743576,22760.96,46845.05,0,8.9,1,3,0,0
614,DEBIT,116.77,C73829285,37660.34,37543.57,C51791888,31755.12,31871.89,0,35.3,3,2,0,0
360,PAYMENT,79.84,C19884376,16613.21,16533.37,M29290172,6761.52,6841.360000000001,0,37.6,1,4,0,0
214,PAYMENT,5163.54,C35633937,56863.76,51700.22,M15023734,130681.84,135845.38,0,45.1,2,1,0,0
304,PAYMENT,452.76,C40620107,32005.38,31552.620000000003,M34822512,44734.84,45187.6,0,12.2,1,2,0,0
155,TRANSFER,1732.85,C15902986,110465.24,108732.39,C41742383,29460.57,31193.42,0,25.8,1,3,0,0
380,PAYMENT,39.84,C51198010,23248.39,23208.55,M53244890,52675.59,52715.42999999999,0,24.7,2,2,0,0
200,TRANSFER,46.63,C53431860,14697.13,14650.5,C62057548,4170.55,4217.18,0,3.7,1,2,0,0
680,PAYMENT,1855.05,C78616484,28940.85,27085.8,M76665748,61788.1,63643.15,0,51.1,2,1,0,0
238,CASH_OUT,755.99,C14385212,94541.47,93785.48,C78593835,8564.16,9320.15,0,24.8,2,4,0,0
671,PAYMENT,989.09,C50699810,86979.31,85990.22,M41185575,3339.0,4328.09,0,24.8,1,4,0,0
705,TRANSFER,36419.53,C96800544,111967.9,75548.37,C71910881,86393.41,122812.94,0,12.0,2,1,0,0
167,DEBIT,4260.59,C63040328,94736.97,90476.38,C33676814,48498.75,52759.34,0,28.5,1,1,0,0
226,CASH_OUT,85879.24,C76629435,20034.09,0.0,C18315798,1562.95,87442.19,0,22.7,1,1,0,0
251,TRANSFER,2072.28,C32386606,44852.95,42780.67,C48859807,107278.09,109350.37,0,32.1,1,2,0,0
280,PAYMENT,26663.23,C15254594,79164.64,52501.41,M48323241,249192.57,275855.8,0,52.9,1,0,0,0
476,PAYMENT,10616.25,C34957927,91352.2,80735.95,M10810931,38549.06,49165.31,0,22.7,1,2,0,0
498,CASH_OUT,727.81,C52805392,25687.87,24960.059999999998,C74668271,6333.06,7060.870000000001,0,18.4,1,1,0,0
733,CASH_IN,1324.89,C90720998,36035.4,34710.51,C53139583,29040.8,30365.69,0,14.0,1,1,0,0
535,CASH_OUT,954.8,C53711490,17171.62,16216.82,C14889181,45255.78,46210.58,0,19.8,1,3,0,0
701,TRANSFER,12505.23,C36658770,59838.83,47333.600000000006,C32532285,8187.12,20692.35,0,19.6,1,2,0,0
411,CASH_OUT,2971.83,C98866989,55715.83,52744.0,C35981790,19596.88,22568.71,0,3.3,2,5,0,0
429,TRANSFER,345.44,C93764066,44627.57,44282.13,C87329279,4612.0,4957.44,0,24.6,1,3,0,0
539,PAYMENT,178.14,C23881894,49350.93,49172.79,M35883416,34764.79,34942.93,0,48.7,1,4,0,0
443,TRANSFER,189.5,C67574901,114460.26,114270.76,C24137453,16831.51,17021.01,0,25.9,1,2,0,0
210,CASH_IN,360.62,C61451147,85754.33,85393.71,C91943955,17397.92,17758.539999999997,0,24.5,1,1,0,0
547,PAYMENT,327.94,C61559323,6666.24,6338.3,M27496343,24641.96,24969.899999999998,0,19.2,1,2,0,0
710,CASH_OUT,205.91,C15720486,51464.61,51258.7,C57601302,11664.11,11870.02,0,6.7,2,4,0,0
491,PAYMENT,13614.72,C68362561,8812.56,0.0,M17566636,38372.34,51987.06,0,20.4,2,1,0,0
471,TRANSFER,115.03,C37426982,8031.7,7916.67,C91876423,44546.08,44661.11,0,29.7,1,1,0,0
686,PAYMENT,3750.24,C67358960,29821.89,26071.65,M55030057,11564.76,15315.0,0,34.6,1,1,0,0
730,TRANSFER,109577.58,C40543781,33232.53,0.0,C59467912,58876.61,168454.19,0,14.5,2,1,0,0
568,CASH_OUT,2114.78,C21464920,5496.71,3381.93,C24532624,2203.24,4318.02,0,7.8,1,3,0,0
664,PAYMENT,2127.15,C33867994,35852.66,33725.51,M14519134,47078.9,49206.05,0,43.9,2,1,0,0
463,CASH_OUT,2724.94,C84045820,9709.41,6984.469999999999,C59186373,22818.23,25543.17,0,27.3,2,2,0,0
550,CASH_OUT,126.71,C99130295,39996.97,39870.26,C25482539,38888.51,39015.22,0,53.6,1,3,0,0
477,CASH_IN,3944.1,C86307233,89221.16,85277.06,C17250505,20299.95,24244.05,0,23.1,1,3,0,0
198,PAYMENT,3305.82,C54784895,4493.48,1187.6599999999994,M84229125,18977.36,22283.18,0,26.6,1,3,0,0
521,TRANSFER,1680.29,C48508792,25479.01,23798.719999999998,C29121870,6206.6,7886.89,0,31.4,1,3,0,0
499,PAYMENT,86.43,C58853482,13309.57,13223.14,M72300800,49905.88,49992.31,0,47.0,1,4,0,0
511,CASH_IN,54615.8,C87823465,42742.32,0.0,C17534615,14273.3,68889.1,0,31.1,2,4,0,0
690,CASH_IN,2771.79,C33730237,111989.44,109217.65000000001,C20898047,22507.68,25279.47,0,3.3,1,1,0,0
325,TRANSFER,200.2,C25254061,10986.99,10786.789999999999,C92162802,56785.53,56985.729999999996,0,35.2,2,2,0,0
688,CASH_OUT,296.33,C21793818,56397.63,56101.299999999996,C34671826,10452.84,10749.17,0,17.8,1,1,0,0
467,TRANSFER,446.2,C33489608,4885.82,4439.62,C64557419,23968.93,24415.13,0,12.8,1,1,0,0
596,CASH_OUT,31501.89,C95782471,39460.51,7958.620000000003,C53650145,15379.14,46881.03,0,23.3,1,1,0,0
139,PAYMENT,1446.78,C73403509,56362.14,54915.36,M31392427,50247.7,51694.479999999996,0,46.2,1,3,0,0
242,CASH_OUT,1447.71,C13742515,55568.89,54121.18,C88237825,131407.64,132855.35,0,30.7,1,4,0,0
316,PAYMENT,696.63,C76396033,67017.31,66320.68,M80071149,120272.86,120969.49,0,27.8,1,3,0,0
667,CASH_OUT,11451.46,C57674359,27010.47,15559.010000000002,C95309447,27490.25,38941.71,0,19.7,1,3,0,0
733,CASH_OUT,12584.76,C41700198,71361.26,58776.49999999999,C66599253,7405.2,19989.96,0,34.3,2,2,0,0
135,CASH_OUT,118.65,C51556709,32017.72,31899.07,C11317377,135383.32,135501.97,0,3.9,1,3,0,0
188,PAYMENT,1508.75,C79221667,19498.21,17989.46,M53934992,88711.76,90220.51,0,21.6,1,3,0,0
690,PAYMENT,1226.9,C34793037,19427.09,18200.19,M68937932,6902.7,8129.6,0,14.3,1,2,0,0
579,PAYMENT,324.72,C15810326,9659.29,9334.570000000002,M97628297,12771.57,13096.289999999999,0,18.1,2,0,0,0
69,TRANSFER,634.39,C26174848,63751.33,63116.94,C84950889,4705.82,5340.21,0,22.4,2,4,0,0
439,PAYMENT,1069.38,C47906752,8576.64,7507.259999999999,M18196188,124969.59,126038.97,0,27.4,1,3,0,0
77,CASH_IN,294.66,C70083010,50559.31,50264.649999999994,C93933770,2936.68,3231.3399999999997,0,10.2,1,1,0,0
400,TRANSFER,3060.99,C44970710,54735.2,51674.21,C58243039,20052.36,23113.35,0,29.6,1,1,0,0
374,PAYMENT,2943.33,C65172815,16888.1,13944.769999999999,M70715628,72799.37,75742.7,0,24.7,1,0,0,0
12,TRANSFER,4591.13,C73110492,33533.03,28941.899999999998,C75396548,31329.71,35920.84,0,82.6,2,2,0,0
487,TRANSFER,778.82,C74240878,55573.14,54794.32,C99507643,29060.74,29839.56,0,37.7,1,1,0,0
417,CASH_OUT,37.75,C54936726,8.76,0.0,C69747368,19325.96,19363.71,0,39.9,1,1,0,0
207,TRANSFER,500.21,C92232494,16061.25,15561.04,C29515720,356.42,856.63,0,11.7,1,2,0,0
341,CASH_IN,272.23,C72619181,23872.6,23600.37,C76984512,6467.31,6739.540000000001,0,36.9,1,3,0,0
620,TRANSFER,1332.6,C86244596,133576.07,132243.47,C72675355,34454.02,35786.619999999995,0,39.6,1,1,0,0
721,CASH_IN,5067.86,C43967776,31203.15,26135.29,C49678444,64828.53,69896.39,0,14.7,1,4,0,0
311,DEBIT,54280.13,C21654006,35360.59,0.0,C92226592,41655.18,95935.31,0,21.9,1,1,0,0
308,PAYMENT,354.03,C24937977,54550.53,54196.5,M43286696,57068.35,57422.38,0,21.5,1,5,0,0
293,CASH_IN,2275.56,C98535550,30027.31,27751.75,C92218616,9247.25,11522.81,0,20.4,1,4,0,0
625,PAYMENT,2476.12,C24672608,28315.56,25839.440000000002,M37217234,33059.11,35535.23,0,13.6,2,2,0,0
376,CASH_OUT,24159.03,C74646949,183216.35,159057.32,C57663353,18538.46,42697.49,0,32.9,1,4,0,0
527,TRANSFER,2686.26,C88097346,83651.1,80964.84000000001,C18326013,16278.82,18965.08,0,41.9,1,3,0,0
340,DEBIT,938.92,C43238192,60493.23,59554.310000000005,C65223330,22108.41,23047.329999999998,0,13.4,2,4,0,0
83,DEBIT,1674.84,C23155739,32748.05,31073.21,C87288423,82028.91,83703.75,0,37.5,1,1,0,0
577,CASH_OUT,3381.93,C80157703,21256.11,17874.18,C70486754,86529.87,89911.79999999999,0,15.4,2,2,0,0
452,CASH_OUT,6836.25,C97080880,44812.38,37976.13,C93403256,62114.94,68951.19,0,45.6,1,0,0,0
3,PAYMENT,38674.8,C14824734,29548.63,0.0,M79983355,18856.7,57531.5,0,26.9,2,0,0,0
456,PAYMENT,32186.98,C48752820,31423.22,0.0,M52577171,988.23,33175.21,0,11.4,1,3,0,0
236,TRANSFER,457.99,C29314978,12525.92,12067.93,C43855111,18297.27,18755.260000000002,0,21.0,1,1,0,0
389,PAYMENT,120.6,C81558585,78336.68,78216.07999999999,M84087534,69848.37,69968.97,0,14.8,1,3,0,0
393,CASH_OUT,190.93,C95301090,78289.39,78098.46,C62551730,4129.08,4320.01,0,16.3,1,1,0,0
641,PAYMENT,2785.36,C25583108,17899.71,15114.349999999999,M40577470,44167.77,46953.13,0,47.6,1,1,0,0
30,CASH_IN,13743.54,C33461280,17062.67,3319.1299999999974,C97403178,78327.83,92071.37,0,18.5,1,1,0,0
583,CASH_OUT,1165.69,C14227054,16290.01,15124.32,C52789836,25236.5,26402.19,0,16.4,2,5,0,0
148,CASH_OUT,321.84,C70217868,8875.52,8553.68,C10707334,1727.88,2049.7200000000003,0,38.8,1,4,0,0
605,PAYMENT,129.2,C22375704,97674.46,97545.26000000001,M65094250,27972.37,28101.57,0,21.7,1,2,0,0
283,DEBIT,31388.6,C86741630,15433.85,0.0,C69030671,47178.94,78567.54000000001,0,27.6,2,3,0,0
729,CASH_IN,755.09,C43686122,59975.09,59220.0,C20866912,42739.04,43494.13,0,49.4,1,2,0,0
238,TRANSFER,112.48,C85756055,5249.21,5136.7300000000005,C63350329,28691.49,28803.97,0,19.9,1,3,0,0
739,CASH_OUT,1725.02,C83948682,66473.35,64748.33000000001,C95017364,36937.0,38662.02,0,30.4,2,2,0,0
731,CASH_OUT,1819.34,C57624714,7967.74,6148.4,C13590026,12960.53,14779.87,0,46.3,1,2,0,0
319,PAYMENT,8889.93,C61874656,8646.78,0.0,M95920299,9547.46,18437.39,0,8.4,1,3,0,0
337,TRANSFER,211.02,C84523933,89050.34,88839.31999999999,C16401285,87022.97,87233.99,0,15.2,1,4,0,0
31,TRANSFER,14668.97,C65301261,17189.3,2520.33,C28394008,13617.31,28286.28,0,33.9,1,6,0,0
626,PAYMENT,19344.94,C69404352,9460.43,0.0,M34728767,47161.34,66506.28,0,24.1,1,0,0,0
614,TRANSFER,2135.05,C89533150,38489.83,36354.78,C68865267,8127.16,10262.21,0,23.7,1,3,0,0
605,PAYMENT,5384.33,C94223594,3890.44,0.0,M89567739,22488.38,27872.71,0,21.1,1,3,0,0
207,PAYMENT,7800.93,C35452696,61966.6,54165.67,M77327412,6114.49,13915.42,0,37.4,1,2,0,0
229,PAYMENT,613.78,C21459992,92051.14,91437.36,M55166025,13957.91,14571.69,0,25.3,1,5,0,0
583,CASH_IN,148.63,C77140914,14277.72,14129.09,C92835467,7905.28,8053.91,0,27.7,2,1,0,0
342,TRANSFER,626.3,C71808885,59866.19,59239.89,C84309756,124746.39,125372.69,0,20.0,1,3,0,0
460,CASH_IN,76.45,C59090577,2764.65,2688.2000000000003,C35301779,638.61,715.0600000000001,0,19.0,1,4,0,0
136,TRANSFER,4234.08,C68088491,32506.6,28272.519999999997,C62517316,17088.21,21322.29,0,7.0,1,3,0,0
284,PAYMENT,32164.18,C66855097,151773.61,119609.43,M63987377,39706.52,71870.7,0,33.5,1,1,0,0
351,TRANSFER,384.71,C32125109,38616.25,38231.54,C15434007,84252.98,84637.69,0,40.1,1,2,0,0
17,TRANSFER,787.32,C90282253,26447.98,25660.66,C85881457,226012.1,226799.42,0,30.0,1,4,0,0
215,PAYMENT,1148.54,C60533419,293.94,0.0,M79355913,37535.74,38684.28,0,13.4,1,2,0,0
395,CASH_OUT,74142.47,C31225626,14780.65,0.0,C56955836,100092.06,174234.53,0,20.0,1,3,0,0
399,PAYMENT,797.79,C26421086,27973.15,27175.36,M36060538,118656.51,119454.29999999999,0,20.3,1,2,0,0
414,CASH_OUT,13552.96,C13666730,23694.67,10141.71,C26370120,30797.36,44350.32,0,18.3,1,2,0,0
244,CASH_OUT,1929.56,C56478721,28897.96,26968.399999999998,C16009868,4925.64,6855.200000000001,0,11.7,1,2,0,0
95,PAYMENT,6.02,C24290212,1196.64,1190.6200000000001,M94781970,27873.08,27879.100000000002,0,47.9,2,2,0,0
633,PAYMENT,733.34,C45369569,37883.48,37150.14000000001,M89758774,26465.83,27199.170000000002,0,48.7,1,5,0,0
6,CASH_OUT,8802.29,C95434872,14473.93,5671.639999999999,C25477781,31766.32,40568.61,0,50.2,1,1,0,0
87,TRANSFER,740.81,C87472221,25591.36,24850.55,C20479475,17389.98,18130.79,0,39.8,1,4,0,0
189,PAYMENT,4546.04,C90529056,108760.79,104214.75,M79075968,44176.03,48722.07,0,26.2,1,1,0,0
615,CASH_IN,40913.94,C64582176,88044.23,47130.28999999999,C71367746,25006.03,65919.97,0,59.7,1,1,0,0
616,PAYMENT,4591.92,C32715673,25372.17,20780.25,M89518779,33871.1,38463.02,0,54.2,2,2,0,0
420,CASH_OUT,576.21,C33689980,2778.73,2202.52,C16311475,14367.62,14943.830000000002,0,10.5,1,1,0,0
67,CASH_IN,6500.42,C74973608,109865.82,103365.40000000001,C56192828,23212.09,29712.510000000002,0,26.6,1,1,0,0
618,PAYMENT,4349.4,C26540003,25457.35,21107.949999999997,M44233208,49981.87,54331.270000000004,0,44.8,1,0,0,0
248,PAYMENT,10375.84,C38742696,32652.79,22276.95,M75051744,4541.35,14917.19,0,11.8,3,1,0,0
207,PAYMENT,1529.68,C90477882,4479.56,2949.88,M48545176,64609.03,66138.70999999999,0,15.3,2,1,0,0
205,PAYMENT,421.6,C44155920,58970.71,58549.11,M35629061,22004.81,22426.41,0,25.6,2,3,0,0
319,PAYMENT,4760.38,C71791063,62260.73,57500.350000000006,M60191788,147775.16,152535.54,0,38.1,1,3,0,0
83,CASH_OUT,5036.97,C76119108,26268.83,21231.86,C92285872,30307.28,35344.25,0,15.6,1,3,0,0
424,PAYMENT,695.38,C87332095,109858.01,109162.62999999999,M77940862,2339.5,3034.88,0,16.2,1,2,0,0
82,TRANSFER,112.51,C26601087,2492.82,2380.31,C41743595,28629.28,28741.789999999997,0,45.1,1,4,0,0
549,CASH_IN,794.61,C78050933,18375.28,17580.67,C75870641,30129.9,30924.510000000002,0,60.1,3,2,0,0
725,CASH_OUT,217.45,C69038041,11587.26,11369.81,C86271972,43909.5,44126.95,0,62.1,1,2,0,0
487,CASH_OUT,1114.02,C98948059,59850.95,58736.93,C23075168,7195.9,8309.92,0,43.8,1,2,0,0
133,PAYMENT,7329.46,C22394332,11449.78,4120.320000000001,M91626338,25902.57,33232.03,0,36.2,2,3,0,0
115,CASH_OUT,49.0,C97347041,60654.92,60605.92,C32034102,19580.59,19629.59,0,42.0,2,3,0,0
377,TRANSFER,3160.67,C99594104,79618.7,76458.03,C48744323,99804.28,102964.95,0,12.4,1,4,0,0
211,TRANSFER,3794.25,C89935029,76447.68,72653.43,C64754787,14042.8,17837.05,0,62.3,1,3,0,0
132,PAYMENT,342.55,C22203931,1422.65,1080.1000000000001,M89428895,734.4,1076.95,0,58.1,1,2,0,0
374,DEBIT,3383.56,C91658073,133331.26,129947.70000000001,C74014094,27509.34,30892.9,0,68.9,1,4,0,0
154,TRANSFER,14850.5,C97831662,62699.53,47849.03,C35479479,131651.75,146502.25,0,34.7,2,2,0,0
423,PAYMENT,3937.07,C74483071,83775.56,79838.48999999999,M39563476,41137.62,45074.69,0,39.6,2,1,0,0
366,TRANSFER,73346.25,C93182239,51887.0,0.0,C13047469,36733.18,110079.43,0,19.4,1,6,0,0
694,TRANSFER,2100.2,C16307988,37657.94,35557.740000000005,C45452541,71422.7,73522.9,0,15.1,2,1,0,0
147,CASH_OUT,10999.3,C71904956,51736.54,40737.240000000005,C38750361,6743.82,17743.12,0,24.7,1,0,0,0
734,CASH_OUT,70182.78,C20211025,22324.75,0.0,C35819018,17461.2,87643.98,0,28.0,2,3,0,0
127,CASH_OUT,4511.78,C85121867,30607.43,26095.65,C29065175,9344.36,13856.14,0,17.8,1,3,0,0
308,PAYMENT,42429.49,C97430562,62314.55,19885.060000000005,M70770141,19395.61,61825.1,0,31.4,2,3,0,0
715,TRANSFER,4112.61,C73567349,55077.57,50964.96,C83520705,2313.94,6426.549999999999,0,34.3,3,1,0,0
118,TRANSFER,24883.18,C57959829,45012.7,20129.519999999997,C83789402,21133.0,46016.18,0,29.1,1,1,0,0
573,PAYMENT,241.81,C90434578,2523.31,2281.5,M15640676,6403.23,6645.04,0,38.9,1,3,0,0
231,PAYMENT,2019.37,C45406097,16969.42,14950.05,M89728294,38781.13,40800.5,0,12.4,1,1,0,0
451,CASH_OUT,154338.83,C53304247,46249.92,0.0,C88937008,26182.87,180521.69999999998,0,54.6,1,1,0,0
500,PAYMENT,68.29,C14666815,31145.71,31077.42,M69489110,44052.3,44120.590000000004,0,30.4,1,3,0,0
662,TRANSFER,452.12,C70864939,20630.73,20178.61,C58860358,23306.38,23758.5,0,16.3,1,4,0,0
145,PAYMENT,90636.35,C92453308,63119.87,0.0,M32098994,39363.93,130000.28,0,48.8,2,3,0,0
623,PAYMENT,1490.46,C46788782,24471.94,22981.48,M33314489,4205.71,5696.17,0,6.0,2,6,0,1
679,PAYMENT,1487.4,C15286863,119524.41,118037.01000000001,M52332355,7211.7,8699.1,0,33.2,2,2,0,0
701,CASH_IN,9401.5,C76927467,37931.71,28530.21,C64788812,136881.28,146282.78,0,18.7,1,3,0,0
49,CASH_OUT,17268.25,C83993337,33034.88,15766.629999999997,C60970342,73351.11,90619.36,0,32.9,2,2,0,0
107,CASH_IN,929.93,C46465975,20563.79,19633.86,C99819774,32744.47,33674.4,0,26.3,2,2,0,0
93,TRANSFER,94.31,C60464338,7206.9,7112.589999999999,C27783759,265943.79,266038.1,0,31.3,1,1,0,0
636,PAYMENT,340.9,C48364552,482.7,141.8,M52888392,1463.57,1804.4699999999998,0,23.1,2,2,0,0
140,TRANSFER,658.71,C64507552,56488.24,55829.53,C12695346,152392.26,153050.97,0,52.7,1,4,0,0
314,TRANSFER,218.07,C53788215,3380.5,3162.43,C86192017,2471.08,2689.15,0,52.6,1,1,0,0
11,CASH_OUT,383.98,C13963366,19654.92,19270.94,C11189848,41138.71,41522.69,0,23.3,1,4,0,0
448,PAYMENT,1837.96,C73595798,104226.78,102388.81999999999,M20445621,35029.68,36867.64,0,23.5,1,4,0,0
395,TRANSFER,392.42,C37076183,32512.43,32120.010000000002,C84351006,83285.89,83678.31,0,39.6,1,3,0,0
505,PAYMENT,43403.48,C59435109,107436.11,64032.63,M86437828,35079.17,78482.65,0,20.5,1,5,0,0
378,PAYMENT,873.58,C45442691,3174.65,2301.07,M65525675,9980.04,10853.62,0,53.2,1,2,0,0
361,CASH_OUT,115.4,C28546731,92699.0,92583.6,C20815388,9700.73,9816.13,0,8.9,1,6,0,0
683,TRANSFER,14966.71,C71019437,134035.05,119068.34,C62142342,52952.42,67919.13,0,46.9,1,0,0,0
548,TRANSFER,597628.41,C55049114,122452.12,0.0,C84520265,71892.76,669521.17,1,11.9,1,5,0,1
642,TRANSFER,998.11,C90072074,20512.8,19514.69,C57940878,26628.8,27626.91,0,26.0,2,1,0,0
573,TRANSFER,2869.33,C58861780,4997.34,2128.01,C84622015,65686.09,68555.42,0,42.5,1,5,0,0
561,CASH_OUT,18892.25,C86338893,123297.96,104405.71,C17625120,6802.63,25694.88,0,23.8,1,1,0,0
396,DEBIT,917.02,C25497041,8560.73,7643.709999999999,C29376603,30363.0,31280.02,0,17.9,1,2,0,0
186,CASH_IN,52804.22,C10058362,39483.1,0.0,C15891227,25997.42,78801.64,0,25.5,3,1,0,0
221,CASH_OUT,100.64,C39990999,26166.39,26065.75,C74725571,70712.29,70812.93,0,31.5,2,2,0,0
518,PAYMENT,1461.03,C28083987,158331.89,156870.86000000002,M71640946,100583.15,102044.18,0,16.9,2,5,0,0
300,CASH_OUT,416.83,C44276456,26887.64,26470.809999999998,C63148490,4809.62,5226.45,0,54.1,1,1,0,0
175,TRANSFER,235.98,C80019102,23126.42,22890.44,C14309174,34954.11,35190.090000000004,0,17.5,1,2,0,0
371,PAYMENT,436.76,C71696883,44191.6,43754.84,M34498906,21516.15,21952.91,0,25.4,1,1,0,0
509,CASH_OUT,4552.77,C35535183,37512.41,32959.64,C10083828,25922.55,30475.32,0,15.4,2,4,0,0
204,PAYMENT,9487.98,C72962735,30085.66,20597.68,M17068598,71867.06,81355.04,0,25.4,1,1,0,0
608,CASH_IN,6475.14,C80942697,34916.99,28441.85,C18627253,44451.64,50926.78,0,12.3,2,2,0,0
282,TRANSFER,127.71,C23899206,5181.85,5054.14,C22866277,28373.4,28501.11,0,43.6,2,1,0,0
647,CASH_OUT,4875.09,C32148531,136602.9,131727.81,C73484658,32999.22,37874.31,0,7.3,1,2,0,0
416,CASH_OUT,1458.41,C69019407,14408.03,12949.62,C44261079,77095.21,78553.62000000001,0,13.2,1,2,0,0
33,DEBIT,634.65,C81314839,42214.44,41579.79,C57253053,72586.13,73220.78,0,25.8,1,2,0,0
82,CASH_OUT,1220.22,C95848551,1806.15,585.9300000000001,C53606445,16756.03,17976.25,0,8.5,1,0,0,0
483,CASH_OUT,36247.98,C13613519,17525.37,0.0,C93150697,4810.75,41058.73,0,25.9,2,0,0,0
148,PAYMENT,1101.11,C76501368,58350.2,57249.09,M93798551,6815.25,7916.36,0,15.4,1,3,0,0
607,TRANSFER,7154.21,C42553126,30565.81,23411.600000000002,C37910327,15570.38,22724.59,0,30.2,1,3,0,0
495,PAYMENT,11596.02,C62058510,65497.5,53901.479999999996,M33119093,134583.49,146179.50999999998,0,33.6,2,3,0,0
170,CASH_OUT,8819.01,C61694823,8445.33,0.0,C92439878,107617.19,116436.2,0,34.3,3,1,0,1
723,TRANSFER,793.85,C86553457,221431.3,220637.44999999998,C69671563,92614.08,93407.93000000001,0,24.0,1,4,0,0
703,CASH_OUT,875.36,C54788483,29504.78,28629.42,C18766930,33178.08,34053.44,0,3.3,1,4,0,0
7,PAYMENT,2962.22,C86676535,38694.98,35732.76,M21694559,27558.33,30520.550000000003,0,16.2,2,3,0,0
380,PAYMENT,666.85,C10076621,14892.18,14225.33,M18447647,11447.14,12113.99,0,40.0,1,2,0,0
434,CASH_OUT,390.43,C48704533,20711.23,20320.8,C62943762,45395.44,45785.87,0,2.0,1,1,0,0
34,PAYMENT,2161.55,C38299795,53150.87,50989.32,M40386219,85084.51,87246.06,0,33.8,1,5,0,0
563,PAYMENT,424.12,C46136179,20906.77,20482.65,M42649705,73478.78,73902.9,0,19.5,1,2,0,0
632,PAYMENT,831.27,C37630305,63389.66,62558.39000000001,M42779222,57189.5,58020.77,0,7.6,2,2,0,0
138,CASH_IN,1103.69,C88625105,16833.74,15730.050000000001,C37145428,11189.55,12293.24,0,65.0,1,4,0,0
367,CASH_OUT,665.75,C96272687,72506.22,71840.47,C97935767,34316.17,34981.92,0,7.6,1,0,0,0
106,TRANSFER,1140.49,C83207990,56190.77,55050.28,C59084415,10191.91,11332.4,0,27.4,1,1,0,0
32,PAYMENT,832.4,C30184560,11919.23,11086.83,M80237459,65150.33,65982.73,0,9.4,1,2,0,0
636,PAYMENT,71525.03,C90362585,2566.44,0.0,M24551007,102182.06,173707.09,0,34.9,1,2,0,0
682,CASH_OUT,43631.53,C96514246,133114.71,89483.18,C57210869,111123.4,154754.93,0,15.9,1,3,0,0
524,CASH_OUT,840.54,C63442386,13406.41,12565.869999999999,C54749954,101063.93,101904.46999999999,0,26.6,2,0,0,0
168,PAYMENT,793.93,C55489175,43041.13,42247.2,M92967649,13414.71,14208.64,0,20.9,1,5,0,0
78,PAYMENT,1207.73,C54145546,17680.64,16472.91,M93542798,9419.06,10626.789999999999,0,37.3,1,2,0,0
546,PAYMENT,2779.55,C64526351,53676.3,50896.75,M53878499,3441.94,6221.49,0,20.0,3,2,0,0
209,CASH_OUT,1504.46,C98288320,60407.68,58903.22,C89520537,55327.91,56832.37,0,6.6,1,5,0,0
411,CASH_OUT,1860.33,C49128547,3860.6,2000.27,C44627784,130898.34,132758.66999999998,0,46.4,1,2,0,0
8,PAYMENT,7503.39,C64696923,2565.65,0.0,M15393997,5064.7,12568.09,0,18.7,2,2,0,0
737,PAYMENT,379.23,C26809477,234102.69,233723.46,M44572168,25976.82,26356.05,0,34.5,1,2,0,0
227,PAYMENT,620.41,C95364474,73060.57,72440.16,M72099163,12755.06,13375.47,0,32.8,1,3,0,0
175,CASH_IN,135.14,C84055481,15162.44,15027.300000000001,C66555066,52292.87,52428.01,0,25.5,1,3,0,0
81,PAYMENT,878.56,C95433521,33802.67,32924.11,M84096386,79953.36,80831.92,0,35.7,1,5,0,0
57,CASH_OUT,1931.97,C93718856,158482.45,156550.48,C29412630,17281.23,19213.2,0,20.6,1,4,0,0
135,CASH_OUT,1959.77,C46545349,39247.92,37288.15,C12966486,46106.41,48066.18,0,17.4,2,1,0,0
238,TRANSFER,17247.91,C78524603,27175.35,9927.439999999999,C82474282,20327.98,37575.89,0,17.6,1,7,0,0
472,PAYMENT,374.81,C65043781,1915.09,1540.28,M89099230,118757.68,119132.48999999999,0,18.5,1,5,0,0
217,PAYMENT,95.81,C75459939,43947.58,43851.770000000004,M74962675,86.09,181.9,0,31.9,3,2,0,0
739,CASH_OUT,2127.02,C17939347,106707.35,104580.33,C18861232,58509.34,60636.35999999999,0,33.7,1,0,0,0
26,CASH_OUT,1298.45,C10823719,39133.14,37834.69,C30345488,1765.54,3063.99,0,1.7,1,4,0,0
187,CASH_OUT,8418.68,C66563389,76112.69,67694.01000000001,C80896230,51627.91,60046.590000000004,0,18.3,1,9,0,0
630,TRANSFER,2093.89,C48702702,108567.94,106474.05,C74796361,119797.64,121891.53,0,25.4,3,3,0,0
709,PAYMENT,18105.45,C40043248,26154.87,8049.419999999998,M55601429,86577.13,104682.58,0,30.2,1,1,0,0
116,CASH_IN,1406.34,C39639391,26515.92,25109.579999999998,C12119445,5060.27,6466.610000000001,0,49.0,1,4,0,0
614,CASH_OUT,714.23,C72985092,127162.08,126447.85,C17671299,3017.81,3732.04,0,18.2,1,1,0,0
163,PAYMENT,6481.93,C66932645,20822.55,14340.619999999999,M77208974,100565.52,107047.45000000001,0,34.2,1,0,0,0
414,CASH_IN,4307.06,C37897316,54162.6,49855.54,C90312746,12835.04,17142.100000000002,0,33.2,1,2,0,0
178,CASH_OUT,500.34,C94089454,48365.67,47865.33,C57194872,7743.83,8244.17,0,17.8,1,2,0,0
280,TRANSFER,4817.32,C56446534,33196.11,28378.79,C57680808,10625.95,15443.27,0,23.8,1,1,0,0
212,CASH_OUT,3999.83,C34627392,51358.39,47358.56,C53751521,30699.6,34699.43,0,36.3,1,2,0,0
54,CASH_OUT,1647.2,C45636429,60724.88,59077.68,C27064618,2816.79,4463.99,0,10.7,2,3,0,0
67,CASH_OUT,13563.57,C69746900,129387.53,115823.95999999999,C88787528,1070.37,14633.939999999999,0,8.1,2,7,0,0
544,PAYMENT,24968.06,C52626159,80663.13,55695.07000000001,M89734703,35312.37,60280.43000000001,0,43.6,1,4,0,0
520,PAYMENT,636.63,C27020633,22160.89,21524.26,M52012981,22950.21,23586.84,0,29.0,2,3,0,0
499,CASH_IN,4355.25,C34462942,28294.15,23938.9,C71294086,91782.6,96137.85,0,23.8,1,2,0,1
431,PAYMENT,2061.32,C95439651,116991.43,114930.10999999999,M36992059,32711.22,34772.54,0,33.6,1,2,0,0
727,TRANSFER,806.12,C94182290,15798.76,14992.64,C30686358,34853.63,35659.75,0,18.1,1,5,0,0
46,TRANSFER,1451.85,C81464191,19640.85,18189.0,C57801128,100518.6,101970.45000000001,0,60.9,2,4,0,0
592,TRANSFER,75.26,C99337605,58417.66,58342.4,C26981185,3983.17,4058.4300000000003,0,14.4,1,5,0,0
35,CASH_OUT,12550.12,C89518882,5870.5,0.0,C14702889,24525.08,37075.200000000004,0,42.0,1,1,0,0
189,CASH_IN,7469.55,C42840888,77369.86,69900.31,C50486625,20600.16,28069.71,0,56.1,1,3,0,0
89,PAYMENT,56.87,C60968911,148181.21,148124.34,M25561827,60765.81,60822.68,0,7.3,3,4,0,0
335,PAYMENT,1294.01,C21457213,51523.11,50229.1,M97180108,21790.36,23084.37,0,30.1,1,3,0,0
136,PAYMENT,3312.32,C66786953,3748.95,436.62999999999965,M83531882,26452.92,29765.239999999998,0,17.4,1,1,0,0
546,DEBIT,8423.82,C71564780,13624.79,5200.970000000001,C36644558,25502.97,33926.79,0,60.8,1,4,0,0
113,CASH_OUT,1126.0,C35534609,5129.84,4003.84,C54646128,62737.92,63863.92,0,2.0,1,5,0,0
172,PAYMENT,1159.24,C90108787,18487.85,17328.609999999997,M62433453,44667.21,45826.45,0,58.1,1,2,0,0
339,CASH_OUT,3504.75,C45781732,140297.0,136792.25,C87706472,22261.04,25765.79,0,24.8,1,2,0,0
555,DEBIT,530.9,C68356355,22252.4,21721.5,C19142496,2969.33,3500.23,0,55.6,1,3,0,0
525,CASH_OUT,36111.37,C75564923,10189.41,0.0,C97864469,71860.55,107971.92000000001,0,23.2,1,2,0,0
174,CASH_IN,2177.62,C16860231,54171.64,51994.02,C52224368,198147.04,200324.66,0,35.0,1,3,0,0
637,PAYMENT,2563.58,C27436951,114953.48,112389.9,M92614290,54444.52,57008.1,0,17.3,3,1,0,0
332,CASH_OUT,20454.34,C99038062,1755.17,0.0,C24369822,22679.75,43134.09,0,33.6,2,4,0,0
207,TRANSFER,1731.67,C49392353,55194.17,53462.5,C28544899,20006.9,21738.57,0,6.6,1,3,0,0
343,CASH_OUT,20825.19,C41179095,17060.48,0.0,C18478909,36421.61,57246.8,0,51.1,1,2,0,0
104,CASH_OUT,100.68,C84767145,23425.87,23325.19,C89648909,9616.99,9717.67,0,6.3,1,2,0,0
642,CASH_OUT,14430.96,C68186936,13540.96,0.0,C31393972,6813.16,21244.12,0,2.4,1,3,0,0
40,CASH_OUT,11615.07,C27184933,118271.65,106656.57999999999,C11541343,4775.87,16390.94,0,36.1,2,1,0,0
23,PAYMENT,44.89,C66009779,108587.58,108542.69,M45032178,138935.41,138980.30000000002,0,27.8,1,4,0,0
252,TRANSFER,1010.12,C50550415,46418.26,45408.14,C34928549,43145.54,44155.66,0,42.0,1,7,0,0
290,CASH_IN,3755.8,C77960622,810.55,0.0,C41302777,32432.37,36188.17,0,29.8,1,2,0,0
202,CASH_IN,7779.13,C27071912,146475.43,138696.3,C12688380,85721.2,93500.33,0,27.1,1,3,0,0
155,PAYMENT,19134.42,C40158946,31500.38,12365.960000000003,M76922234,15953.43,35087.85,0,18.5,2,3,0,0
567,PAYMENT,122.27,C27623984,33563.54,33441.270000000004,M34653188,28521.62,28643.89,0,38.9,1,5,0,0
106,PAYMENT,2087.77,C59317913,74129.47,72041.7,M17415816,6068.36,8156.129999999999,0,28.0,1,3,0,0
260,CASH_OUT,333.02,C94621295,47557.94,47224.920000000006,C38079730,37286.48,37619.5,0,45.8,1,3,0,0
200,CASH_OUT,504.49,C17730613,6471.52,5967.030000000001,C26125365,91443.13,91947.62000000001,0,18.5,1,4,0,0
217,PAYMENT,7646.15,C99642860,5566.75,0.0,M15099255,54949.56,62595.71,0,15.4,2,1,0,0
411,TRANSFER,431.37,C61111045,14526.72,14095.349999999999,C99612649,34039.55,34470.920000000006,0,24.5,2,1,0,0
559,CASH_OUT,1817.38,C66863812,3659.73,1842.35,C49551416,29400.92,31218.3,0,14.5,1,1,0,0
117,CASH_OUT,813.42,C73318694,89481.92,88668.5,C36877959,36832.77,37646.189999999995,0,28.5,1,2,0,0
424,TRANSFER,10996.06,C36942750,2012.78,0.0,C21728120,39630.73,50626.79,0,22.6,2,5,0,0
212,TRANSFER,66.57,C30032422,145919.23,145852.66,C14046349,37926.88,37993.45,0,42.1,1,1,0,0
155,TRANSFER,16891.85,C15198441,5889.55,0.0,C19495579,25163.32,42055.17,0,20.9,2,2,0,0
263,PAYMENT,26359.7,C80077062,97467.93,71108.23,M83541339,39324.91,65684.61,0,27.5,1,5,0,0
507,TRANSFER,5276.25,C71390340,13540.8,8264.55,C50042960,29432.73,34708.979999999996,0,26.8,1,1,0,0
151,CASH_OUT,2720.45,C36144795,54048.65,51328.200000000004,C38008939,21943.82,24664.27,0,52.5,1,5,0,0
212,DEBIT,45.9,C82985157,20936.42,20890.519999999997,C86493142,29515.39,29561.29,0,31.4,1,2,0,0
192,CASH_OUT,5749.69,C97943207,3482.49,0.0,C61877855,68657.59,74407.28,0,40.5,1,3,0,0
98,CASH_OUT,11114.58,C80699025,65545.66,54431.08,C73177460,95165.46,106280.04000000001,0,45.0,1,2,0,0
541,PAYMENT,2170.19,C66907664,82478.73,80308.54,M12172482,40712.86,42883.05,0,33.0,1,1,0,0
701,TRANSFER,557.76,C99432438,17743.82,17186.06,C43119553,79144.46,79702.22,0,21.2,2,3,0,0
172,PAYMENT,25175.65,C64073332,76757.79,51582.13999999999,M94529006,178.31,25353.960000000003,0,59.6,2,4,0,0
371,PAYMENT,379.94,C38683008,30577.5,30197.56,M61930705,112955.75,113335.69,0,52.7,1,2,0,0
709,CASH_OUT,13819.79,C66293650,65374.67,51554.88,C75269636,323.04,14142.830000000002,0,55.3,1,1,0,0
155,CASH_IN,4676.56,C70058756,51823.31,47146.75,C73674248,109347.91,114024.47,0,32.1,1,3,0,0
140,PAYMENT,1323.14,C11843017,132871.67,131548.53,M17993284,7922.18,9245.32,0,16.4,2,3,0,0
256,TRANSFER,145842.54,C64342985,19874.56,0.0,C50554255,3914.16,149756.7,0,32.4,2,0,0,0
676,CASH_OUT,4309.91,C63425879,5829.14,1519.2300000000005,C30795159,86638.98,90948.89,0,44.5,1,7,0,0
646,PAYMENT,5166.87,C43205179,77624.25,72457.38,M21977330,670.48,5837.35,0,55.3,1,4,0,0
416,TRANSFER,4535.85,C92462337,83777.31,79241.45999999999,C53967946,70235.25,74771.1,0,4.9,1,2,0,0
329,CASH_OUT,3117.21,C33893386,1322.88,0.0,C58900751,9055.14,12172.349999999999,0,22.3,3,2,0,1
378,CASH_OUT,1519.4,C18534275,6741.22,5221.82,C21528735,20391.9,21911.300000000003,0,16.8,2,1,0,0
266,PAYMENT,7065.32,C28795003,89249.96,82184.64000000001,M33516468,333.18,7398.5,0,28.8,2,3,0,0
541,TRANSFER,2160.25,C32239830,45890.28,43730.03,C18676863,142352.57,144512.82,0,7.0,2,1,0,0
139,CASH_OUT,68.05,C79894982,30149.56,30081.510000000002,C21795873,23392.54,23460.59,0,16.6,1,4,0,0
597,TRANSFER,409.67,C43671374,87637.91,87228.24,C23764484,22735.12,23144.789999999997,0,9.0,1,2,0,0
512,PAYMENT,14366.12,C38157474,14118.46,0.0,M50454900,938.68,15304.800000000001,0,18.4,2,3,0,0
249,CASH_OUT,8878.54,C44431434,19643.12,10764.579999999998,C76449379,8234.05,17112.59,0,10.1,1,4,0,0
308,PAYMENT,279.07,C17328798,74254.73,73975.65999999999,M92746238,8683.76,8962.83,0,25.0,1,7,0,0
573,CASH_OUT,680.17,C85531393,44706.0,44025.83,C75949717,440.49,1120.6599999999999,0,29.6,1,1,0,0
219,PAYMENT,598.31,C73343241,11686.13,11087.82,M59322188,7469.26,8067.57,0,14.6,1,6,0,0
584,CASH_IN,24860.7,C28773935,112207.19,87346.49,C75563350,112394.5,137255.2,0,26.0,1,6,0,0
293,TRANSFER,112.88,C87487364,258756.23,258643.35,C99925072,34963.23,35076.11,0,3.8,1,3,0,0
410,PAYMENT,599.17,C13561035,7806.51,7207.34,M77585698,713.81,1312.98,0,26.7,1,4,0,0
198,PAYMENT,2085.79,C76395857,17585.66,15499.869999999999,M54524462,9694.29,11780.080000000002,0,37.1,1,3,0,0
80,PAYMENT,134.41,C89490573,69207.4,69072.98999999999,M80300400,21385.04,21519.45,0,14.5,1,1,0,0
385,DEBIT,2096.26,C78266620,6588.59,4492.33,C61825034,7530.0,9626.26,0,20.5,1,2,0,0
137,CASH_IN,276.07,C92678920,31234.16,30958.09,C40944603,6838.73,7114.799999999999,0,24.0,2,4,0,0
213,TRANSFER,400.15,C83880933,12322.47,11922.32,C18708921,127403.29,127803.43999999999,0,34.1,1,1,0,0
619,TRANSFER,709.71,C20203400,54589.8,53880.090000000004,C96038480,196302.28,197011.99,0,9.8,1,1,0,0
207,CASH_OUT,1305.19,C94608243,22297.93,20992.74,C66236565,39068.31,40373.5,0,69.8,1,5,0,0
664,DEBIT,654.86,C53409587,94247.47,93592.61,C88784134,80614.68,81269.54,0,50.6,2,1,0,0
133,TRANSFER,2146.92,C79817610,30649.32,28502.4,C41078095,22855.08,25002.0,0,7.2,1,1,0,0
166,TRANSFER,17018.92,C66880917,38449.04,21430.120000000003,C93640602,239.86,17258.78,0,40.8,1,1,0,0
503,TRANSFER,8603.77,C67665000,109909.57,101305.8,C11128449,35034.05,43637.82000000001,0,32.2,2,2,0,0
430,CASH_OUT,27567.32,C49563741,73175.11,45607.79,C64930579,7264.52,34831.84,0,36.3,1,3,0,0
180,PAYMENT,1579.73,C98298236,82733.16,81153.43000000001,M31465676,34349.07,35928.8,0,36.5,1,5,0,0
121,CASH_OUT,1590.72,C51558004,628.71,0.0,C90378516,88985.98,90576.7,0,15.6,1,2,0,0
174,TRANSFER,2628.59,C18764693,53554.82,50926.229999999996,C13037225,55425.97,58054.56,0,24.7,1,6,0,0
331,CASH_OUT,114.47,C59014553,31363.16,31248.69,C32601722,11962.81,12077.279999999999,0,27.2,2,2,0,0
68,PAYMENT,11633.59,C40573920,107576.47,95942.88,M75017834,66323.8,77957.39,0,25.1,1,1,0,0
699,TRANSFER,920.88,C60475849,1950.79,1029.9099999999999,C78845448,49704.34,50625.219999999994,0,29.1,1,3,0,0
138,TRANSFER,1669.51,C30703040,93132.8,91463.29000000001,C51525667,109470.65,111140.15999999999,0,18.4,1,3,0,0
308,CASH_OUT,3901.07,C11368139,7280.12,3379.0499999999997,C21555307,38817.23,42718.3,0,12.8,3,5,0,0
330,PAYMENT,450.13,C92802926,44805.69,44355.560000000005,M22976363,158158.25,158608.38,0,65.8,1,2,0,0
238,TRANSFER,476.61,C86333839,64828.32,64351.71,C77044535,30009.76,30486.37,0,26.8,1,3,0,0
530,TRANSFER,3649.88,C30080474,11004.11,7354.2300000000005,C69630441,29789.26,33439.14,0,5.6,2,1,0,0
76,TRANSFER,3966.68,C67562295,9117.6,5150.92,C72846187,765.91,4732.59,0,39.4,1,5,0,0
151,CASH_OUT,111087.49,C12061822,57330.45,0.0,C66477688,110268.18,221355.66999999998,0,45.2,1,6,0,0
620,CASH_OUT,2802.92,C80620763,9149.36,6346.4400000000005,C84866552,22551.71,25354.629999999997,0,3.6,1,5,0,0
665,CASH_OUT,4733.19,C39619208,35978.22,31245.030000000002,C81189262,81087.75,85820.94,0,29.3,3,2,0,0
316,PAYMENT,118838.6,C74617811,15225.84,0.0,M52138754,19495.59,138334.19,0,38.6,1,3,0,0
37,CASH_OUT,3369.96,C86361052,1608.77,0.0,C16912435,104890.63,108260.59000000001,0,9.5,2,2,0,0
658,TRANSFER,3943.21,C59274432,3473.36,0.0,C65991319,119214.27,123157.48000000001,0,39.2,1,1,0,0
126,PAYMENT,9.55,C35941456,7044.25,7034.7,M86284307,847.17,856.7199999999999,0,33.0,1,2,0,0
620,PAYMENT,901.58,C71364779,39401.14,38499.56,M21244531,49384.15,50285.73,0,18.8,2,1,0,0
286,PAYMENT,2609.55,C64097023,11876.73,9267.18,M99132553,1305.01,3914.5600000000004,0,21.1,1,1,0,0
240,CASH_OUT,459.1,C52140639,94687.32,94228.22,C98556095,4143.76,4602.860000000001,0,35.6,2,0,0,0
614,CASH_OUT,2654.27,C89023376,1379.27,0.0,C83490298,1652.05,4306.32,0,32.6,1,4,0,0
220,CASH_OUT,6592.05,C90804772,53864.96,47272.909999999996,C80341402,1231.53,7823.58,0,3.2,1,1,0,0
7,TRANSFER,9532.76,C95715275,4688.61,0.0,C47050288,21198.87,30731.629999999997,0,30.6,1,2,1,1
216,TRANSFER,1485.82,C88030602,110530.67,109044.84999999999,C10862771,24073.21,25559.03,0,20.1,1,3,0,0
681,PAYMENT,109.56,C25380123,2101.89,1992.33,M42656571,25311.22,25420.780000000002,0,1.8,1,5,0,0
586,PAYMENT,2112.04,C82673492,7717.54,5605.5,M35270709,6770.98,8883.02,0,32.8,3,3,0,0
293,TRANSFER,848.67,C76145089,16264.37,15415.7,C31060922,12473.58,13322.25,0,45.0,1,5,0,0
539,PAYMENT,454.25,C82414776,5301.51,4847.26,M85016645,56022.96,56477.21,0,19.9,1,5,0,0
484,PAYMENT,1087.84,C47427707,121250.05,120162.21,M43116371,17223.72,18311.56,0,38.8,2,2,0,0
43,TRANSFER,968.49,C24866339,7099.82,6131.33,C93771619,12073.09,13041.58,0,9.0,1,0,0,0
307,CASH_OUT,1221.0,C97150576,4332.13,3111.13,C78706178,16504.42,17725.42,0,3.6,3,3,0,0
93,CASH_IN,793.94,C27687279,3084.98,2291.04,C72256291,90077.22,90871.16,0,5.9,1,4,0,0
583,CASH_IN,24061.48,C25334480,81996.6,57935.12000000001,C34198418,88699.4,112760.87999999999,0,12.3,1,5,0,0
269,CASH_OUT,2919.42,C50414260,52473.4,49553.98,C35742960,23038.44,25957.86,0,20.5,1,1,0,0
621,TRANSFER,2941.13,C50693520,70715.23,67774.09999999999,C22674620,78143.89,81085.02,0,70.6,1,2,0,0
693,CASH_OUT,3820.54,C62561988,61029.32,57208.78,C11380050,18294.63,22115.170000000002,0,36.3,1,1,0,0
215,CASH_OUT,152.35,C97084367,171984.12,171831.77,C73009233,3255.84,3408.19,0,10.8,1,1,0,0
114,PAYMENT,11226.23,C74218992,73153.31,61927.08,M60380632,24174.1,35400.33,0,44.0,1,3,0,0
185,TRANSFER,629621.43,C26948105,24108.13,0.0,C36845690,94175.75,723797.18,1,17.6,1,2,0,0
125,CASH_OUT,319.78,C32582194,17109.3,16789.52,C34520227,2836.76,3156.54,0,14.5,3,2,0,0
105,TRANSFER,536.79,C84757533,17265.08,16728.29,C30277975,11416.79,11953.580000000002,0,16.8,2,2,0,0
237,TRANSFER,673.13,C70514556,18750.1,18076.969999999998,C91638063,2062.83,2735.96,0,23.7,1,2,0,0
653,TRANSFER,3096.83,C39072151,10312.82,7215.99,C37456538,57047.47,60144.3,0,50.4,1,2,0,0
158,PAYMENT,1416.01,C15137341,24972.83,23556.820000000003,M84100982,66676.29,68092.29999999999,0,39.0,1,3,0,0
474,TRANSFER,715.59,C61650266,5830.63,5115.04,C75863528,89406.21,90121.8,0,69.0,1,3,0,0
505,PAYMENT,5190.77,C97930247,17629.85,12439.079999999998,M60946761,3374.36,8565.130000000001,0,15.7,1,3,0,0
274,PAYMENT,3633.84,C29487951,9627.78,5993.9400000000005,M16035038,42294.33,45928.17,0,12.2,1,5,0,0
117,PAYMENT,16330.95,C93583684,126053.84,109722.89,M60201056,29951.12,46282.07,0,69.5,3,2,0,0
574,CASH_OUT,2344.42,C49040718,30924.97,28580.550000000003,C48794727,11971.7,14316.12,0,71.6,2,0,0,0
536,PAYMENT,1680.01,C47836090,86468.38,84788.37000000001,M67698409,45357.29,47037.3,0,26.2,3,2,0,0
60,TRANSFER,827.82,C88828243,44391.63,43563.81,C55783577,689.76,1517.58,0,10.6,2,2,0,0
401,PAYMENT,2761.0,C96739080,45631.86,42870.86,M45720539,5374.34,8135.34,0,48.5,1,5,0,0
180,CASH_IN,276.91,C27146907,160.51,0.0,C20522592,97643.05,97919.96,0,3.7,1,6,0,0
232,PAYMENT,12806.95,C79077425,641.92,0.0,M59399631,40720.05,53527.0,0,41.0,1,5,0,0
476,TRANSFER,5577.56,C88303302,16339.19,10761.630000000001,C48165839,4573.49,10151.05,0,14.2,1,3,0,0
655,DEBIT,2704.11,C41121558,3044.89,340.77999999999975,C67521261,42795.98,45500.090000000004,0,7.7,1,0,0,0
245,CASH_OUT,875.74,C51564439,16231.56,15355.82,C74469100,11862.26,12738.0,0,29.2,1,2,0,0
593,PAYMENT,34518.61,C61564175,48119.16,13600.550000000003,M33858610,16437.85,50956.46,0,18.1,1,1,0,0
638,CASH_OUT,674.1,C57596565,61747.69,61073.590000000004,C91859748,4626.84,5300.9400000000005,0,30.5,2,2,0,0
649,TRANSFER,391.35,C68525306,47374.42,46983.07,C49478752,51959.45,52350.799999999996,0,26.0,1,6,0,0
568,TRANSFER,1036.41,C64333334,40417.75,39381.34,C34790174,13654.95,14691.36,0,81.6,1,3,0,0
213,PAYMENT,8010.05,C55549330,4238.43,0.0,M46673823,6753.86,14763.91,0,43.0,1,3,0,0
606,PAYMENT,23847.33,C10884594,6865.05,0.0,M57079928,151807.24,175654.57,0,40.6,1,4,0,0
459,CASH_OUT,12194.01,C50002905,2094.98,0.0,C97899423,7409.49,19603.5,0,17.9,1,5,0,0
128,TRANSFER,171.21,C82940272,83680.42,83509.20999999999,C64153509,39143.84,39315.049999999996,0,29.7,1,2,0,0
217,TRANSFER,1627.15,C25329527,19546.36,17919.21,C14393298,5538.67,7165.82,0,44.6,2,3,0,0
711,CASH_OUT,760.38,C44860410,25736.07,24975.69,C36319869,125885.61,126645.99,0,12.2,2,1,0,0
20,CASH_OUT,3696.39,C28863674,48930.84,45234.45,C78243276,24505.45,28201.84,0,19.9,1,1,0,0
567,PAYMENT,1068.92,C65889958,173539.11,172470.18999999997,M87160753,37253.59,38322.509999999995,0,84.9,2,3,0,0
60,CASH_OUT,7297.58,C62784819,47738.33,40440.75,C39045012,2281.88,9579.46,0,26.1,1,5,0,0
675,PAYMENT,796.55,C81172280,6240.1,5443.55,M64930048,116409.4,117205.95,0,16.4,1,2,0,0
714,CASH_OUT,395.66,C21324432,116437.94,116042.28,C89117173,43550.25,43945.91,0,45.3,1,5,0,0
739,CASH_OUT,19037.89,C76176637,13044.86,0.0,C65322496,6094.74,25132.629999999997,0,9.3,1,5,0,0
129,CASH_IN,1707.76,C94925060,78184.17,76476.41,C98106136,29890.75,31598.51,0,20.1,1,3,0,0
557,PAYMENT,8886.48,C12429818,68840.55,59954.07000000001,M70616180,71820.6,80707.08,0,22.3,1,2,0,0
197,PAYMENT,227.41,C63041727,26813.35,26585.94,M90459323,55288.85,55516.26,0,6.7,1,5,0,0
492,PAYMENT,325.2,C44724136,36927.42,36602.22,M58232551,99263.4,99588.59999999999,0,38.8,1,3,0,0
678,PAYMENT,184.6,C80323795,12978.48,12793.88,M41277563,118791.47,118976.07,0,9.9,2,3,0,0
504,PAYMENT,448.88,C18768702,60632.43,60183.55,M59494255,1322.59,1771.4699999999998,0,81.3,1,4,0,0
247,CASH_IN,534.46,C27179290,193800.49,193266.03,C89189237,40775.18,41309.64,0,7.2,1,5,0,0
738,PAYMENT,456.89,C42913462,27858.65,27401.760000000002,M52874668,2337.61,2794.5,0,31.3,3,4,0,0
260,PAYMENT,1684.79,C11556509,308688.09,307003.30000000005,M23399302,217.89,1902.6799999999998,0,21.5,1,3,0,0
347,CASH_OUT,299.06,C46486305,14544.19,14245.130000000001,C94567441,3386.89,3685.95,0,35.0,1,2,0,0
197,TRANSFER,462.57,C69857961,6426.21,5963.64,C95708617,189936.03,190398.6,0,29.5,1,5,0,0
107,CASH_OUT,2673.46,C30199703,324755.88,322082.42,C15132081,52.27,2725.73,0,26.1,2,5,0,0
613,PAYMENT,61688.24,C81773067,23586.3,0.0,M38339089,43115.88,104804.12,0,33.4,1,2,0,0
160,TRANSFER,4264.96,C32392092,98077.51,93812.54999999999,C78847367,37986.79,42251.75,0,9.8,2,4,0,0
422,PAYMENT,3606.06,C98974024,1497.66,0.0,M81281956,62319.78,65925.84,0,38.1,2,1,0,0
607,PAYMENT,1117.01,C98730297,49456.01,48339.0,M58832377,44505.89,45622.9,0,7.7,1,5,0,0
207,CASH_IN,51.13,C46155789,166.0,114.87,C23703418,112813.56,112864.69,0,11.3,1,1,0,0
313,PAYMENT,1262.24,C16396653,35109.75,33847.51,M82158644,77061.3,78323.54000000001,0,19.7,1,2,0,0
432,TRANSFER,287.04,C79866168,66696.4,66409.36,C42165922,13212.45,13499.490000000002,0,37.7,1,4,0,0
235,TRANSFER,11399.85,C17334301,48557.28,37157.43,C91373583,83779.15,95179.0,0,21.5,1,2,0,0
327,PAYMENT,30620.66,C41984714,49394.05,18773.390000000003,M56720386,13097.78,43718.44,0,40.9,1,9,0,0
479,DEBIT,351.67,C79717653,19771.12,19419.45,C98817054,43055.76,43407.43,0,42.9,1,2,0,0
428,PAYMENT,1740.57,C90965739,50219.88,48479.31,M83630614,11262.06,13002.63,0,7.4,1,2,0,0
666,CASH_OUT,156.21,C72870751,96469.34,96313.12999999999,C27725795,111403.77,111559.98000000001,0,14.4,1,1,0,0
100,CASH_IN,8029.17,C53434660,34322.8,26293.630000000005,C39527283,48886.02,56915.189999999995,0,54.4,1,4,0,0
238,TRANSFER,17105.46,C65418500,39011.98,21906.520000000004,C49447264,26126.9,43232.36,0,23.5,2,2,0,0
107,CASH_IN,5040.94,C63019922,91127.45,86086.51,C85129726,64921.45,69962.39,0,35.2,2,2,0,0
364,PAYMENT,3214.39,C76872493,6497.05,3282.6600000000003,M66582088,1100.63,4315.02,0,23.4,3,3,0,0
642,TRANSFER,1670.55,C99808356,45950.58,44280.03,C69405587,40407.19,42077.740000000005,0,21.7,1,4,0,0
493,PAYMENT,4402.58,C68918887,32163.55,27760.97,M39574635,1269.53,5672.11,0,46.1,1,0,0,0
43,CASH_OUT,1104.82,C79084054,27001.68,25896.86,C83097691,10351.61,11456.43,0,10.7,1,1,0,0
575,CASH_IN,924.52,C78191904,26182.15,25257.63,C76973511,14987.94,15912.460000000001,0,46.1,2,6,0,0
73,PAYMENT,17291.66,C38967106,50100.17,32808.509999999995,M46603386,55550.7,72842.36,0,20.3,1,3,0,0
698,CASH_OUT,7386.47,C13358611,113935.67,106549.2,C49109408,100291.11,107677.58,0,45.8,1,3,0,0
629,PAYMENT,647.64,C91822563,52499.63,51851.99,M24988477,18404.49,19052.13,0,2.9,1,4,0,0
304,TRANSFER,46582.82,C27275152,15351.38,0.0,C93752052,38496.15,85078.97,0,20.5,1,2,0,0
5,TRANSFER,516.52,C81706286,7413.64,6897.120000000001,C85797237,60091.54,60608.06,0,48.2,1,7,0,0
588,CASH_IN,58708.61,C90943526,191395.35,132686.74,C27887200,74791.98,133500.59,0,47.0,1,1,0,0
349,CASH_OUT,174.26,C50078264,18131.36,17957.100000000002,C87730979,131591.11,131765.37,0,18.2,2,3,0,0
400,PAYMENT,1392.46,C11705541,31385.37,29992.91,M35434772,60999.41,62391.87,0,28.9,1,2,0,0
595,PAYMENT,4102.3,C45025521,874.8,0.0,M46655199,1321.7,5424.0,0,28.1,1,2,0,0
433,PAYMENT,3381.9,C98915791,83345.01,79963.11,M35665934,4302.41,7684.3099999999995,0,24.9,1,2,0,1
572,PAYMENT,2514.31,C48508110,78776.75,76262.44,M78186458,71790.32,74304.63,0,22.5,1,3,0,0
107,PAYMENT,17880.11,C58469096,59320.91,41440.8,M80268397,13122.67,31002.78,0,18.2,1,0,0,0
117,DEBIT,4009.71,C61872758,22007.85,17998.14,C95244751,3443.78,7453.49,0,34.0,1,0,0,0
383,TRANSFER,4568.03,C75950466,23390.74,18822.710000000003,C83811883,126474.74,131042.77,0,34.9,1,0,0,0
82,TRANSFER,607.12,C91409753,34259.84,33652.719999999994,C61800862,19125.91,19733.03,0,38.1,1,3,0,0
653,PAYMENT,7905.14,C25956836,25708.34,17803.2,M59979129,18247.2,26152.34,0,20.5,1,0,0,0
734,DEBIT,816.28,C12586469,9222.65,8406.369999999999,C72138651,4903.73,5720.009999999999,0,8.8,2,2,0,0
410,CASH_OUT,14069.08,C66407028,13134.97,0.0,C34582130,69838.03,83907.11,0,41.6,1,1,0,0
70,PAYMENT,24237.19,C31091662,20085.58,0.0,M35700042,24038.97,48276.16,0,50.3,1,1,0,0
387,CASH_OUT,2083.49,C80388203,1004.55,0.0,C45788857,14409.94,16493.43,0,5.5,1,4,0,0
524,TRANSFER,4641.72,C81354252,20870.6,16228.879999999997,C34625087,70260.67,74902.39,0,16.7,1,3,0,0
297,PAYMENT,3015.16,C78800863,86041.93,83026.76999999999,M64554262,76914.69,79929.85,0,29.7,1,3,0,0
617,TRANSFER,1592.75,C17424233,31673.2,30080.45,C34828115,50058.86,51651.61,0,14.0,1,2,0,0
719,TRANSFER,1216.51,C21760516,10266.62,9050.11,C92974193,22149.28,23365.789999999997,0,18.3,1,5,0,0
65,PAYMENT,235.2,C52040427,59335.17,59099.97,M58375895,14239.55,14474.75,0,18.4,1,4,0,0
575,CASH_IN,549.9,C84687308,1094.01,544.11,C39004374,28935.87,29485.77,0,28.7,1,3,0,0
178,CASH_OUT,2151.43,C29675786,8395.5,6244.07,C88297131,32666.51,34817.939999999995,0,30.1,1,2,0,0
8,CASH_OUT,23831.84,C89325985,43630.28,19798.44,C65941045,33466.79,57298.630000000005,0,12.6,1,3,0,0
159,TRANSFER,3352.08,C92995382,55798.16,52446.08,C98005619,55040.06,58392.14,0,53.2,2,3,0,0
11,TRANSFER,14022.27,C66441585,17459.18,3436.91,C34522399,2469.23,16491.5,0,44.0,1,1,0,0
411,CASH_OUT,78.51,C26330312,16285.26,16206.75,C14811421,41820.38,41898.89,0,12.8,1,2,0,0
607,TRANSFER,21022.56,C35657370,1043.23,0.0,C96032627,81207.88,102230.44,0,24.5,1,2,0,0
155,PAYMENT,5900.03,C87070825,16769.88,10869.850000000002,M22265176,5632.81,11532.84,0,12.6,1,1,0,0
206,TRANSFER,11739.81,C22036381,160090.6,148350.79,C85871275,32281.99,44021.8,0,7.3,1,1,0,0
115,CASH_OUT,54.73,C41274146,25297.75,25243.02,C50785910,46609.3,46664.030000000006,0,15.0,1,3,0,0
379,TRANSFER,889.28,C23347458,19861.92,18972.64,C14400343,129603.26,130492.54,0,44.9,2,1,0,0
599,PAYMENT,273.86,C83524203,49253.4,48979.54,M30845349,4047.99,4321.849999999999,0,12.6,1,1,0,0
709,CASH_OUT,6494.3,C18551575,225920.02,219425.72,C41030304,51919.33,58413.630000000005,0,23.6,1,2,0,0
350,PAYMENT,4526.16,C27150712,28787.53,24261.37,M42224492,34976.84,39503.0,0,40.6,1,0,0,0
98,PAYMENT,9722.57,C65884619,4987.82,0.0,M98062041,16711.31,26433.88,0,24.8,2,2,0,0
19,PAYMENT,913.93,C14661267,63192.27,62278.34,M31809703,2081.24,2995.1699999999996,0,21.4,1,5,0,0
313,PAYMENT,7918.04,C45330817,113858.66,105940.62000000001,M11241228,15979.36,23897.4,0,17.5,1,2,0,0
528,CASH_OUT,1818.1,C58646343,57030.18,55212.08,C52851370,70004.51,71822.61,0,21.6,2,3,0,0
557,TRANSFER,14939.64,C63939855,34385.39,19445.75,C80677056,40284.06,55223.7,0,25.4,1,4,0,0
667,PAYMENT,6247.32,C54522619,14147.72,7900.4,M70684729,10363.52,16610.84,0,8.7,1,1,0,0
445,DEBIT,489.63,C61931674,29528.78,29039.149999999998,C94535208,198317.86,198807.49,0,49.5,1,6,0,0
231,DEBIT,3040.38,C21492512,27429.88,24389.5,C54295321,54817.59,57857.969999999994,0,28.9,1,4,0,0
669,DEBIT,149.61,C51686615,164408.2,164258.59000000003,C52762941,8373.11,8522.720000000001,0,73.2,1,3,0,0
625,PAYMENT,15505.7,C78168406,1882.32,0.0,M24760689,60778.02,76283.72,0,16.4,1,0,0,0
359,TRANSFER,5984.93,C43547483,22679.7,16694.77,C49119443,71163.51,77148.44,0,42.2,1,7,0,1
383,CASH_IN,6422.29,C42119051,18629.51,12207.219999999998,C38122449,81807.48,88229.76999999999,0,13.5,2,3,0,0
512,CASH_OUT,9448.26,C17016449,201246.86,191798.59999999998,C14497575,53822.52,63270.78,0,14.6,1,1,1,0
44,PAYMENT,2691.97,C62345332,324.62,0.0,M68038883,3350.87,6042.84,0,1.8,1,3,0,0
365,PAYMENT,130.81,C95467596,17298.56,17167.75,M47689821,67216.18,67346.98999999999,0,26.8,1,3,0,0
622,TRANSFER,10269.1,C33261358,182166.65,171897.55,C76414620,105072.49,115341.59000000001,0,21.3,2,1,0,0
111,CASH_IN,480.67,C97051946,8671.63,8190.959999999999,C61861729,27700.01,28180.679999999997,0,10.9,1,4,0,0
223,TRANSFER,413.46,C86963481,77866.79,77453.32999999999,C93470426,57266.54,57680.0,0,20.3,1,2,0,0
386,TRANSFER,7002.1,C71790741,41475.0,34472.9,C10690654,28068.51,35070.61,0,13.4,1,5,0,0
265,PAYMENT,704.81,C18368353,118196.16,117491.35,M44519772,40946.85,41651.659999999996,0,6.2,1,3,0,0
271,CASH_OUT,2444.38,C40739395,103218.62,100774.23999999999,C56420912,41649.39,44093.77,0,28.0,1,4,0,0
212,CASH_OUT,6688.27,C79865679,42928.72,36240.45,C76296582,24114.84,30803.11,0,56.4,2,1,0,0
496,TRANSFER,6334.12,C26171592,40401.28,34067.159999999996,C17240288,17521.56,23855.68,0,44.2,1,4,0,0
314,CASH_OUT,13122.97,C72035891,8190.6,0.0,C53704063,22900.13,36023.1,0,66.8,1,2,0,0
387,CASH_IN,671.72,C95499378,3116.07,2444.3500000000004,C38703041,34802.08,35473.8,0,8.5,1,1,0,0
247,PAYMENT,1046.37,C73998117,65856.69,64810.32,M74241967,29957.42,31003.789999999997,0,30.4,2,2,0,0
567,TRANSFER,3402.42,C24671470,47409.85,44007.43,C74459746,41077.37,44479.79,0,3.9,1,3,0,0
350,PAYMENT,178.77,C70757675,79328.13,79149.36,M46094963,1894.37,2073.14,0,63.9,2,5,0,0
72,CASH_OUT,426.65,C13676728,918.71,492.06000000000006,C76530967,24648.96,25075.61,0,55.7,1,7,0,0
296,TRANSFER,366.07,C90010645,135665.91,135299.84,C96559264,2925.49,3291.56,0,4.2,1,2,0,0
213,CASH_OUT,41.29,C32307312,3791.77,3750.48,C81839681,56303.7,56344.99,0,37.9,2,0,0,0
295,CASH_OUT,685.72,C26796814,117501.52,116815.8,C62772614,12469.99,13155.71,0,31.2,1,2,0,0
171,TRANSFER,1846.02,C68206389,10611.99,8765.97,C83039816,16975.13,18821.15,0,33.3,2,3,0,0
246,CASH_IN,2414.4,C48710673,15054.27,12639.87,C10332631,42474.14,44888.54,0,57.0,2,1,0,0
141,TRANSFER,789.39,C14996605,102707.2,101917.81,C38121978,17023.89,17813.28,0,29.7,2,2,0,0
616,PAYMENT,385.05,C17601031,30022.83,29637.780000000002,M62823082,52331.45,52716.5,0,6.3,1,4,0,0
617,CASH_OUT,1457.01,C87591025,59276.6,57819.59,C29766778,79181.6,80638.61,0,10.5,1,5,0,0
240,CASH_OUT,723.99,C80391963,115119.83,114395.84,C52990936,40519.02,41243.009999999995,0,74.1,2,3,0,0
311,PAYMENT,25.81,C65211866,17237.0,17211.19,M38354986,6798.06,6823.870000000001,0,38.4,1,3,0,0
416,DEBIT,381.13,C66519194,7295.44,6914.3099999999995,C44935228,23881.73,24262.86,0,35.1,1,2,0,0
398,CASH_IN,3143.46,C70246623,38876.45,35732.99,C98368643,52757.41,55900.87,0,27.5,1,3,0,0
22,PAYMENT,1776.55,C68324208,24572.2,22795.65,M21523194,12720.53,14497.08,0,44.7,2,3,0,0
78,CASH_IN,2549.72,C46192971,80162.14,77612.42,C96553271,118680.9,121230.62,0,8.5,1,4,0,0
475,PAYMENT,5473.93,C74894948,253.09,0.0,M89557762,114894.3,120368.23000000001,0,16.2,1,2,0,0
707,PAYMENT,2953.06,C81269790,43420.97,40467.91,M19285229,16524.57,19477.63,0,18.0,1,7,0,0
353,PAYMENT,2116.88,C98072608,36276.71,34159.83,M17106913,38071.54,40188.42,0,17.5,1,2,0,0
371,DEBIT,872.69,C92907375,94763.38,93890.69,C88541538,19661.12,20533.809999999998,0,34.1,2,2,0,0
21,CASH_OUT,528.17,C23189945,42967.95,42439.78,C15219592,51789.74,52317.909999999996,0,14.0,3,1,0,0
507,PAYMENT,2022.73,C14187669,272221.81,270199.08,M86401634,63008.93,65031.66,0,46.7,1,1,0,0
160,TRANSFER,286.32,C33817870,1344.59,1058.27,C19211889,7290.75,7577.07,0,48.4,1,3,0,0
361,CASH_OUT,6464.13,C59198191,35015.98,28551.850000000002,C90333238,29403.63,35867.76,0,29.2,2,2,0,0
556,PAYMENT,325.54,C20622273,186495.28,186169.74,M66552100,16994.63,17320.170000000002,0,1.8,1,3,0,0
297,DEBIT,22463.5,C42688083,145571.72,123108.22,C87070889,103746.44,126209.94,0,30.0,1,1,0,0
352,CASH_OUT,1637.25,C99109638,12333.15,10695.9,C59549787,8770.25,10407.5,0,45.6,3,2,0,0
180,TRANSFER,14084.12,C89027184,87787.02,73702.90000000001,C85803636,117117.69,131201.81,0,21.7,2,3,0,0
472,CASH_IN,261.78,C16599999,81833.35,81571.57,C95706042,21738.79,22000.57,0,10.7,1,3,0,0
395,TRANSFER,34974.89,C82699484,164153.78,129178.89,C12345749,82707.06,117681.95,0,24.7,1,1,0,0
613,CASH_IN,256.81,C84462339,35603.3,35346.490000000005,C72287475,24967.5,25224.31,0,61.0,1,0,0,0
627,CASH_OUT,1640.98,C99136295,37670.06,36029.079999999994,C76292707,38059.53,39700.51,0,23.5,1,1,0,0
213,CASH_OUT,173.01,C38590589,77197.07,77024.06000000001,C71366741,177244.52,177417.53,0,25.4,1,5,0,0
530,PAYMENT,1878.06,C72952957,344809.36,342931.3,M70206763,52617.17,54495.229999999996,0,74.9,1,4,0,0
395,DEBIT,1404.6,C86574029,18490.56,17085.960000000003,C54921754,8666.98,10071.58,0,13.5,1,1,0,0
27,TRANSFER,29.45,C93752556,57490.22,57460.770000000004,C24782173,12222.58,12252.03,0,14.1,1,3,0,0
449,PAYMENT,2346.75,C27557824,55607.7,53260.95,M90322390,24876.94,27223.69,0,22.7,3,2,0,0
438,PAYMENT,4612.53,C28055823,97359.09,92746.56,M22716780,35277.32,39889.85,0,11.6,1,3,0,0
285,TRANSFER,385.64,C71494039,52417.74,52032.1,C56232545,2520.94,2906.58,0,16.3,1,3,0,0
661,TRANSFER,1083.99,C49387223,30642.94,29558.949999999997,C41537865,1780.41,2864.4,0,34.0,1,2,0,0
649,CASH_OUT,1213.14,C64663937,18612.62,17399.48,C34093880,24456.19,25669.329999999998,0,53.4,1,1,0,0
189,DEBIT,35445.16,C41432269,173975.16,138530.0,C55987511,29654.55,65099.71000000001,0,23.4,1,1,0,0
702,PAYMENT,2584.9,C62950979,20453.79,17868.89,M13092943,3325.5,5910.4,0,14.1,1,2,0,0
199,CASH_OUT,675.89,C29293774,14728.26,14052.37,C10573880,25810.06,26485.95,0,18.6,1,3,0,0
102,PAYMENT,251.03,C36183873,78668.91,78417.88,M87120603,60665.3,60916.33,0,21.5,2,1,0,0
479,DEBIT,83.15,C93324338,34423.01,34339.86,C92104651,31860.27,31943.420000000002,0,26.1,1,3,0,0
603,CASH_OUT,1443.69,C59868656,10120.9,8677.21,C54173323,25984.59,27428.28,0,5.4,3,4,0,0
224,TRANSFER,2231.11,C75338049,22241.29,20010.18,C17814680,2965.63,5196.74,0,4.3,1,2,0,0
517,CASH_OUT,204.78,C69560730,11374.41,11169.63,C31183692,157590.56,157795.34,0,45.1,1,3,0,0
527,PAYMENT,141.14,C71624758,11724.5,11583.36,M57414969,31165.36,31306.5,0,22.6,1,2,0,0
441,TRANSFER,4228.8,C29838728,3941.0,0.0,C70216303,23872.65,28101.45,0,51.3,3,4,0,1
517,CASH_OUT,10513.95,C52394484,51808.4,41294.45,C14474151,3064.45,13578.400000000001,0,52.4,1,1,0,0
230,TRANSFER,1074.3,C93619387,23202.59,22128.29,C78965793,53369.41,54443.71000000001,0,34.2,1,3,0,0
114,TRANSFER,4511.72,C69273706,3067.81,0.0,C92740076,12898.0,17409.72,0,49.9,2,2,0,0
516,TRANSFER,1502.18,C88667366,52632.9,51130.72,C50429403,3346.49,4848.67,0,36.0,1,3,0,0
184,CASH_OUT,194649.58,C19652012,17608.91,0.0,C51792281,50925.86,245575.44,0,55.9,1,0,0,0
725,PAYMENT,1557.29,C33177536,8840.09,7282.8,M30525857,26211.86,27769.15,0,6.5,1,2,0,0
34,PAYMENT,21514.59,C23639424,161346.49,139831.9,M68557194,2319.39,23833.98,0,16.9,1,5,0,0
296,CASH_OUT,5004.83,C51959001,3886.05,0.0,C72817827,75804.97,80809.8,0,57.4,1,3,0,0
453,CASH_OUT,681.33,C35367366,24442.21,23760.879999999997,C12920815,23723.87,24405.2,0,21.6,1,3,0,1
708,PAYMENT,5225.31,C30436591,47795.87,42570.560000000005,M73858497,6216.55,11441.86,0,11.7,1,0,0,0
505,PAYMENT,1629.92,C13689661,251143.95,249514.03,M19725164,16539.41,18169.33,0,10.8,1,3,0,1
406,PAYMENT,288.64,C64677341,4302.97,4014.3300000000004,M51052080,1166.58,1455.2199999999998,0,42.2,1,2,0,0
127,PAYMENT,2132.45,C63746784,134058.29,131925.84,M78376652,156613.21,158745.66,0,12.9,2,4,0,0
142,TRANSFER,834.04,C48209936,106379.89,105545.85,C89600416,55418.69,56252.73,0,44.7,1,3,0,0
648,CASH_OUT,1653.96,C87445042,75518.15,73864.18999999999,C21976867,2003.8,3657.76,0,13.9,1,2,0,0
128,CASH_OUT,1593.28,C71968934,5415.41,3822.13,C95722220,10993.42,12586.7,0,30.9,2,1,0,0
686,CASH_OUT,1212.57,C85449060,17185.32,15972.75,C72242033,25877.74,27090.31,0,11.5,2,4,0,0
730,TRANSFER,324.78,C46474598,15812.07,15487.289999999999,C66786669,50494.12,50818.9,0,30.0,3,2,0,0
626,CASH_OUT,16274.35,C11865579,38206.42,21932.07,C94131189,40318.9,56593.25,0,8.2,2,6,0,0
350,TRANSFER,1586.76,C65901000,6389.7,4802.94,C78339519,23280.38,24867.14,0,47.6,1,2,0,0
524,CASH_IN,2692.75,C73487402,84712.67,82019.92,C65899695,31648.4,34341.15,0,13.1,1,5,0,0
463,CASH_OUT,1265.52,C64728451,57312.49,56046.97,C13741400,1762.81,3028.33,0,65.8,1,2,0,0
244,PAYMENT,871.14,C55657590,98687.4,97816.26,M90894333,274150.55,275021.69,0,25.6,1,2,0,0
564,CASH_OUT,2585.67,C28609872,12591.61,10005.94,C75876362,80708.92,83294.59,0,7.2,1,4,0,0
186,PAYMENT,22725.48,C20678059,48441.46,25715.98,M33054554,15590.91,38316.39,0,41.3,1,1,0,0
233,CASH_OUT,109.36,C55611759,95175.68,95066.31999999999,C31129085,4560.38,4669.74,0,14.5,1,1,0,0
514,PAYMENT,253.84,C81407673,2588.33,2334.49,M94028416,39611.7,39865.53999999999,0,13.6,1,2,0,0
1,PAYMENT,1000.6,C50614702,39991.16,38990.560000000005,M74322669,99300.29,100300.89,0,24.3,2,0,0,0
239,DEBIT,437.96,C48745865,64954.95,64516.99,C58254441,46182.37,46620.33,0,30.7,1,4,0,0
55,PAYMENT,68041.8,C49662060,23226.9,0.0,M53471635,2821.4,70863.2,0,6.7,1,1,0,0
495,CASH_OUT,966.49,C87607662,21812.2,20845.71,C36047494,19084.65,20051.140000000003,0,17.1,1,2,0,0
732,PAYMENT,4249.26,C30452884,1641.57,0.0,M48125236,50712.59,54961.85,0,71.4,1,2,0,0
616,CASH_OUT,1083.97,C94876087,33638.49,32554.519999999997,C23874707,11087.24,12171.21,0,49.8,1,5,0,0
418,CASH_OUT,18.81,C34190583,45355.09,45336.28,C36342674,41185.81,41204.619999999995,0,29.0,1,1,0,0
448,TRANSFER,869.78,C27093855,67429.62,66559.84,C55838837,35108.41,35978.19,0,45.4,1,3,0,0
338,PAYMENT,219.87,C65013130,4514.49,4294.62,M42170373,4049.68,4269.55,0,34.5,1,4,0,0
277,PAYMENT,3279.93,C38946544,26949.47,23669.54,M16462415,53468.55,56748.48,0,6.6,1,2,0,0
10,PAYMENT,1056.06,C63977235,14889.39,13833.33,M93612981,23014.45,24070.510000000002,0,10.4,1,3,0,0
341,PAYMENT,455.56,C91909879,11588.93,11133.37,M74636820,7013.09,7468.650000000001,0,8.4,3,4,0,0
104,CASH_OUT,1472.94,C71823989,14095.38,12622.439999999999,C33481929,104643.02,106115.96,0,44.7,2,1,0,0
345,CASH_IN,836.85,C90191259,22358.78,21521.93,C46525420,54723.24,55560.09,0,68.2,1,4,0,0
370,DEBIT,11360.58,C17158536,65985.04,54624.45999999999,C67368711,51429.4,62789.98,0,16.0,1,4,0,0
198,CASH_OUT,4963.05,C27438509,28607.63,23644.58,C40798948,23693.42,28656.469999999998,0,29.1,1,4,0,0
14,CASH_OUT,40861.57,C27815604,3262.87,0.0,C53470926,41293.78,82155.35,0,12.3,1,1,0,0
680,CASH_OUT,6633.17,C81309178,21338.91,14705.74,C97078706,40946.04,47579.21,0,63.1,1,2,0,0
338,PAYMENT,4363.62,C20722748,5809.65,1446.0299999999997,M51924311,5891.3,10254.92,0,3.7,1,3,0,0
542,CASH_IN,5295.45,C19040949,11905.61,6610.160000000001,C52005801,84767.14,90062.59,0,84.1,1,4,0,0
457,CASH_OUT,6777.62,C75826610,6923.9,146.27999999999975,C85344823,67997.81,74775.43,0,31.6,2,2,0,0
526,TRANSFER,70.83,C26173400,178772.09,178701.26,C96203716,5909.66,5980.49,0,18.3,2,3,0,0
436,PAYMENT,4595.51,C21752484,106049.48,101453.97,M43864489,15592.94,20188.45,0,13.2,1,3,0,0
366,TRANSFER,102.15,C81746467,49034.46,48932.31,C42913386,2861.22,2963.37,0,42.1,2,3,0,0
401,TRANSFER,57.89,C77405830,14421.4,14363.51,C35448779,16935.07,16992.96,0,20.5,1,0,0,0
574,DEBIT,244.2,C81258067,9575.34,9331.14,C60760220,52350.98,52595.18,0,39.6,1,2,0,0
482,TRANSFER,2854.82,C39748407,92244.5,89389.68,C46554577,143.59,2998.4100000000003,0,27.3,1,5,0,0
110,TRANSFER,174.07,C59994660,3774.68,3600.6099999999997,C36601903,28272.2,28446.27,0,18.7,1,1,0,0
406,CASH_IN,4514.78,C77465792,59081.17,54566.39,C18761346,80766.59,85281.37,0,25.0,1,0,0,0
309,PAYMENT,34338.81,C96603846,17467.27,0.0,M62181867,14915.52,49254.33,0,30.2,1,6,0,0
160,TRANSFER,1038.76,C79521750,33629.32,32590.56,C17723756,51519.2,52557.96,0,66.7,1,4,0,0
55,PAYMENT,2605.84,C54031067,65228.16,62622.32000000001,M66666477,2248.21,4854.05,0,79.2,1,1,0,0
256,CASH_OUT,510.57,C44351471,1850.82,1340.25,C75845525,32584.89,33095.46,0,10.9,1,2,0,0
534,CASH_IN,199.24,C20296581,9652.22,9452.98,C63433925,83795.07,83994.31000000001,0,27.9,1,2,0,0
422,PAYMENT,1273.78,C53929976,52085.47,50811.69,M98063720,20961.53,22235.309999999998,0,28.2,1,2,0,0
615,DEBIT,444.55,C10641834,126120.09,125675.54,C43252323,39000.94,39445.490000000005,0,31.9,3,2,0,0
264,PAYMENT,787.75,C61082714,14927.38,14139.63,M14750738,40220.3,41008.05,0,27.8,1,0,0,0
233,CASH_IN,485.36,C94407863,8107.01,7621.650000000001,C63892591,52659.9,53145.26,0,51.3,1,3,0,0
680,CASH_OUT,162.1,C13241015,129395.98,129233.87999999999,C95668967,10372.36,10534.460000000001,0,39.3,1,2,0,0
233,CASH_OUT,1462.54,C81139041,100247.03,98784.49,C77523673,55119.1,56581.64,0,25.8,1,1,0,0
517,PAYMENT,56.33,C17435812,120280.46,120224.13,M65749116,10849.83,10906.16,0,35.3,1,4,0,0
45,CASH_IN,4489.68,C77936766,6660.49,2170.8099999999995,C52075368,36443.43,40933.11,0,21.5,1,3,0,0
558,CASH_OUT,86.31,C65308185,128556.88,128470.57,C70991197,6979.08,7065.39,0,45.6,1,4,0,0
676,PAYMENT,621.39,C84230084,43531.12,42909.73,M74299331,53311.39,53932.78,0,48.8,1,4,0,0
681,CASH_OUT,14802.21,C76752622,54972.68,40170.47,C58141615,13550.59,28352.8,0,51.9,1,2,0,0
436,PAYMENT,6550.22,C95618323,30267.69,23717.469999999998,M11442961,42151.84,48702.06,0,31.8,1,4,0,0
335,DEBIT,1803.03,C71499127,21956.11,20153.08,C53349071,6792.18,8595.210000000001,0,21.6,1,2,0,0
404,PAYMENT,93443.03,C97453636,5987.27,0.0,M66109467,10511.86,103954.89,0,41.7,1,5,0,0
164,CASH_OUT,2140.09,C27770048,12655.38,10515.289999999999,C34812073,67980.9,70120.98999999999,0,22.2,2,2,0,0
256,TRANSFER,12138.18,C62299753,44291.98,32153.800000000003,C37871712,3906.67,16044.85,0,40.7,1,4,0,0
66,PAYMENT,585.63,C56809737,19053.05,18467.42,M11615755,4109.87,4695.5,0,28.9,1,1,0,0
88,PAYMENT,10.02,C27656970,6374.5,6364.48,M68860919,59486.75,59496.77,0,73.4,2,2,0,0
240,PAYMENT,2721.99,C52894724,61831.05,59109.060000000005,M46707828,5264.98,7986.969999999999,0,10.5,1,2,0,0
311,TRANSFER,4019.13,C16105424,37595.58,33576.450000000004,C36584398,90151.75,94170.88,0,16.2,1,4,0,0
571,PAYMENT,3797.29,C74150295,2097.59,0.0,M71590515,5998.61,9795.9,0,31.6,1,1,0,0
682,TRANSFER,134.92,C67935999,55817.52,55682.6,C41111019,45768.36,45903.28,0,58.1,2,3,0,0
258,PAYMENT,384913.38,C35244393,98844.97,0.0,M14623398,36502.18,421415.56,1,21.4,2,1,0,0
558,PAYMENT,247.45,C87935723,74743.43,74495.98,M61457343,52063.51,52310.96,0,13.3,2,1,0,0
514,CASH_OUT,2172.67,C14935601,129302.6,127129.93000000001,C59608627,47505.43,49678.1,0,14.2,1,5,0,0
434,PAYMENT,2839.03,C36376318,20616.54,17777.510000000002,M73551579,18202.98,21042.01,0,31.0,3,4,0,0
129,CASH_IN,7900.18,C39884037,4610.2,0.0,C35582098,116857.54,124757.72,0,28.9,1,2,0,0
326,DEBIT,522.64,C80755673,62610.38,62087.74,C46165359,28399.48,28922.12,0,2.9,1,8,0,0
17,CASH_OUT,4634.57,C40059202,116122.63,111488.06,C98382267,142846.86,147481.43,0,24.5,2,5,0,0
699,TRANSFER,33295.81,C72446890,19209.42,0.0,C13699121,19187.36,52483.17,0,15.0,1,3,0,0
342,DEBIT,792.25,C31489616,15418.66,14626.41,C59122332,29966.82,30759.07,0,23.9,1,1,0,0
628,PAYMENT,727.38,C52805814,62738.65,62011.270000000004,M72327459,35093.67,35821.049999999996,0,27.0,1,2,0,0
249,PAYMENT,293.62,C52653832,65135.14,64841.52,M83886977,33135.94,33429.560000000005,0,43.6,1,0,0,0
710,PAYMENT,2801.28,C86830839,88466.01,85664.73,M21576107,43354.96,46156.24,0,6.5,1,2,0,0
739,CASH_OUT,365.89,C25580118,68496.39,68130.5,C78695527,13493.44,13859.33,0,20.5,1,3,0,0
177,PAYMENT,6278.15,C68608851,25577.46,19299.309999999998,M28849957,2685.91,8964.06,0,58.6,1,3,0,0
357,TRANSFER,757.62,C26936590,27496.18,26738.56,C92746022,8848.11,9605.730000000001,0,28.2,1,0,0,0
495,CASH_IN,1175.06,C80389653,81644.37,80469.31,C47538624,32859.94,34035.0,0,10.1,2,2,0,0
35,DEBIT,301.16,C49871338,15540.76,15239.6,C19112200,77987.53,78288.69,0,60.8,1,2,0,0
407,TRANSFER,86786.05,C28377194,5757.17,0.0,C43812594,25777.46,112563.51000000001,0,39.5,2,0,0,0
647,PAYMENT,2171.96,C90342158,12291.72,10119.759999999998,M98889970,15494.2,17666.16,0,28.5,2,2,0,0
10,CASH_OUT,226.9,C81755243,35194.24,34967.34,C48038910,52558.38,52785.28,0,3.3,1,5,0,0
695,TRANSFER,2977.59,C27230383,42254.65,39277.06,C10294610,20119.09,23096.68,0,12.2,2,2,0,0
714,PAYMENT,85.6,C42136788,3661.04,3575.44,M11960725,69037.88,69123.48000000001,0,11.8,1,1,0,0
531,PAYMENT,552.75,C21018471,18074.57,17521.82,M69354735,477.56,1030.31,0,13.9,1,2,0,0
535,CASH_IN,3889.29,C26133422,69173.41,65284.12,C44440414,4935.67,8824.96,0,20.6,1,1,0,0
95,CASH_OUT,4611.8,C52329063,99196.57,94584.77,C59345496,4329.89,8941.69,0,2.4,1,5,0,0
576,CASH_OUT,9056.42,C95543814,6959.18,0.0,C75346292,1423.48,10479.9,0,15.1,1,1,1,1
450,DEBIT,18875.22,C70419836,36564.93,17689.71,C89185291,7360.49,26235.71,0,11.1,1,1,0,0
220,TRANSFER,1316.59,C40763237,8110.69,6794.099999999999,C37825354,173819.3,175135.88999999998,0,32.4,1,4,0,0
96,TRANSFER,9027.38,C94295604,64016.19,54988.810000000005,C94759766,26273.77,35301.15,0,18.9,1,1,1,0
381,TRANSFER,7676.12,C49426031,8539.12,863.0000000000009,C61849337,21946.35,29622.469999999998,0,16.6,1,3,0,0
669,PAYMENT,8253.9,C19499523,5083.34,0.0,M37294449,96405.35,104659.25,0,16.6,1,3,0,0
207,TRANSFER,125.3,C33120824,29055.49,28930.190000000002,C43314309,63377.67,63502.97,0,47.2,1,5,0,0
246,CASH_OUT,2884.29,C36961413,4975.83,2091.54,C66437582,12708.36,15592.650000000001,0,24.8,2,3,0,0
711,CASH_OUT,1072.35,C72605559,84662.16,83589.81,C36745234,65268.34,66340.69,0,19.9,2,1,0,0
510,DEBIT,18893.97,C89703679,87677.65,68783.68,C22288008,3451.52,22345.49,0,40.2,1,2,0,0
83,TRANSFER,2193.28,C64938352,35844.05,33650.770000000004,C75903067,50326.47,52519.75,0,20.6,1,3,0,0
317,CASH_OUT,883.44,C42286263,42485.84,41602.399999999994,C48087281,743.97,1627.41,0,64.3,2,4,0,0
645,CASH_OUT,1033.18,C43042508,7112.44,6079.259999999999,C33762238,9438.43,10471.61,0,67.6,1,2,0,0
105,TRANSFER,931.72,C70442350,16192.72,15261.0,C24605628,87375.55,88307.27,0,21.5,1,3,0,0
370,CASH_OUT,2401.13,C30411179,6448.65,4047.5199999999995,C33863891,18701.4,21102.530000000002,0,12.4,1,2,0,0
581,PAYMENT,3227.95,C35702146,12063.63,8835.68,M77974307,25386.31,28614.260000000002,0,26.1,1,3,0,0
696,TRANSFER,1257.58,C99526341,25087.37,23829.79,C13312883,41639.52,42897.1,0,47.7,2,5,0,0
630,PAYMENT,1009.73,C15806081,57260.81,56251.079999999994,M34469521,47352.88,48362.61,0,51.1,1,0,0,0
180,TRANSFER,324.03,C13208098,65090.86,64766.83,C84627714,6291.88,6615.91,0,15.6,2,1,0,0
602,TRANSFER,24255.37,C28219028,29391.78,5136.41,C70557122,105084.78,129340.15,0,45.6,1,1,0,0
600,CASH_OUT,1101.41,C17627002,17339.12,16237.71,C98991450,33594.31,34695.72,0,18.0,1,3,0,0
83,CASH_IN,2783.73,C76888878,82942.65,80158.92,C51747480,36530.79,39314.520000000004,0,26.3,1,1,0,0
532,CASH_OUT,3824.56,C26127006,28774.12,24949.559999999998,C96148605,40950.57,44775.13,0,23.3,1,5,0,0
619,CASH_OUT,2958.06,C22364173,41107.99,38149.93,C77108011,76692.17,79650.23,0,25.8,1,0,0,0
501,TRANSFER,789.51,C79890031,15513.06,14723.55,C49819263,9445.73,10235.24,0,16.7,1,4,0,0
348,CASH_OUT,5272.82,C41597727,3441.58,0.0,C84833172,96935.76,102208.57999999999,0,40.6,2,1,0,0
272,PAYMENT,23757.39,C27285135,8987.1,0.0,M28687785,60704.25,84461.64,0,11.9,2,3,0,0
331,PAYMENT,6089.69,C10970220,62434.02,56344.329999999994,M41198444,10136.77,16226.46,0,49.4,2,3,0,0
610,TRANSFER,3948.11,C71320414,16186.76,12238.65,C47067276,64136.85,68084.95999999999,0,24.5,2,1,0,0
569,TRANSFER,5808.41,C45313773,6755.87,947.46,C53463286,28073.87,33882.28,0,10.5,2,3,0,0
661,PAYMENT,2035.84,C37822976,51365.02,49329.18,M75959242,34280.28,36316.119999999995,0,33.3,2,4,0,0
389,PAYMENT,1099.88,C14035904,32504.51,31404.629999999997,M18190494,195891.72,196991.6,0,22.2,2,1,0,0
137,PAYMENT,56715.19,C22437556,1175.22,0.0,M73144973,529.05,57244.240000000005,0,56.5,1,0,0,0
741,CASH_IN,28561.77,C31929840,234591.87,206030.1,C73745964,110081.51,138643.28,0,42.4,2,0,0,0
361,PAYMENT,760.66,C92780954,24081.8,23321.14,M86819367,51710.61,52471.270000000004,0,14.1,1,1,0,0
282,TRANSFER,13939.53,C54445840,53239.76,39300.23,C71221842,17138.5,31078.03,0,44.8,1,1,0,0
202,PAYMENT,4185.83,C93624014,205466.01,201280.18000000002,M42404337,52263.02,56448.85,0,43.8,1,1,0,0
531,CASH_OUT,2284.22,C92510734,50336.1,48051.88,C79256850,9058.38,11342.599999999999,0,7.4,1,3,0,0
16,PAYMENT,27285.15,C51779725,18673.04,0.0,M75947373,28814.94,56100.09,0,24.0,1,4,0,0
568,PAYMENT,2230.94,C88102487,33503.4,31272.460000000003,M33299715,67708.42,69939.36,0,37.9,2,2,0,0
114,TRANSFER,2860.14,C56875685,5423.47,2563.3300000000004,C83402142,9400.31,12260.449999999999,0,14.3,1,3,0,0
68,PAYMENT,4359.46,C51263735,9270.68,4911.22,M80823325,32891.18,37250.64,0,42.3,1,4,0,0
590,PAYMENT,195.95,C96334719,18672.67,18476.719999999998,M70944739,1733.8,1929.75,0,9.6,1,4,0,0
30,PAYMENT,2956.58,C35589437,4427.95,1471.37,M71486447,72490.16,75446.74,0,11.5,1,4,0,0
519,PAYMENT,149.63,C61598475,6024.03,5874.4,M41172845,17253.27,17402.9,0,12.6,1,1,0,0
664,PAYMENT,5187.29,C62028508,91484.02,86296.73000000001,M21977405,15879.67,21066.96,0,15.8,1,3,0,0
22,PAYMENT,4807.07,C41478402,14357.41,9550.34,M62560155,11840.36,16647.43,0,41.3,2,1,0,0
431,CASH_OUT,14999.85,C45892258,19471.34,4471.49,C56650258,50784.12,65783.97,0,20.4,2,4,0,0
30,TRANSFER,5576.94,C57976457,9532.89,3955.95,C54534742,7657.52,13234.46,0,52.3,1,3,0,0
679,TRANSFER,186795.82,C55782409,25893.69,0.0,C71960244,1380.17,188175.99000000002,0,22.3,1,3,0,0
660,PAYMENT,142.32,C96822608,59831.91,59689.590000000004,M38676203,13050.92,13193.24,0,7.5,1,2,0,0
410,CASH_IN,1746.86,C25132886,145317.55,143570.69,C91347753,43489.11,45235.97,0,36.5,1,3,0,0
49,TRANSFER,11951.24,C90462734,38694.58,26743.340000000004,C53310828,2061.41,14012.65,0,23.0,1,4,0,0
325,PAYMENT,14136.77,C97459340,17849.9,3713.130000000001,M40490346,22286.37,36423.14,0,4.3,1,1,0,0
488,CASH_OUT,644.04,C16090375,35653.52,35009.479999999996,C45212738,65740.11,66384.15,0,39.7,1,1,0,0
298,PAYMENT,15294.09,C46617926,6828.89,0.0,M63431316,22265.76,37559.85,0,15.6,1,1,0,0
181,PAYMENT,129.71,C22109775,56526.31,56396.6,M31946792,32158.04,32287.75,0,48.0,1,1,0,0
122,TRANSFER,424.38,C19283045,19909.74,19485.36,C51818999,22307.63,22732.010000000002,0,64.1,2,6,0,0
124,DEBIT,3791.97,C75671320,144891.93,141099.96,C32794174,7645.27,11437.24,0,39.7,1,2,0,0
453,TRANSFER,2993.94,C70461430,53726.43,50732.49,C95681633,141289.41,144283.35,0,11.8,2,1,0,0
266,CASH_OUT,17292.61,C98633664,32326.24,15033.630000000001,C31797709,8445.73,25738.34,0,54.5,1,5,0,0
28,CASH_IN,9007.03,C18638525,13105.83,4098.799999999999,C22442688,38736.06,47743.09,0,54.8,3,2,0,0
259,PAYMENT,822.3,C15522588,4822.16,3999.8599999999997,M90344559,12733.61,13555.91,0,10.9,1,5,0,0
77,PAYMENT,17416.62,C59820930,10423.48,0.0,M20212786,69326.96,86743.58,0,20.1,2,3,0,0
432,TRANSFER,4872.84,C99297051,42202.26,37329.42,C94461275,63185.91,68058.75,0,12.0,1,1,0,0
706,TRANSFER,8022.03,C87542742,36656.27,28634.239999999998,C67207326,24346.79,32368.82,0,22.2,1,3,0,0
35,TRANSFER,7656.1,C42308558,475.26,0.0,C78295497,8406.42,16062.52,0,28.2,1,4,0,0
436,CASH_IN,1168.16,C48483871,68141.08,66972.92,C46423661,1969.72,3137.88,0,27.9,1,4,0,0
114,CASH_OUT,10724.62,C53071379,2048.68,0.0,C77610756,25904.82,36629.44,0,42.3,1,4,0,0
62,CASH_OUT,3353.74,C93885127,4061.47,707.73,C45686094,7170.79,10524.529999999999,0,58.8,2,4,0,0
52,PAYMENT,9252.64,C65778325,62221.41,52968.770000000004,M23405278,119212.86,128465.5,0,13.5,1,6,0,0
116,CASH_OUT,26407.78,C96965412,51937.78,25530.0,C87237950,5877.49,32285.269999999997,0,18.3,1,2,0,0
47,CASH_IN,1519.77,C37771842,12130.63,10610.859999999999,C68919079,10749.17,12268.94,0,32.4,2,3,0,0
438,CASH_OUT,11768.46,C72070317,54358.02,42589.56,C84408949,58492.52,70260.98,0,39.0,1,4,0,0
412,PAYMENT,976.17,C23644190,957.63,0.0,M97376914,22564.81,23540.98,0,19.1,1,2,0,0
101,CASH_OUT,784.11,C59804945,16292.48,15508.369999999999,C96511800,17717.33,18501.440000000002,0,39.2,1,0,0,0
279,PAYMENT,1783.1,C83170194,71261.43,69478.32999999999,M64116379,18021.87,19804.969999999998,0,19.1,1,2,0,0
107,PAYMENT,1775.22,C15233217,32189.7,30414.48,M27246475,30161.19,31936.41,0,57.0,1,4,0,0
35,PAYMENT,4168.59,C43449428,96752.2,92583.61,M40557458,30637.71,34806.3,0,6.3,1,1,0,0
359,CASH_OUT,237.49,C99920270,7753.36,7515.87,C67311554,15662.48,15899.97,0,33.5,1,5,0,0
2,CASH_OUT,4981.33,C56542794,99256.16,94274.83,C74798389,47384.56,52365.89,0,70.0,1,6,0,0
492,PAYMENT,1388.47,C61114302,33292.23,31903.760000000002,M75590009,13508.35,14896.82,0,32.4,3,4,0,0
272,TRANSFER,60.03,C60494342,5350.28,5290.25,C60868774,10966.71,11026.74,0,28.8,2,3,0,0
144,TRANSFER,3716.51,C92685547,2387.29,0.0,C67750601,80774.93,84491.43999999999,0,24.0,1,3,0,0
435,TRANSFER,23054.38,C10252926,64.89,0.0,C44020706,4743.68,27798.06,0,36.7,2,1,0,1
451,PAYMENT,12291.47,C43815968,50674.14,38382.67,M98914089,140031.31,152322.78,0,2.1,1,4,0,0
604,TRANSFER,1804.96,C98622882,12555.59,10750.630000000001,C34152578,33369.19,35174.15,0,62.0,1,3,0,0
733,CASH_OUT,836.92,C68426405,7888.36,7051.44,C68267343,104991.15,105828.06999999999,0,33.3,1,0,0,0
566,PAYMENT,8669.27,C34048266,45992.03,37322.759999999995,M20765285,160820.69,169489.96,0,34.9,1,0,0,0
228,PAYMENT,837.8,C94108343,26309.45,25471.65,M39412893,21545.72,22383.52,0,38.8,2,1,0,0
545,TRANSFER,1671.68,C66790804,29846.98,28175.3,C64832537,8585.61,10257.29,0,50.2,1,3,0,0
214,CASH_IN,184830.41,C33446493,7194.42,0.0,C95835968,110559.81,295390.22,0,31.2,1,3,0,0
648,CASH_OUT,26285.07,C15188341,14598.77,0.0,C77784082,75832.92,102117.98999999999,0,28.4,3,2,0,1
248,CASH_OUT,1307.67,C97157472,5213.19,3905.5199999999995,C42568523,7974.66,9282.33,0,47.7,1,2,0,0
408,TRANSFER,6205.54,C50848979,20395.91,14190.369999999999,C21874820,6573.62,12779.16,0,17.9,1,2,0,0
53,TRANSFER,31873.94,C13035804,18452.38,0.0,C40748119,186603.56,218477.5,0,20.1,2,0,0,0
576,PAYMENT,4197.2,C88690828,75171.28,70974.08,M66248725,34531.38,38728.579999999994,0,49.2,1,2,0,1
314,CASH_OUT,253.88,C58545446,216136.08,215882.19999999998,C45661514,24192.46,24446.34,0,13.7,1,4,0,0
374,CASH_IN,3359.66,C44116710,355553.2,352193.54000000004,C55748249,39162.89,42522.55,0,50.6,2,3,0,0
37,CASH_OUT,1201.08,C44030817,24383.41,23182.33,C85895148,72067.55,73268.63,0,67.3,1,2,0,0
724,DEBIT,1247.43,C10769366,78775.67,77528.24,C62137904,583.77,1831.2,0,39.7,1,2,0,0
524,CASH_OUT,542.3,C75594572,16364.47,15822.17,C15326680,4254.99,4797.29,0,11.2,1,2,0,0
84,PAYMENT,249.64,C40584703,7716.84,7467.2,M98871230,45999.78,46249.42,0,48.6,1,2,0,0
94,CASH_IN,652.62,C67171355,51076.16,50423.54,C75163906,45458.38,46111.0,0,35.2,1,3,0,0
415,PAYMENT,7148.64,C82821315,32399.01,25250.37,M26365080,168879.92,176028.56000000003,0,72.8,1,1,0,0
342,TRANSFER,10801.52,C17567078,45031.49,34229.97,C34263835,1088.86,11890.380000000001,0,6.9,1,3,0,0
719,PAYMENT,84292.12,C57793567,22808.94,0.0,M30680904,3296.98,87589.09999999999,0,46.9,3,1,0,0
550,PAYMENT,765.29,C33958959,17980.49,17215.2,M24900510,26175.67,26940.96,0,31.3,1,4,0,0
421,TRANSFER,446.56,C64144223,131409.04,130962.48000000001,C20644374,42948.23,43394.79,0,40.8,1,0,0,0
348,PAYMENT,9007.27,C56587672,107497.43,98490.15999999999,M19100232,11961.56,20968.83,0,12.6,1,1,0,0
715,TRANSFER,128.2,C80476612,6607.07,6478.87,C87065651,11840.51,11968.710000000001,0,36.8,1,2,0,0
587,TRANSFER,50.86,C94545402,52822.56,52771.7,C78581953,1587.73,1638.59,0,43.1,2,2,0,0
128,PAYMENT,8382.62,C25806197,22147.19,13764.569999999998,M47842658,1897.33,10279.95,0,16.9,1,0,0,0
152,PAYMENT,349.31,C33304676,41912.08,41562.770000000004,M57952264,3762.43,4111.74,0,16.6,2,7,0,0
522,TRANSFER,535.26,C86744477,11609.02,11073.76,C58002397,2866.99,3402.25,0,49.1,2,0,0,0
38,PAYMENT,5786.64,C70910275,64304.71,58518.07,M67855442,84875.42,90662.06,0,3.0,1,2,0,0
427,CASH_OUT,2098.26,C68684663,18538.9,16440.64,C80069012,20916.28,23014.54,0,32.7,1,3,0,0
105,CASH_OUT,1133.9,C62553613,58324.8,57190.9,C30417154,56845.64,57979.54,0,58.9,1,2,0,0
165,CASH_OUT,177.1,C87653066,7728.02,7550.92,C72656918,5445.11,5622.21,0,21.3,1,3,0,0
544,CASH_OUT,694.33,C87669086,7175.88,6481.55,C89724695,443.62,1137.95,0,59.6,1,2,0,0
212,TRANSFER,754.61,C93422219,21361.32,20606.71,C93042017,253911.89,254666.5,0,31.1,3,1,0,0
526,CASH_OUT,881.9,C70405618,293628.44,292746.54,C41033524,63792.46,64674.36,0,39.6,1,4,0,0
742,PAYMENT,5464.87,C80205093,98679.78,93214.91,M14951660,71492.34,76957.20999999999,0,32.3,1,1,0,0
132,PAYMENT,3301.39,C33581018,48480.56,45179.17,M67141520,36869.96,40171.35,0,42.1,1,2,0,0
152,CASH_OUT,1248.5,C12212601,18469.58,17221.08,C27551192,8794.81,10043.31,0,16.3,1,2,0,0
96,TRANSFER,2318.95,C12292316,8958.91,6639.96,C46851521,960.48,3279.43,0,17.2,1,3,0,0
503,CASH_OUT,45970.37,C12503549,68111.57,22141.200000000004,C48617889,54938.72,100909.09,0,42.2,1,4,0,0
522,CASH_OUT,3549.68,C17056204,11416.53,7866.85,C82834153,66685.01,70234.68999999999,0,6.6,1,3,0,0
374,DEBIT,25104.88,C90751480,26502.78,1397.8999999999978,C19813423,26238.49,51343.37,0,9.3,1,2,0,0
16,CASH_IN,661.46,C86901700,37665.48,37004.020000000004,C43453804,38909.35,39570.81,0,17.7,1,3,0,0
679,TRANSFER,1280.43,C51884978,4855.64,3575.21,C63750375,153662.42,154942.85,0,48.5,1,2,0,0
608,PAYMENT,1020.76,C44717906,75565.15,74544.39,M13263605,16467.62,17488.379999999997,0,32.2,1,6,0,0
18,TRANSFER,3693.07,C39641133,141746.8,138053.72999999998,C61457438,75878.55,79571.62000000001,0,33.1,1,2,0,0
409,TRANSFER,4358.35,C92974452,7930.64,3572.29,C66752497,82516.92,86875.27,0,33.0,1,3,0,0
7,CASH_OUT,4897.68,C99130229,101081.81,96184.13,C42797844,3481.92,8379.6,0,33.1,1,4,0,0
696,CASH_OUT,27.01,C67275875,33151.44,33124.43,C40741898,25785.72,25812.73,0,5.8,1,4,0,0
245,CASH_OUT,367.52,C75322351,7296.59,6929.07,C69507368,34655.09,35022.60999999999,0,10.1,2,0,0,0
594,TRANSFER,2900.2,C14921334,46800.55,43900.350000000006,C10724833,6249.48,9149.68,0,32.2,1,2,0,0
643,PAYMENT,52254.45,C25086326,133144.96,80890.51,M77314166,21189.76,73444.20999999999,0,9.4,1,4,0,0
129,TRANSFER,730.51,C76947222,157781.08,157050.56999999998,C60677700,24132.31,24862.82,0,41.6,1,4,0,0
455,PAYMENT,100217.61,C77251408,63607.39,0.0,M46371465,13014.88,113232.49,0,14.0,1,1,0,0
586,DEBIT,164.36,C16822370,34018.8,33854.44,C83569189,3781.78,3946.1400000000003,0,63.5,1,0,0,0
571,PAYMENT,2809.88,C43265958,10331.76,7521.88,M28579575,17140.88,19950.760000000002,0,58.4,1,4,0,0
72,PAYMENT,1355.16,C11093885,45806.57,44451.409999999996,M14110295,37809.52,39164.68,0,29.7,1,5,0,0
160,PAYMENT,742.68,C70541031,47516.99,46774.31,M21863958,18574.91,19317.59,0,46.5,2,4,0,0
87,CASH_OUT,9162.65,C63833846,5887.82,0.0,C31681167,10719.82,19882.47,0,16.7,1,3,1,1
401,CASH_OUT,1577.43,C84013241,14636.64,13059.21,C77259407,8845.0,10422.43,0,46.4,1,2,0,0
462,PAYMENT,120.3,C41446570,18360.46,18240.16,M77312737,20926.41,21046.71,0,43.4,1,2,0,0
529,PAYMENT,53.02,C93710157,98173.94,98120.92,M85130661,137803.21,137856.22999999998,0,6.1,1,3,0,0
89,TRANSFER,267.7,C28595273,43787.15,43519.450000000004,C25582271,39840.8,40108.5,0,56.0,1,2,0,0
661,PAYMENT,5647.25,C28720576,13980.2,8332.95,M50221790,4463.08,10110.33,0,41.1,1,3,0,0
6,CASH_OUT,1257.89,C66302038,18556.95,17299.06,C92603315,5940.97,7198.860000000001,0,32.1,1,4,0,0
596,CASH_OUT,11654.01,C72663771,7885.17,0.0,C45531358,36194.71,47848.72,0,56.1,1,3,0,0
84,TRANSFER,1385.83,C86147270,2263.71,877.8800000000001,C22114067,11410.21,12796.039999999999,0,42.2,2,4,0,0
250,PAYMENT,2983.55,C10833276,35641.46,32657.91,M95955229,71534.68,74518.23,0,20.3,1,5,0,0
666,CASH_IN,27396.2,C53742431,1618.0,0.0,C19471635,2876.03,30272.23,0,61.3,2,2,0,0
416,TRANSFER,1291.78,C42723050,241688.77,240396.99,C61179781,10780.82,12072.6,0,16.5,1,1,0,0
72,CASH_OUT,61467.98,C55835978,73994.53,12526.549999999996,C41661428,40287.26,101755.24,0,14.9,2,2,0,0
621,PAYMENT,6142.95,C73097751,75225.05,69082.1,M29568778,42759.64,48902.59,0,14.7,1,0,0,0
112,TRANSFER,331.25,C92968551,70226.13,69894.88,C68667798,50003.97,50335.22,0,22.7,1,2,0,0
172,PAYMENT,206.51,C18380867,51237.06,51030.549999999996,M78158916,80645.06,80851.56999999999,0,10.3,1,6,0,0
699,TRANSFER,135.35,C77735632,3626.99,3491.64,C41571835,138879.03,139014.38,0,6.4,2,3,0,0
273,CASH_IN,1932.04,C63315903,30438.92,28506.879999999997,C81766910,8970.57,10902.61,0,49.4,2,5,0,0
530,TRANSFER,96.18,C37907514,16353.07,16256.89,C33730630,11988.74,12084.92,0,33.3,1,4,0,0
680,PAYMENT,43676.65,C14764768,17707.26,0.0,M30096929,20059.9,63736.55,0,58.4,1,4,0,0
319,PAYMENT,101740.05,C35014915,23158.09,0.0,M58293396,19304.35,121044.4,0,37.0,1,2,0,0
82,TRANSFER,101.13,C66068044,19331.91,19230.78,C81378624,17443.04,17544.170000000002,0,18.6,1,3,0,0
75,PAYMENT,2841.62,C79398325,54266.03,51424.409999999996,M19573113,2568.37,5409.99,0,29.5,1,1,0,0
429,PAYMENT,52.9,C21564923,373.96,321.06,M19052582,79441.49,79494.39,0,67.6,1,2,0,0
460,CASH_OUT,6498.78,C72032156,22806.8,16308.02,C99925889,43558.96,50057.74,0,30.2,1,2,0,0
346,TRANSFER,9879.6,C11919858,144521.93,134642.33,C96142074,61917.24,71796.84,0,5.6,1,2,1,0
249,PAYMENT,1799.4,C29196898,14912.36,13112.960000000001,M71123599,333107.27,334906.67000000004,0,15.8,2,4,0,0
643,CASH_IN,3097.49,C89245261,48554.06,45456.57,C59825390,26890.42,29987.909999999996,0,19.1,1,2,0,0
387,PAYMENT,551.57,C67839551,41096.9,40545.33,M40435104,5712.49,6264.0599999999995,0,19.0,1,3,0,0
713,CASH_IN,1956.35,C69644267,33596.22,31639.870000000003,C95737468,71600.93,73557.28,0,31.3,1,1,0,0
363,PAYMENT,6535.04,C22795027,6515.97,0.0,M15215912,54281.15,60816.19,0,53.4,2,2,0,0
296,DEBIT,1291.12,C42772060,90345.1,89053.98000000001,C17679905,58472.79,59763.91,0,3.8,1,1,0,0
68,CASH_OUT,16395.89,C25212414,41882.56,25486.67,C38687765,7023.86,23419.75,0,29.9,1,1,0,0
438,CASH_OUT,523.83,C97966580,38676.89,38153.06,C14752461,56200.6,56724.43,0,32.3,1,2,0,0
532,CASH_IN,1018.81,C59612558,149009.55,147990.74,C79651600,35911.79,36930.6,0,11.8,1,2,0,0
605,PAYMENT,44.0,C53098050,4321.51,4277.51,M37538164,2076.79,2120.79,0,25.6,1,4,0,0
133,CASH_IN,118101.4,C32543372,33818.91,0.0,C79420850,13820.23,131921.63,0,29.4,2,4,0,0
295,TRANSFER,50.23,C74570995,61211.13,61160.899999999994,C57957369,9953.93,10004.16,0,47.1,2,0,0,0
296,TRANSFER,13414.16,C67605237,79765.1,66350.94,C82321402,13763.7,27177.86,0,39.8,2,2,0,0
647,PAYMENT,3898.07,C32646814,43.68,0.0,M72761610,8915.17,12813.24,0,46.6,1,1,0,0
33,TRANSFER,1789.84,C12515068,57315.59,55525.75,C65712676,20290.4,22080.24,0,17.4,2,1,0,0
374,PAYMENT,364.31,C89785310,155845.1,155480.79,M82500645,9785.43,10149.74,0,43.8,1,3,0,0
32,TRANSFER,787.19,C20241634,65510.91,64723.72,C65176531,20174.15,20961.34,0,15.8,1,2,0,0
555,TRANSFER,893.64,C40859324,27153.07,26259.43,C27918024,669.09,1562.73,0,32.4,1,2,0,0
305,CASH_OUT,704.29,C64867875,104376.62,103672.33,C42001002,53262.11,53966.4,0,35.0,1,5,0,0
108,CASH_OUT,39.42,C60030230,105443.99,105404.57,C76694373,17050.43,17089.85,0,4.2,1,2,0,0
96,TRANSFER,5163.64,C60013710,58272.11,53108.47,C51158858,13561.11,18724.75,0,40.0,1,3,0,0
66,PAYMENT,5867.93,C32248753,54843.88,48975.95,M55165100,78333.47,84201.4,0,12.0,1,2,0,0
521,PAYMENT,966.52,C14371196,21108.76,20142.239999999998,M90502279,55242.73,56209.25,0,15.4,1,5,0,0
230,PAYMENT,1669.53,C84986277,13886.63,12217.099999999999,M89785975,79539.62,81209.15,0,43.6,1,5,0,0
733,PAYMENT,5110.12,C72248423,49687.23,44577.11,M53840690,82510.66,87620.78,0,33.8,1,2,0,0
358,PAYMENT,150.39,C41893526,395.68,245.29000000000002,M61009037,52323.22,52473.61,0,22.6,2,2,0,0
402,PAYMENT,98.25,C23893239,92574.82,92476.57,M65370786,2371.54,2469.79,0,36.2,1,2,0,0
99,CASH_IN,1838.58,C13202196,116496.64,114658.06,C20334920,4021.23,5859.8099999999995,0,37.3,1,3,0,0
271,TRANSFER,1001.51,C67723574,8957.8,7956.289999999999,C37123187,3046.29,4047.8,0,33.9,1,3,0,0
362,PAYMENT,840.23,C50185914,42490.67,41650.439999999995,M52790277,11397.59,12237.82,0,15.6,1,3,0,0
164,TRANSFER,5365.47,C13803396,9817.03,4451.56,C71540411,79759.72,85125.19,0,33.8,1,2,0,0
528,PAYMENT,887.56,C70862729,34112.28,33224.72,M81882590,1561.6,2449.16,0,27.5,1,3,0,1
169,TRANSFER,4004.17,C48851439,50864.37,46860.200000000004,C32837167,2329.7,6333.87,0,37.8,1,3,0,0
21,CASH_OUT,44113.79,C34468831,24758.83,0.0,C34568649,5004.85,49118.64,0,66.8,2,2,0,0
540,TRANSFER,79188.18,C42929337,112608.26,33420.08,C80150579,34543.21,113731.38999999998,0,37.4,1,4,0,0
595,TRANSFER,8579.83,C67278324,110905.55,102325.72,C73853678,15376.7,23956.53,0,9.3,2,1,0,0
397,CASH_IN,24.86,C81369121,37829.39,37804.53,C82885988,113082.17,113107.03,0,13.3,1,1,0,0
36,DEBIT,5633.39,C47732509,43431.11,37797.72,C68841098,5815.76,11449.150000000001,0,20.2,1,3,0,0
495,CASH_OUT,29700.22,C86993781,135.9,0.0,C83898587,65304.31,95004.53,0,38.8,1,0,0,0
314,TRANSFER,2923.28,C79304913,20619.73,17696.45,C60240300,41409.22,44332.5,0,19.9,1,4,0,0
490,CASH_OUT,545.28,C24196426,71517.19,70971.91,C79245058,42356.15,42901.43,0,27.0,1,1,0,0
276,PAYMENT,864.33,C52757922,256319.76,255455.43000000002,M20570607,17340.8,18205.13,0,26.1,1,2,0,0
233,TRANSFER,16535.52,C72755281,145280.16,128744.64,C56357940,181.46,16716.98,0,22.6,1,4,0,0
616,PAYMENT,694.04,C76511296,4968.27,4274.2300000000005,M63298019,18260.99,18955.030000000002,0,17.2,1,4,0,0
436,TRANSFER,325.77,C77346337,26995.17,26669.399999999998,C80769028,36789.71,37115.479999999996,0,35.8,2,2,0,0
6,TRANSFER,558.05,C68142134,2809.7,2251.6499999999996,C51613524,53477.38,54035.43,0,46.0,1,1,0,0
535,PAYMENT,2006.15,C56780804,90830.88,88824.73000000001,M97456051,32209.74,34215.89,0,48.6,2,4,0,0
682,CASH_IN,1211.45,C26629625,65477.71,64266.26,C17035890,158691.97,159903.42,0,44.6,1,2,0,0
664,CASH_IN,99.53,C26406869,127390.73,127291.2,C43957551,35328.87,35428.4,0,41.4,2,2,0,0
244,CASH_OUT,836.01,C33041500,34828.34,33992.329999999994,C28790279,3468.65,4304.66,0,54.2,1,1,0,0
241,TRANSFER,54970.76,C19656750,5450.16,0.0,C63339186,77241.25,132212.01,0,16.3,1,6,0,0
558,DEBIT,2530.59,C21645414,43851.75,41321.16,C23114029,42313.6,44844.19,0,17.0,2,4,0,0
273,PAYMENT,5438.42,C62583287,100927.92,95489.5,M33545712,29117.36,34555.78,0,5.2,1,4,0,0
75,CASH_OUT,140.22,C72074878,2567.44,2427.2200000000003,C96134829,60405.55,60545.770000000004,0,22.9,1,6,0,0
283,PAYMENT,5984.71,C67160525,84324.97,78340.26,M60187727,46884.53,52869.24,0,22.0,1,5,0,0
708,CASH_OUT,27162.75,C45918835,48855.71,21692.96,C90688129,118902.57,146065.32,0,29.4,1,3,0,0
535,PAYMENT,3204.91,C26396952,7091.23,3886.3199999999997,M96804327,24958.56,28163.47,0,27.3,3,0,0,0
87,DEBIT,206.21,C72888960,53817.0,53610.79,C57048129,49616.26,49822.47,0,39.8,1,3,0,0
633,CASH_IN,5726.67,C40324511,3205.14,0.0,C84156638,24583.56,30310.230000000003,0,28.3,1,3,0,0
149,PAYMENT,7792.46,C97605341,9585.38,1792.9199999999992,M28588448,13032.1,20824.56,0,4.4,1,2,0,0
150,TRANSFER,512.46,C18503346,3005.8,2493.34,C91778654,15396.61,15909.07,0,42.9,1,3,0,0
577,CASH_IN,12380.41,C32650631,43893.13,31512.719999999998,C16449781,35861.4,48241.81,0,58.6,1,2,0,0
160,TRANSFER,4073.03,C35364525,16964.97,12891.94,C72784065,7960.85,12033.880000000001,0,43.1,1,2,0,0
446,DEBIT,50.05,C86096421,17015.14,16965.09,C69796963,28159.48,28209.53,0,22.5,1,1,0,0
82,TRANSFER,627.44,C58955619,51988.27,51360.829999999994,C93788963,47288.21,47915.65,0,14.7,1,3,0,0
7,TRANSFER,986.99,C63068675,5826.53,4839.54,C64996954,30753.39,31740.38,0,24.7,1,1,0,0
182,PAYMENT,1631.59,C51230423,50147.4,48515.810000000005,M57526064,33069.17,34700.759999999995,0,27.9,2,3,0,0
526,PAYMENT,1793.61,C26564186,59849.03,58055.42,M57149008,9556.81,11350.42,0,28.9,1,3,0,0
478,CASH_OUT,7486.4,C47459680,97401.1,89914.70000000001,C52339111,42877.35,50363.75,0,10.7,1,2,0,0
183,TRANSFER,7973.24,C59726012,55652.61,47679.37,C23312967,36394.4,44367.64,0,50.8,1,2,0,0
314,TRANSFER,33124.98,C81685852,52983.79,19858.809999999998,C43789082,30494.79,63619.770000000004,0,49.9,1,2,0,0
556,TRANSFER,3326.58,C53047999,53439.04,50112.46,C91686359,47640.79,50967.37,0,37.6,2,4,0,0
174,TRANSFER,25783.6,C62697449,2101.33,0.0,C82163299,48290.75,74074.35,0,17.0,1,2,0,0
14,DEBIT,9662.33,C60173998,29146.1,19483.769999999997,C74415039,47108.29,56770.62,0,49.2,1,2,0,0
300,CASH_IN,16453.18,C43651972,40056.24,23603.059999999998,C61239053,6060.38,22513.56,0,8.7,1,3,0,0
73,TRANSFER,31983.51,C39089608,54695.03,22711.52,C37779037,35565.73,67549.24,0,37.9,1,3,0,0
735,CASH_OUT,984.4,C34124642,17209.77,16225.37,C41729502,47996.56,48980.96,0,51.0,1,1,0,0
514,CASH_OUT,1563.55,C89036036,56646.64,55083.09,C96689712,37496.96,39060.51,0,37.0,1,3,0,0
722,TRANSFER,41.27,C75447549,25197.04,25155.77,C98906062,8572.66,8613.93,0,65.1,1,2,0,0
602,CASH_IN,13214.28,C63531071,62820.48,49606.200000000004,C72772108,965.26,14179.54,0,1.0,1,2,0,0
343,PAYMENT,11441.14,C98511523,10231.01,0.0,M94068668,37510.66,48951.8,0,29.7,1,2,0,0
396,PAYMENT,2345.75,C55345314,18169.42,15823.669999999998,M25870322,9962.14,12307.89,0,13.8,1,4,0,0
333,DEBIT,7582.77,C53421294,149387.45,141804.68000000002,C78239562,70321.45,77904.22,0,9.7,1,2,0,0
355,TRANSFER,12380.79,C86310017,70923.75,58542.96,C11824222,109573.31,121954.1,0,32.0,1,3,0,0
559,CASH_OUT,1871.67,C44416198,114446.05,112574.38,C90439556,72936.21,74807.88,0,16.8,1,0,0,0
163,DEBIT,3921.16,C46170571,11169.18,7248.02,C76573440,7477.32,11398.48,0,28.5,2,2,0,0
116,PAYMENT,1762.31,C65349102,143131.6,141369.29,M75011943,68252.16,70014.47,0,37.5,1,1,0,0
403,DEBIT,1512.88,C40672520,68165.42,66652.54,C89374517,7865.74,9378.619999999999,0,20.1,1,3,0,0
79,TRANSFER,532.37,C45477397,44649.06,44116.689999999995,C61464175,14162.01,14694.380000000001,0,26.9,1,1,0,0
447,TRANSFER,144.6,C41638781,641.64,497.03999999999996,C84028967,70463.07,70607.67000000001,0,6.7,2,3,0,0
8,CASH_OUT,179.27,C45752157,2665.2,2485.93,C55775360,6278.34,6457.610000000001,0,22.3,2,4,0,0
23,CASH_IN,1589.55,C57386730,74018.82,72429.27,C25472226,8321.87,9911.42,0,14.7,2,3,0,0
543,PAYMENT,240.39,C11376165,55277.88,55037.49,M65959778,74597.79,74838.18,0,3.8,1,1,0,0
414,TRANSFER,330.28,C30938843,12018.86,11688.58,C17087586,174206.64,174536.92,0,0.8,1,3,0,0
682,CASH_OUT,414.02,C15550972,29106.72,28692.7,C64156234,40408.26,40822.28,0,9.5,2,0,0,0
642,CASH_OUT,1089.29,C29977743,53351.1,52261.81,C45490376,38425.77,39515.06,0,40.8,3,4,0,0
409,CASH_OUT,13836.51,C33228816,769.14,0.0,C23054495,31111.06,44947.57,0,41.3,1,5,0,0
669,PAYMENT,38.71,C93732686,56528.24,56489.53,M30130723,11218.38,11257.089999999998,0,5.1,1,9,0,0
22,PAYMENT,1969.92,C21255392,25670.59,23700.67,M21194597,1541.02,3510.94,0,12.0,1,0,0,0
638,TRANSFER,342.41,C49984027,4983.77,4641.360000000001,C79970065,23935.61,24278.02,0,11.1,1,2,0,0
403,CASH_OUT,1664.18,C84668884,8929.21,7265.029999999999,C63991661,75080.8,76744.98,0,42.9,1,3,0,0
681,PAYMENT,590.53,C85529261,27811.98,27221.45,M98424938,87771.22,88361.75,0,33.3,1,3,0,0
678,PAYMENT,1295.56,C65726740,49223.25,47927.69,M88732279,28175.39,29470.95,0,25.2,1,3,0,0
157,CASH_IN,112.27,C36812292,21105.83,20993.56,C37324162,112318.71,112430.98000000001,0,8.0,3,0,0,0
330,PAYMENT,3786.21,C82407819,5831.84,2045.63,M76737116,33190.6,36976.81,0,3.1,2,2,0,0
22,CASH_IN,2022.47,C10225004,87526.56,85504.09,C94059353,56995.85,59018.32,0,35.8,1,2,0,0
472,CASH_OUT,2388.15,C99874163,34683.88,32295.729999999996,C72679571,23329.64,25717.79,0,9.5,1,2,0,0
264,CASH_OUT,10308.93,C75494215,16627.12,6318.189999999999,C60527439,3428.29,13737.220000000001,0,34.5,1,2,0,0
303,PAYMENT,142.97,C48072395,57491.79,57348.82,M68411180,72753.22,72896.19,0,8.9,1,3,0,0
724,PAYMENT,253.79,C95775710,20494.44,20240.649999999998,M43103932,114670.38,114924.17,0,25.5,1,1,0,0
465,CASH_OUT,35929.71,C66399500,22448.51,0.0,C63639698,51428.0,87357.70999999999,0,67.4,3,0,0,1
164,CASH_OUT,4821.21,C42208095,16259.56,11438.349999999999,C20094111,21036.18,25857.39,0,19.5,1,2,0,0
136,CASH_OUT,56.58,C95477432,22388.43,22331.85,C92373894,78744.64,78801.22,0,30.5,1,4,0,0
252,PAYMENT,1306.73,C93934158,15216.3,13909.57,M53377452,39878.65,41185.380000000005,0,44.7,2,3,0,0
205,CASH_OUT,12331.57,C76013564,202009.02,189677.44999999998,C29725532,111.44,12443.01,0,52.6,1,4,0,0
302,CASH_OUT,76861.03,C37254877,14888.68,0.0,C27272013,109520.6,186381.63,0,5.5,2,3,0,0
242,CASH_OUT,29861.86,C53174341,52072.82,22210.96,C81612785,24865.39,54727.25,0,17.8,1,3,0,0
61,CASH_OUT,796.22,C31351111,10669.38,9873.16,C40524108,7663.57,8459.789999999999,0,16.4,1,4,0,0
465,CASH_OUT,1441.85,C64304526,40686.64,39244.79,C37532771,8085.07,9526.92,0,33.4,2,4,0,0
302,CASH_OUT,68.76,C45003003,35558.51,35489.75,C94069568,16694.32,16763.079999999998,0,27.0,1,5,0,0
472,PAYMENT,2177.22,C98279949,40338.97,38161.75,M22594497,1736.85,3914.0699999999997,0,7.5,2,6,0,0
394,TRANSFER,2610.17,C60833051,22034.73,19424.559999999998,C72924940,14583.05,17193.22,0,49.6,2,0,0,0
607,PAYMENT,9258.95,C46910141,102315.39,93056.44,M41042792,3823.17,13082.12,0,30.3,1,1,0,0
660,TRANSFER,34.38,C85023378,17682.6,17648.219999999998,C21011631,9022.71,9057.089999999998,0,36.9,1,2,0,0
259,TRANSFER,342.72,C55708872,102544.58,102201.86,C39621272,728.42,1071.1399999999999,0,6.2,1,5,0,0
542,PAYMENT,1205.07,C34285133,26072.28,24867.21,M64063701,45703.59,46908.659999999996,0,37.2,3,2,0,0
530,PAYMENT,8750.11,C21427618,52817.32,44067.21,M88835066,34282.32,43032.43,0,65.0,2,1,0,0
187,PAYMENT,878.23,C50959195,505.96,0.0,M83198963,3867.8,4746.030000000001,0,34.8,1,2,0,0
212,CASH_OUT,125844.21,C44165218,29078.14,0.0,C74320236,59735.53,185579.74,0,12.2,1,2,0,0
35,CASH_IN,258.55,C37185428,52442.12,52183.57,C14211848,46596.74,46855.29,0,72.5,3,4,0,0
147,PAYMENT,745.29,C15756880,17663.31,16918.02,M85071613,6708.32,7453.61,0,49.2,1,3,0,0
282,CASH_IN,253.75,C17874240,19389.19,19135.44,C61597432,1691.72,1945.47,0,46.9,1,0,0,0
547,TRANSFER,1249.32,C26403259,25291.35,24042.03,C46499071,5802.88,7052.2,0,15.6,1,1,0,0
588,PAYMENT,4247.56,C89753032,15673.56,11426.0,M20537328,4972.85,9220.41,0,24.6,1,1,0,0
584,PAYMENT,2507.69,C92362014,46200.05,43692.36,M83064711,37699.86,40207.55,0,12.0,1,2,0,0
249,TRANSFER,382.27,C62868641,2520.77,2138.5,C35470505,2103.69,2485.96,0,23.1,1,2,0,0
57,CASH_OUT,16308.43,C40525039,88934.52,72626.09,C58288511,14897.66,31206.09,0,6.1,1,1,0,0
305,CASH_OUT,21722.24,C18984478,160927.81,139205.57,C25209624,17789.99,39512.23,0,56.0,1,0,0,0
522,PAYMENT,513.05,C82382627,9054.95,8541.900000000001,M63759411,3583.9,4096.95,0,44.3,2,3,0,0
725,PAYMENT,468246.93,C74036641,12752.05,0.0,M69521120,16819.45,485066.38,1,21.9,2,3,0,0
361,TRANSFER,247.38,C32839596,148657.65,148410.27,C23336710,33409.21,33656.59,0,29.6,1,5,0,0
237,PAYMENT,1940.47,C65529935,8965.02,7024.55,M17707634,15555.47,17495.94,0,12.3,1,2,0,0
234,PAYMENT,1943.03,C48271530,5621.39,3678.3600000000006,M99012220,106761.54,108704.56999999999,0,23.4,1,3,0,0
223,PAYMENT,238.95,C76255189,78814.97,78576.02,M34717353,13471.88,13710.83,0,21.4,1,2,0,0
616,CASH_OUT,2589.06,C42607362,56607.55,54018.490000000005,C17853932,42102.84,44691.899999999994,0,14.0,1,1,0,0
327,CASH_IN,1454.85,C44158542,56951.0,55496.15,C98591039,30948.92,32403.769999999997,0,53.9,1,4,0,0
98,TRANSFER,3851.31,C74507168,12850.9,8999.59,C75428978,18810.98,22662.29,0,18.0,1,3,0,0
226,CASH_IN,1805.04,C80184762,23573.72,21768.68,C71372624,138800.49,140605.53,0,11.7,1,3,0,0
734,PAYMENT,7631.37,C60301191,8677.8,1046.4299999999994,M35333149,78336.39,85967.76,0,27.1,1,0,0,0
489,TRANSFER,5352.27,C46813947,8813.25,3460.9799999999996,C41939931,8959.13,14311.4,0,22.7,2,2,0,0
478,PAYMENT,303.97,C26509645,34227.45,33923.479999999996,M49959405,143692.94,143996.91,0,37.9,1,1,0,0
334,CASH_OUT,1052.17,C77349091,55845.56,54793.39,C45614484,770.92,1823.0900000000001,0,25.4,1,3,0,0
555,CASH_IN,415.67,C36061477,19336.22,18920.550000000003,C93107221,435.49,851.1600000000001,0,3.4,1,3,0,0
512,CASH_OUT,36349.3,C24717118,32252.29,0.0,C95475696,4011.76,40361.060000000005,0,11.0,1,3,0,0
382,TRANSFER,10092.53,C23868173,21412.95,11320.42,C39573084,17581.11,27673.64,0,27.7,2,5,0,1
423,CASH_OUT,3275.56,C88280419,123126.86,119851.3,C93796399,18162.35,21437.91,0,64.2,1,1,0,0
348,PAYMENT,4735.52,C20841307,60770.12,56034.600000000006,M92150142,2297.27,7032.790000000001,0,20.7,2,4,0,0
153,DEBIT,1471.1,C53425453,49061.86,47590.76,C80630534,54352.74,55823.84,0,19.4,2,2,0,0
452,TRANSFER,2383.56,C53813598,65525.93,63142.37,C41823420,15477.65,17861.21,0,22.2,1,1,0,0
290,TRANSFER,470.6,C64038011,15595.72,15125.119999999999,C27143663,118264.69,118735.29000000001,0,21.2,1,3,0,0
736,TRANSFER,547.91,C70428544,132815.78,132267.87,C87090488,253606.79,254154.7,0,32.6,1,0,0,0
119,CASH_OUT,5489.44,C92131119,11125.26,5635.820000000001,C56304840,46872.05,52361.490000000005,0,14.9,1,4,0,0
214,PAYMENT,260.19,C27410974,7429.96,7169.77,M89723742,4899.6,5159.79,0,29.6,2,1,0,0
565,CASH_OUT,509.84,C51340747,118223.34,117713.5,C53452051,29124.32,29634.16,0,22.7,2,5,0,0
732,PAYMENT,1202.03,C29743693,15049.33,13847.3,M12057251,61438.16,62640.19,0,29.9,1,1,0,0
439,CASH_OUT,119.41,C85033444,94313.5,94194.09,C78624382,100160.61,100280.02,0,34.7,1,2,0,0
565,CASH_OUT,10955.91,C49699387,17666.74,6710.830000000002,C63617671,22249.66,33205.57,0,22.3,2,2,0,0
629,CASH_OUT,5912.03,C69676409,17440.53,11528.5,C98430232,9.16,5921.19,0,27.2,2,1,0,0
447,TRANSFER,3910.07,C92085452,158241.11,154331.03999999998,C58219561,20891.43,24801.5,0,26.2,1,3,0,0
42,TRANSFER,896.99,C58596431,168050.46,167153.47,C97780863,34006.83,34903.82,0,23.7,1,2,0,0
395,PAYMENT,14960.07,C69235887,163234.89,148274.82,M55448925,4706.66,19666.73,0,20.9,1,4,0,0
247,CASH_OUT,3774.71,C69426616,7378.71,3604.0,C56747354,41550.03,45324.74,0,14.3,1,1,0,0
291,PAYMENT,10698.34,C98191131,42395.72,31697.38,M59270165,33086.33,43784.67,0,17.0,1,3,0,0
248,TRANSFER,11880.66,C89658403,1856.47,0.0,C91095261,25987.74,37868.4,0,23.4,1,3,0,0
613,PAYMENT,765.78,C44876367,57992.18,57226.4,M63257093,31266.09,32031.87,0,36.9,1,3,0,0
599,PAYMENT,367.26,C49518731,55603.52,55236.259999999995,M50185981,1211.37,1578.6299999999999,0,25.2,1,0,0,0
449,CASH_OUT,296.4,C70266432,243493.43,243197.03,C42707906,55915.86,56212.26,0,25.2,1,5,0,0
84,PAYMENT,2015.23,C40996607,105112.87,103097.64,M99942185,47994.93,50010.16,0,36.1,1,2,0,0
221,CASH_OUT,13.43,C36640431,12306.89,12293.46,C76825020,8965.04,8978.470000000001,0,25.9,2,4,0,0
666,PAYMENT,262.91,C90644635,29331.16,29068.25,M26556222,3189.74,3452.6499999999996,0,21.0,2,4,0,0
51,PAYMENT,517.75,C49784523,14872.58,14354.83,M32309744,19945.49,20463.24,0,15.6,2,5,0,0
550,TRANSFER,592.07,C97090266,2446.16,1854.0899999999997,C88202671,56667.24,57259.31,0,23.2,3,3,0,0
187,PAYMENT,5290.89,C87316205,24101.23,18810.34,M68765444,20124.28,25415.17,0,17.4,1,1,0,0
525,PAYMENT,136.9,C20784944,5697.8,5560.900000000001,M67906334,51296.03,51432.93,0,18.9,1,4,0,0
223,CASH_OUT,85.64,C64418707,72385.8,72300.16,C54729615,59920.95,60006.59,0,24.1,1,2,0,0
465,PAYMENT,88.71,C81081618,24667.76,24579.05,M87383102,1879.88,1968.5900000000001,0,11.4,1,5,0,0
419,CASH_OUT,4654.33,C28497537,1586.9,0.0,C71924671,20126.73,24781.059999999998,0,68.8,1,1,0,0
87,PAYMENT,634.46,C42834028,15783.5,15149.04,M86350304,177920.86,178555.31999999998,0,32.9,1,5,0,0
259,PAYMENT,595.29,C41379063,20228.99,19633.7,M41842787,1065.92,1661.21,0,11.4,1,2,0,0
181,CASH_OUT,41718.79,C12098584,30182.75,0.0,C69073228,90131.03,131849.82,0,27.7,2,8,0,1
311,PAYMENT,3974.96,C84381642,57158.87,53183.91,M83167234,4973.1,8948.060000000001,0,27.0,1,5,0,0
173,PAYMENT,486.47,C76345992,77531.61,77045.14,M29321561,37717.56,38204.03,0,1.9,1,2,0,0
322,TRANSFER,148.86,C13490809,212746.86,212598.0,C29316983,119630.39,119779.25,0,19.5,1,0,0,0
707,PAYMENT,53461.42,C84683614,96284.91,42823.490000000005,M74909246,38279.35,91740.76999999999,0,40.5,2,5,0,0
340,CASH_OUT,2776.98,C13483824,30588.87,27811.89,C48036328,8435.46,11212.439999999999,0,7.3,2,3,0,0
496,PAYMENT,825.88,C28225904,5573.94,4748.0599999999995,M52355735,9300.46,10126.339999999998,0,31.5,1,3,0,0
245,CASH_OUT,2575.55,C14290359,54531.55,51956.0,C71347333,1224.81,3800.36,0,41.2,1,0,0,0
505,DEBIT,853.8,C37229130,27442.18,26588.38,C33480005,17589.79,18443.59,0,35.0,1,1,0,0
329,TRANSFER,4516.59,C87442602,26009.65,21493.06,C87662652,35156.69,39673.28,0,47.4,1,2,0,0
196,CASH_IN,85.5,C35098121,20605.54,20520.04,C94904642,66496.48,66581.98,0,35.3,2,2,0,0
62,TRANSFER,877.28,C70841992,9247.34,8370.06,C45426858,34959.83,35837.11,0,19.4,2,2,0,0
25,CASH_IN,269.89,C56914321,4649.32,4379.429999999999,C49436096,97245.13,97515.02,0,29.7,1,1,0,0
564,PAYMENT,1568.53,C81906257,85432.62,83864.09,M66389017,47030.99,48599.52,0,33.0,2,1,0,0
562,CASH_OUT,323.53,C66579306,10226.19,9902.66,C96082673,32200.59,32524.12,0,16.7,3,1,0,0
378,TRANSFER,615.15,C19202800,60171.45,59556.299999999996,C19135276,9229.11,9844.26,0,13.5,1,3,0,0
295,TRANSFER,671.48,C39411067,64870.57,64199.09,C84497509,61507.43,62178.91,0,21.2,1,1,0,0
52,CASH_OUT,2877.55,C65996661,18361.41,15483.86,C40003716,14436.72,17314.27,0,17.8,1,1,0,0
40,CASH_OUT,908.91,C21072188,40622.25,39713.34,C79691109,15478.36,16387.27,0,31.8,1,3,0,0
572,PAYMENT,290.96,C16067098,62127.57,61836.61,M72083227,4482.96,4773.92,0,28.9,1,2,0,0
728,PAYMENT,3800.42,C12469690,7219.25,3418.83,M30902385,2088.65,5889.07,0,39.3,2,0,0,0
457,CASH_OUT,77204.81,C68186659,9277.53,0.0,C90256116,24298.87,101503.68,0,36.5,2,2,0,0
709,CASH_OUT,950.17,C61516171,63214.23,62264.060000000005,C27037115,5237.13,6187.3,0,15.6,1,2,0,0
2,CASH_IN,18854.44,C80077253,16415.8,0.0,C93541404,16535.47,35389.91,0,49.3,1,3,0,0
469,CASH_OUT,111.82,C55174143,5669.3,5557.4800000000005,C53141889,72755.62,72867.44,0,10.4,1,1,0,0
106,CASH_IN,457.96,C61113002,36723.77,36265.81,C15311224,15987.83,16445.79,0,31.8,1,2,0,0
216,CASH_OUT,18604.45,C49269100,82088.31,63483.86,C31213027,38759.05,57363.5,0,53.0,1,4,0,0
679,PAYMENT,2680.08,C74156365,18275.95,15595.87,M96909618,76139.14,78819.22,0,14.2,1,3,0,0
414,PAYMENT,496.77,C76998015,15091.22,14594.449999999999,M32242531,6461.29,6958.0599999999995,0,11.4,1,5,0,0
210,CASH_OUT,8135.72,C36464706,11645.04,3509.3200000000006,C59314725,117173.27,125308.99,0,25.0,2,3,0,0
58,CASH_OUT,280.28,C97875847,32378.78,32098.5,C45727982,32858.0,33138.28,0,32.0,2,1,0,0
43,PAYMENT,2033.16,C70884581,42520.6,40487.439999999995,M53364139,53218.28,55251.44,0,57.6,1,3,0,0
138,TRANSFER,9755.43,C28077428,7226.19,0.0,C90068389,78127.61,87883.04000000001,0,26.6,1,2,1,1
621,CASH_IN,3485.41,C29672227,80831.57,77346.16,C99847317,60392.52,63877.92999999999,0,9.5,1,3,0,0
489,TRANSFER,165550.57,C39249825,37758.98,0.0,C36697009,11038.63,176589.2,0,67.3,1,1,0,0
560,TRANSFER,654.03,C70801856,41363.85,40709.82,C36481148,11564.93,12218.960000000001,0,1.6,1,3,0,1
638,TRANSFER,6309.07,C81407876,6253.15,0.0,C16421404,7860.88,14169.95,0,50.9,2,2,0,0
469,PAYMENT,8809.2,C46589644,48808.06,39998.86,M37055861,8687.98,17497.18,0,35.3,3,1,0,0
726,TRANSFER,1218.43,C20064537,56709.79,55491.36,C22098754,65297.97,66516.4,0,46.5,3,0,0,0
640,TRANSFER,336.6,C38853801,25860.22,25523.620000000003,C57187599,32874.81,33211.409999999996,0,25.8,1,1,0,0
389,PAYMENT,14613.85,C42649377,45716.29,31102.440000000002,M98939348,5509.78,20123.63,0,20.2,1,0,0,0
198,CASH_OUT,727.98,C38221162,13290.69,12562.710000000001,C84447328,14785.19,15513.17,0,35.2,1,4,0,0
202,TRANSFER,5759.56,C25968862,50982.92,45223.36,C59032820,3219.42,8978.98,0,23.1,1,2,0,0
192,CASH_OUT,3904.1,C96781589,38073.42,34169.32,C85300630,70358.18,74262.28,0,56.2,2,1,0,0
107,DEBIT,2267.16,C82094107,43709.51,41442.350000000006,C28597183,38220.19,40487.350000000006,0,40.7,1,2,0,0
706,PAYMENT,20456.52,C26759350,14497.65,0.0,M55054683,7185.3,27641.82,0,32.8,1,1,0,0
327,CASH_OUT,3311.82,C39632316,77819.85,74508.03,C41011195,72605.47,75917.29000000001,0,55.4,2,1,0,0
644,TRANSFER,5597.67,C83531208,87423.94,81826.27,C65419139,90912.82,96510.49,0,19.6,1,3,0,0
357,DEBIT,3742.46,C12297946,5532.72,1790.2600000000002,C75626810,48895.6,52638.06,0,68.5,3,0,0,0
595,PAYMENT,2073.84,C47105013,101106.34,99032.5,M68458381,27536.18,29610.02,0,5.0,2,4,0,0
501,CASH_OUT,910.67,C39003563,74781.61,73870.94,C36822624,59199.49,60110.159999999996,0,40.0,1,3,0,0
284,CASH_OUT,1745.78,C35100993,40286.93,38541.15,C73730455,19333.95,21079.73,0,76.7,2,2,0,0
468,PAYMENT,5496.18,C50326848,2833.8,0.0,M38926278,23717.53,29213.71,0,5.2,2,2,0,0
508,PAYMENT,4219.73,C22907150,37039.99,32820.259999999995,M73767233,22449.46,26669.19,0,9.9,1,2,0,0
734,CASH_OUT,5296.99,C99641425,31610.66,26313.67,C83660474,147630.9,152927.88999999998,0,45.1,1,1,0,0
106,CASH_OUT,1500000.0,C97627351,12645.51,0.0,C87886610,16040.5,1516040.5,1,58.1,1,7,0,1
294,PAYMENT,733.72,C93563232,89648.41,88914.69,M18625888,27449.61,28183.33,0,32.1,1,3,0,0
66,CASH_OUT,104.31,C95481450,19322.85,19218.539999999997,C64195820,86948.09,87052.4,0,50.2,1,2,0,0
195,TRANSFER,865.78,C19324215,43405.35,42539.57,C97087209,3573.16,4438.94,0,19.7,2,1,0,0
188,CASH_OUT,952.57,C10267193,29942.51,28989.94,C47459074,13681.81,14634.38,0,33.8,1,1,0,0
47,PAYMENT,3989.85,C10462181,105379.39,101389.54,M19416194,55624.04,59613.89,0,8.9,1,1,0,0
362,DEBIT,1148.07,C72806618,34754.26,33606.19,C99091631,53634.18,54782.25,0,29.7,1,4,0,0
537,PAYMENT,6751.28,C80143815,16286.35,9535.07,M58182100,32561.58,39312.86,0,38.4,2,2,0,0
578,TRANSFER,454.29,C91644628,64032.75,63578.46,C12142579,47449.75,47904.04,0,48.8,1,4,0,0
487,PAYMENT,5114.29,C37160962,72920.81,67806.52,M20824844,13340.95,18455.24,0,22.9,1,2,0,0
579,PAYMENT,132.07,C42002724,136401.7,136269.63,M62310369,41778.93,41911.0,0,46.4,1,4,0,0
709,TRANSFER,1791.0,C82483379,68564.16,66773.16,C13521185,1946.08,3737.08,0,41.7,1,3,0,0
246,PAYMENT,419.91,C76218154,2543.11,2123.2000000000003,M97540369,169616.15,170036.06,0,17.4,2,2,0,0
612,CASH_OUT,944.62,C74402820,88327.54,87382.92,C30323503,40898.53,41843.15,0,44.6,1,2,0,0
178,PAYMENT,45.05,C39489042,32920.34,32875.28999999999,M55023597,7906.19,7951.24,0,16.1,1,3,0,0
115,TRANSFER,8442.96,C85725216,7903.6,0.0,C22417267,51109.61,59552.57,0,9.3,1,1,0,0
680,PAYMENT,909.66,C32582082,191927.21,191017.55,M10455565,40789.66,41699.32000000001,0,61.0,1,1,0,0
631,PAYMENT,1479.92,C27830020,52496.76,51016.840000000004,M54802747,133278.75,134758.67,0,15.4,3,1,0,0
165,PAYMENT,3828.93,C10398569,111421.75,107592.82,M76106637,13639.87,17468.8,0,30.1,1,2,0,0
219,TRANSFER,485.12,C93266433,9780.44,9295.32,C84160486,2320.05,2805.17,0,21.0,3,1,0,0
197,TRANSFER,744.62,C38188926,74902.82,74158.20000000001,C21478758,8099.51,8844.130000000001,0,12.9,1,3,0,0
401,TRANSFER,75.17,C62116345,45380.05,45304.880000000005,C98846474,21704.17,21779.339999999997,0,60.3,2,2,0,0
681,TRANSFER,1009.45,C53180134,24414.56,23405.11,C30018485,10847.22,11856.67,0,34.9,1,3,0,0
76,TRANSFER,29013.68,C32460291,12019.15,0.0,C17684790,54389.85,83403.53,0,11.4,1,2,0,0
426,PAYMENT,2955.56,C46508160,20832.48,17876.92,M22696001,1947.66,4903.22,0,46.3,1,1,0,0
287,TRANSFER,120.73,C18583068,38187.96,38067.229999999996,C73460344,5507.31,5628.04,0,6.6,1,0,0,0
545,CASH_IN,3876.06,C91722747,66032.27,62156.21000000001,C30485827,14763.5,18639.56,0,51.5,1,2,0,0
299,TRANSFER,18127.31,C82480428,28630.13,10502.82,C16933605,32863.46,50990.770000000004,0,25.6,1,2,0,0
742,CASH_OUT,293.03,C98590452,24923.24,24630.210000000003,C24344129,13802.41,14095.44,0,20.3,1,3,0,0
707,PAYMENT,1226.63,C42923037,429.89,0.0,M32863818,32994.36,34220.99,0,51.1,2,3,0,0
294,CASH_OUT,1297.33,C62316467,149093.96,147796.63,C73639310,14928.34,16225.67,0,50.0,1,2,0,0
447,CASH_OUT,2250.17,C97431023,73640.77,71390.6,C33011597,57084.47,59334.64,0,29.2,1,3,0,0
414,TRANSFER,2219.54,C88182227,274710.95,272491.41000000003,C47982306,54126.08,56345.62,0,4.1,2,1,0,0
431,CASH_IN,5637.59,C18773028,126494.8,120857.21,C24542466,62455.8,68093.39,0,31.8,1,2,0,0
230,PAYMENT,1439.45,C65987131,99383.25,97943.8,M75449406,125557.21,126996.66,0,1.1,1,1,0,0
96,PAYMENT,16651.11,C36463896,2991.89,0.0,M58468606,69910.78,86561.89,0,43.6,2,3,0,0
439,CASH_OUT,56.78,C18090403,47805.04,47748.26,C75290675,70631.78,70688.56,0,31.8,1,3,0,0
171,CASH_OUT,228.37,C42284035,12767.53,12539.16,C17530543,19189.77,19418.14,0,12.2,1,3,0,0
317,PAYMENT,26266.03,C68546070,106660.56,80394.53,M11710992,14909.62,41175.65,0,47.8,1,1,0,0
544,PAYMENT,765.79,C49740037,85675.63,84909.84000000001,M13606060,10031.39,10797.18,0,20.0,1,1,0,0
491,PAYMENT,4921.79,C63163291,9340.23,4418.44,M85349661,23455.58,28377.370000000003,0,31.7,1,1,0,0
388,PAYMENT,1428.65,C91486039,77198.92,75770.27,M72910836,18884.56,20313.210000000003,0,28.8,2,5,0,0
557,CASH_OUT,9908.95,C80324592,216820.07,206911.12,C93235573,10006.13,19915.08,0,6.6,1,2,1,0
72,TRANSFER,3803.68,C81638560,22120.41,18316.73,C24443075,71.91,3875.5899999999997,0,29.0,1,1,0,0
532,PAYMENT,208541.79,C64187672,22725.72,0.0,M59549915,24323.5,232865.29,1,59.2,1,0,0,0
239,TRANSFER,1731.35,C28507165,1272.61,0.0,C52911268,157646.55,159377.9,0,18.8,1,1,0,0
711,PAYMENT,852.51,C69680357,64918.01,64065.5,M25049251,52367.79,53220.3,0,24.8,1,2,0,0
577,PAYMENT,18044.29,C28309539,87694.05,69649.76000000001,M25220453,112265.52,130309.81,0,21.7,1,4,0,0
700,CASH_OUT,6147.14,C20010292,2386.83,0.0,C38637123,27751.32,33898.46,0,35.5,3,2,0,1
89,CASH_IN,421.25,C96101859,145280.83,144859.58,C46362812,172549.96,172971.21,0,27.6,1,3,0,0
713,CASH_OUT,8718.47,C88921412,3815.4,0.0,C14609775,8884.6,17603.07,0,26.9,2,4,0,0
535,PAYMENT,2603.74,C20781215,42066.14,39462.4,M38756281,32177.4,34781.14,0,35.1,1,3,0,0
642,DEBIT,2114.84,C90622569,131101.98,128987.14000000001,C22346678,12069.52,14184.36,0,21.7,1,3,0,0
154,CASH_OUT,3965.99,C53336669,131808.6,127842.61,C27734703,10387.67,14353.66,0,33.7,1,2,0,0
590,CASH_OUT,7786.59,C26454899,7150.81,0.0,C43551662,109733.22,117519.81,0,26.3,1,3,0,0
190,TRANSFER,2545.47,C52612288,177582.46,175036.99,C28972086,34389.49,36934.96,0,13.4,1,2,0,0
415,TRANSFER,1124.84,C30548687,15764.84,14640.0,C91660046,3488.91,4613.75,0,25.3,2,1,0,0
154,PAYMENT,77620.28,C26674957,20900.39,0.0,M94398977,18325.29,95945.57,0,38.0,1,1,0,0
625,PAYMENT,1682.0,C32141501,56214.45,54532.45,M42305584,72817.82,74499.82,0,28.6,2,3,0,0
339,PAYMENT,20061.79,C80257737,5944.44,0.0,M75285024,3935.99,23997.78,0,23.9,1,1,0,0
629,PAYMENT,657.14,C23759067,38210.32,37553.18,M68718258,885.46,1542.6,0,15.6,1,4,0,0
517,TRANSFER,394.35,C32669219,84634.51,84240.15999999999,C79556210,74766.29,75160.64,0,18.2,1,2,0,0
35,CASH_OUT,10364.91,C73086290,34278.15,23913.24,C46789461,45762.25,56127.16,0,29.2,1,0,0,0
671,TRANSFER,1145.21,C40930251,3150.18,2004.9699999999998,C71672786,2908.01,4053.2200000000003,0,43.3,1,5,0,0
722,PAYMENT,55.06,C24409681,81750.84,81695.78,M98004331,8120.31,8175.370000000001,0,24.8,1,2,0,0
526,CASH_IN,1250.0,C51686862,13741.22,12491.22,C72273049,2941.83,4191.83,0,26.7,1,1,0,0
537,CASH_IN,4503.51,C65533927,81900.68,77397.17,C87354987,2879.93,7383.4400000000005,0,57.7,2,2,0,0
218,CASH_OUT,516.22,C23837393,139161.89,138645.67,C80323011,92138.83,92655.05,0,31.4,1,4,0,0
254,CASH_IN,413.86,C39075130,70286.85,69872.99,C16198644,56035.34,56449.2,0,30.9,2,0,0,0
203,TRANSFER,2560.72,C86491739,1685.69,0.0,C16369330,28775.29,31336.010000000002,0,39.0,1,1,0,0
101,CASH_IN,231.84,C91780658,53873.6,53641.76,C66569843,15366.95,15598.79,0,13.3,2,2,0,0
361,PAYMENT,3142.3,C42733116,15883.03,12740.73,M87371231,37804.18,40946.48,0,32.7,1,3,0,0
741,TRANSFER,11658.57,C18845396,11092.81,0.0,C32582123,13450.85,25109.42,0,24.9,1,2,0,0
711,PAYMENT,18792.45,C46696667,71529.68,52737.229999999996,M16209895,6135.38,24927.83,0,23.1,1,3,0,0
178,PAYMENT,560.1,C54446351,17092.28,16532.18,M64133576,26681.21,27241.309999999998,0,24.4,1,3,0,0
276,PAYMENT,44499.71,C69377433,7750.27,0.0,M13168044,74644.79,119144.5,0,58.9,2,7,0,0
312,CASH_OUT,5203.92,C79792338,9370.77,4166.85,C16266132,46178.88,51382.799999999996,0,6.5,1,1,0,0
642,CASH_OUT,539.66,C23207808,56546.03,56006.369999999995,C97787509,61460.22,61999.880000000005,0,35.8,1,1,0,0
410,TRANSFER,846.42,C98318623,30574.21,29727.79,C53987402,7879.91,8726.33,0,46.5,1,2,0,0
288,PAYMENT,514.3,C69924331,11699.44,11185.140000000001,M60570565,130352.36,130866.66,0,44.3,2,2,0,0
653,CASH_OUT,44.91,C22125446,4152.42,4107.51,C70980849,3136.45,3181.3599999999997,0,8.7,2,2,0,0
525,CASH_OUT,23331.39,C36956092,138440.55,115109.15999999999,C66449665,28566.2,51897.59,0,10.2,1,3,0,0
401,TRANSFER,2671.05,C29841459,300172.74,297501.69,C96639915,18617.22,21288.27,0,2.1,1,2,0,0
217,CASH_OUT,5824.65,C32854669,25057.96,19233.309999999998,C82972775,35884.81,41709.46,0,25.3,1,2,0,0
698,PAYMENT,2162.64,C31824423,14297.06,12134.42,M95816422,113065.7,115228.34,0,51.0,1,2,0,0
470,PAYMENT,118.98,C95841472,2133.7,2014.7199999999998,M77153273,4687.65,4806.629999999999,0,19.5,2,4,0,0
27,CASH_IN,3369.39,C71554451,18356.23,14986.84,C26612969,5666.1,9035.49,0,11.3,1,1,0,0
730,PAYMENT,10105.72,C33348822,43702.68,33596.96,M75478309,16308.64,26414.36,0,26.6,3,0,0,0
422,TRANSFER,9983.63,C18844422,37159.46,27175.83,C39340318,41003.78,50987.409999999996,0,32.0,1,3,1,0
14,DEBIT,12915.28,C22658470,26491.33,13576.050000000001,C53431144,6329.05,19244.33,0,36.0,1,2,0,0
501,CASH_OUT,1979.72,C53051270,22477.64,20497.92,C45049720,5595.38,7575.1,0,32.7,2,1,0,0
654,PAYMENT,25.47,C26218099,191361.21,191335.74,M42985821,62750.29,62775.76,0,54.7,2,2,0,0
325,PAYMENT,6137.42,C82069195,34684.53,28547.11,M18381308,63356.88,69494.3,0,23.1,2,0,0,0
324,PAYMENT,2056.34,C78453905,445.15,0.0,M51980178,45644.92,47701.259999999995,0,31.9,1,3,0,0
567,CASH_OUT,65533.9,C76774112,60072.95,0.0,C11226225,21139.58,86673.48000000001,0,41.7,2,2,0,0
703,TRANSFER,54780.52,C23651832,43761.37,0.0,C40703489,34103.67,88884.19,0,32.1,1,5,0,0
285,PAYMENT,13104.15,C76898666,8610.08,0.0,M78479648,38182.6,51286.75,0,21.2,1,4,0,0
89,CASH_IN,151.74,C92317037,61608.65,61456.91,C20900820,45465.38,45617.119999999995,0,27.1,1,4,0,0
45,TRANSFER,245.79,C99140697,1004.69,758.9000000000001,C82440429,10643.57,10889.36,0,34.2,1,4,0,0
644,PAYMENT,4630.17,C32641442,64625.96,59995.79,M81117728,28995.7,33625.87,0,36.5,1,0,0,0
498,TRANSFER,221.92,C24358761,8092.99,7871.07,C59961611,253054.68,253276.6,0,4.6,1,2,0,0
498,CASH_OUT,8879.95,C61248498,208531.26,199651.31,C81662531,7739.95,16619.9,0,24.5,2,1,0,1
578,PAYMENT,9567.01,C49214260,35811.32,26244.309999999998,M81407422,3227.32,12794.33,0,18.7,1,4,0,0
660,PAYMENT,30024.2,C75850902,537.77,0.0,M13782805,2867.48,32891.68,0,20.9,1,1,0,0
145,CASH_OUT,12935.66,C39771611,91027.66,78092.0,C51735153,43989.34,56925.0,0,8.7,1,5,0,0
518,TRANSFER,900.51,C51089122,87096.93,86196.42,C76548256,67429.86,68330.37,0,31.2,1,2,0,0
82,TRANSFER,1609.95,C85464149,72060.17,70450.22,C20036117,10836.44,12446.390000000001,0,33.1,2,1,0,0
635,TRANSFER,393.48,C49567751,38603.29,38209.81,C41015719,1393.01,1786.49,0,16.1,1,3,0,0
167,PAYMENT,2925.15,C63968197,12323.83,9398.68,M62501584,50166.65,53091.8,0,10.0,1,3,0,0
105,PAYMENT,36.03,C10003623,51080.93,51044.9,M31771757,55030.15,55066.18,0,26.0,1,5,0,0
488,TRANSFER,1067.13,C36677323,94187.21,93120.08,C83749521,12241.8,13308.93,0,35.0,1,2,0,0
310,PAYMENT,6362.93,C55079836,33964.54,27601.61,M80590229,603.73,6966.66,0,4.9,2,0,0,0
82,PAYMENT,5485.16,C60506485,3475.46,0.0,M97097101,64283.07,69768.23,0,11.4,1,1,0,0
94,CASH_OUT,8620.15,C25236915,184972.99,176352.84,C24836925,17914.71,26534.86,0,27.7,1,1,0,0
321,CASH_IN,268.6,C48647544,56462.83,56194.23,C69138067,29338.18,29606.78,0,9.9,1,2,0,0
343,CASH_OUT,179.29,C80123884,200554.84,200375.55,C54275315,92094.91,92274.2,0,15.9,1,4,0,0
361,DEBIT,5287.23,C95768566,10350.81,5063.58,C58984216,9207.63,14494.859999999999,0,66.0,1,5,0,0
66,PAYMENT,324.32,C13634992,11369.54,11045.220000000001,M66978083,5583.71,5908.03,0,6.7,1,6,0,0
624,CASH_IN,219.56,C76952532,5294.51,5074.95,C82101068,34893.55,35113.11,0,33.6,1,1,0,0
429,PAYMENT,2658.68,C44807449,11815.31,9156.63,M62751013,43872.95,46531.63,0,27.9,1,2,0,0
401,CASH_IN,1722.7,C20657754,5733.58,4010.88,C14498293,20003.21,21725.91,0,44.8,1,4,0,0
171,CASH_IN,133169.99,C51130042,15943.91,0.0,C21250009,1296.36,134466.34999999998,0,11.1,1,6,0,0
578,CASH_OUT,3531.2,C99982812,43423.83,39892.630000000005,C65056657,3738.76,7269.96,0,34.7,1,2,0,0
68,CASH_IN,2469.52,C10094912,85668.89,83199.37,C57062759,12455.75,14925.27,0,30.3,1,2,0,0
492,TRANSFER,661.96,C37032497,5065.05,4403.09,C63093650,9955.26,10617.220000000001,0,30.5,3,1,0,0
34,PAYMENT,8011.18,C83992914,8571.41,560.2299999999996,M92804364,15129.84,23141.02,0,35.1,1,0,0,0
1,TRANSFER,1712.53,C96801955,17111.75,15399.22,C40339904,30949.9,32662.43,0,22.6,1,1,0,0
151,TRANSFER,710.55,C57778169,21028.91,20318.36,C41199810,2299.24,3009.79,0,14.8,1,2,0,0
258,PAYMENT,1242.5,C35372403,109997.58,108755.08,M84660457,10270.5,11513.0,0,51.2,1,1,0,0
628,CASH_OUT,991.34,C89196492,12859.14,11867.8,C30293121,64391.84,65383.17999999999,0,16.8,1,3,0,0
588,CASH_IN,1565.18,C67069458,6843.9,5278.719999999999,C82492365,7374.91,8940.09,0,25.1,1,2,0,0
19,PAYMENT,104511.33,C65863544,103474.5,0.0,M36562296,14224.68,118736.01000000001,0,25.6,1,2,0,0
35,CASH_OUT,5739.1,C47568707,107149.02,101409.92,C36924414,24429.54,30168.64,0,36.8,1,2,0,0
371,CASH_IN,1298.31,C51542577,76909.25,75610.94,C90863881,7083.87,8382.18,0,34.6,1,1,0,0
491,CASH_IN,1632.14,C76080855,24010.23,22378.09,C52429676,56888.48,58520.62,0,19.6,1,3,0,0
241,CASH_IN,146.98,C35196644,121990.71,121843.73000000001,C77552830,1137.07,1284.05,0,3.7,1,4,0,0
7,TRANSFER,70.11,C58243560,28931.58,28861.47,C82661365,22379.02,22449.13,0,15.8,3,3,0,0
549,CASH_IN,6915.04,C36768671,78402.08,71487.04000000001,C52987442,31652.95,38567.99,0,40.1,1,3,0,0
371,CASH_OUT,6669.44,C11430707,28538.28,21868.84,C85612529,5310.18,11979.619999999999,0,12.4,3,6,0,0
665,PAYMENT,3750.4,C27526549,32878.34,29127.939999999995,M14178856,46554.71,50305.11,0,19.2,3,4,0,1
250,TRANSFER,26249.5,C10338271,98408.31,72158.81,C25096769,4093.89,30343.39,0,37.8,1,2,0,0
115,CASH_OUT,2682.35,C10354000,47.13,0.0,C28482750,32495.71,35178.06,0,29.0,2,3,0,1
553,PAYMENT,7856.19,C43750457,16009.38,8153.19,M52326247,90938.02,98794.21,0,12.8,1,4,0,0
337,CASH_OUT,1583.66,C33354957,51623.47,50039.81,C49211906,7213.29,8796.95,0,26.0,1,2,0,0
574,CASH_OUT,20.13,C33168244,127508.72,127488.59,C15038520,33848.49,33868.619999999995,0,29.8,1,1,0,0
681,PAYMENT,14749.95,C56482134,631.38,0.0,M38847844,69573.49,84323.44,0,20.6,3,3,0,0
142,TRANSFER,315.46,C89096916,31208.92,30893.46,C28003312,9696.59,10012.05,0,53.3,1,2,0,0
485,CASH_OUT,2879.67,C20541210,36334.78,33455.11,C50422168,761.78,3641.45,0,27.4,1,2,0,0
438,TRANSFER,509.88,C87326085,370692.1,370182.22,C79608701,864.83,1374.71,0,14.2,1,1,0,0
88,PAYMENT,2919.5,C27059339,59718.97,56799.47,M90154785,11240.95,14160.45,0,37.4,1,2,0,0
463,PAYMENT,36518.17,C65233328,6753.27,0.0,M43644001,50357.63,86875.79999999999,0,46.5,1,0,0,0
48,TRANSFER,5305.91,C18775241,40523.23,35217.32000000001,C62374998,16570.77,21876.68,0,15.4,3,5,0,0
481,CASH_IN,7834.26,C62371979,8362.29,528.0300000000007,C32108705,26107.02,33941.28,0,28.0,1,1,0,0
524,PAYMENT,1318.47,C79467496,64754.09,63435.619999999995,M61591557,2380.94,3699.41,0,25.1,1,2,0,0
211,CASH_OUT,1081.89,C72357812,22579.63,21497.74,C33580788,85307.4,86389.29,0,33.4,1,5,0,0
244,PAYMENT,1050.4,C18616202,54078.9,53028.5,M18967004,21101.17,22151.57,0,9.8,1,3,0,0
239,PAYMENT,7154.58,C84702027,112480.47,105325.89,M21302442,62062.2,69216.78,0,38.8,1,4,0,0
197,CASH_OUT,1908.17,C74878705,78427.96,76519.79000000001,C66445361,666.57,2574.7400000000002,0,7.1,1,3,0,0
235,CASH_OUT,6277.73,C57629052,79666.76,73389.03,C92505683,48130.47,54408.2,0,30.8,1,1,0,0
187,PAYMENT,1314.12,C15338949,16463.91,15149.79,M48894193,27839.56,29153.68,0,37.9,1,1,0,0
713,TRANSFER,11242.18,C93584857,44707.63,33465.45,C87372291,12045.81,23287.989999999998,0,27.7,1,3,0,0
615,PAYMENT,6318.9,C56690946,10394.08,4075.1800000000003,M94269343,50325.72,56644.62,0,72.9,3,2,0,0
290,TRANSFER,2214.06,C22288344,12487.82,10273.76,C82180054,26969.08,29183.140000000003,0,29.9,1,2,0,0
221,CASH_OUT,6163.64,C42263400,61521.76,55358.12,C96375118,36776.54,42940.18,0,17.2,1,0,0,0
497,PAYMENT,11618.61,C34495363,26116.99,14498.380000000001,M97791681,53117.56,64736.17,0,3.1,2,0,0,0
496,PAYMENT,50826.61,C71288086,109709.28,58882.67,M42664044,3747.95,54574.56,0,29.5,2,2,0,0
302,TRANSFER,511.45,C70051136,33391.25,32879.8,C98529629,46772.19,47283.64,0,23.3,1,4,0,0
187,CASH_IN,8843.61,C80567376,3573.65,0.0,C87621882,22301.27,31144.88,0,32.7,1,4,0,0
450,CASH_IN,6224.42,C28042888,26783.5,20559.08,C64862219,106602.21,112826.63,0,8.8,1,2,0,0
412,PAYMENT,9580.98,C67130641,7191.63,0.0,M55798348,84335.59,93916.56999999999,0,9.7,1,6,0,0
611,CASH_OUT,782.04,C56977360,259985.06,259203.02,C44772337,55874.77,56656.81,0,23.1,2,2,0,0
245,TRANSFER,2176.5,C31712530,1203.34,0.0,C61616320,52838.84,55015.34,0,53.7,1,1,0,0
313,TRANSFER,775.92,C99760871,41243.61,40467.69,C95177319,86452.29,87228.20999999999,0,32.2,1,1,0,0
496,CASH_OUT,3401.07,C90519060,22660.36,19259.29,C10775261,63546.11,66947.18000000001,0,24.8,1,2,0,0
22,CASH_IN,381.99,C45785051,46681.57,46299.58,C26916806,131256.28,131638.27,0,57.3,2,3,0,0
68,CASH_IN,21025.44,C77734255,38726.94,17701.500000000004,C90754447,79583.03,100608.47,0,36.4,2,2,0,0
392,TRANSFER,2320.9,C34832243,125105.74,122784.84000000001,C85691600,15988.29,18309.190000000002,0,34.6,1,4,0,0
316,TRANSFER,40348.53,C91173091,10072.93,0.0,C23281099,47881.55,88230.08,0,47.0,2,0,0,0
65,CASH_OUT,551.06,C92584057,6372.92,5821.860000000001,C19217806,80370.77,80921.83,0,48.1,1,3,0,0
729,PAYMENT,2597.81,C64350538,102149.88,99552.07,M71654485,66464.14,69061.95,0,24.8,3,2,0,0
541,TRANSFER,2176.18,C86791676,134232.46,132056.28,C48554108,38985.55,41161.73,0,30.2,1,2,0,0
705,TRANSFER,5990.42,C49485882,21934.21,15943.789999999999,C45806964,28016.83,34007.25,0,9.4,1,2,0,0
568,CASH_OUT,7076.36,C51920693,156518.42,149442.06000000003,C23993563,3484.04,10560.4,0,42.7,1,3,0,0
212,PAYMENT,164.86,C51189652,20991.98,20827.12,M71562650,15453.18,15618.04,0,24.0,1,3,0,0
200,PAYMENT,15342.41,C74994342,43901.54,28559.13,M31962677,37174.84,52517.25,0,16.7,1,1,0,0
178,CASH_IN,9001.62,C80767818,54938.43,45936.81,C15073331,34508.03,43509.65,0,43.2,1,2,0,0
423,PAYMENT,122.3,C58602950,255312.53,255190.23,M44594044,55385.77,55508.07,0,34.9,1,4,0,0
665,TRANSFER,24184.13,C30049410,9335.65,0.0,C59232567,83532.72,107716.85,0,26.1,2,1,0,0
462,PAYMENT,186.28,C42738350,17456.32,17270.04,M13942971,33004.54,33190.82,0,21.1,1,3,0,0
44,PAYMENT,2978.93,C25031538,39505.03,36526.1,M51756786,41173.71,44152.64,0,33.7,1,1,0,0
431,PAYMENT,1062.03,C40555304,12082.34,11020.31,M81524147,22194.18,23256.21,0,13.7,1,6,0,0
168,PAYMENT,1306.84,C59655361,43378.45,42071.61,M20883275,2418.32,3725.16,0,8.8,2,0,0,0
287,DEBIT,975.19,C34813009,75289.72,74314.53,C89588206,15843.97,16819.16,0,24.5,1,2,0,0
709,PAYMENT,4640.33,C22557759,105699.26,101058.93,M74033184,31019.08,35659.41,0,17.7,1,5,0,0
337,CASH_IN,366.82,C68802666,20490.86,20124.04,C94878554,27168.34,27535.16,0,11.5,2,1,0,0
586,TRANSFER,9832.01,C21585161,9470.6,0.0,C80114909,33130.81,42962.82,0,9.6,1,2,1,1
171,TRANSFER,4739.65,C29260952,57872.24,53132.59,C44164030,39276.57,44016.22,0,23.2,1,5,0,0
183,TRANSFER,1351.87,C66300263,58002.48,56650.61,C42556742,2861.37,4213.24,0,25.2,1,3,0,0
16,TRANSFER,8783.05,C92120805,28803.53,20020.48,C19027384,496.24,9279.289999999999,0,21.2,1,1,0,0
496,CASH_OUT,724.91,C75466665,45022.36,44297.45,C42379548,10347.17,11072.08,0,17.2,1,2,0,0
580,PAYMENT,1679.17,C70499188,80106.36,78427.19,M88227989,30895.88,32575.050000000003,0,24.9,2,4,0,0
554,TRANSFER,121.41,C99317491,66069.77,65948.36,C59238256,16633.47,16754.88,0,12.5,2,3,0,0
110,DEBIT,662.11,C85058340,55876.86,55214.75,C84571297,34853.9,35516.01,0,20.9,1,0,0,0
553,CASH_IN,374.0,C26026264,54216.03,53842.03,C15964872,40645.97,41019.97,0,36.5,1,3,0,0
306,DEBIT,76.46,C13652164,64405.67,64329.21,C12966947,7684.26,7760.72,0,17.6,1,2,0,0
6,TRANSFER,1365.49,C18648451,46759.03,45393.54,C36220473,35380.39,36745.88,0,13.3,1,1,0,0
693,CASH_OUT,1473.04,C84879505,4413.57,2940.5299999999997,C54815994,219549.67,221022.71000000002,0,40.6,1,2,0,0
273,TRANSFER,3085.73,C78729581,43720.68,40634.95,C91490884,131277.38,134363.11000000002,0,17.2,1,3,0,0
361,TRANSFER,5112.06,C53091953,110195.53,105083.47,C30762601,17431.89,22543.95,0,5.5,1,2,0,0
185,PAYMENT,1203.5,C45194000,1916.62,713.1199999999999,M19236211,9107.62,10311.12,0,65.1,3,4,0,0
656,TRANSFER,4429.79,C43091284,25462.18,21032.39,C85868576,94671.67,99101.45999999999,0,42.3,1,3,0,0
100,PAYMENT,9057.57,C72523918,24954.76,15897.189999999999,M10379318,55731.66,64789.23,0,19.7,1,7,0,0
90,PAYMENT,13046.97,C59625360,14655.25,1608.2800000000007,M90716262,10807.56,23854.53,0,8.9,1,2,0,0
246,DEBIT,5117.51,C33766672,42726.74,37609.229999999996,C12273604,16110.86,21228.370000000003,0,40.1,1,4,0,0
239,PAYMENT,4356.26,C44624703,9354.18,4997.92,M43124016,22549.9,26906.160000000003,0,43.6,1,0,0,0
724,PAYMENT,307.19,C97744546,124054.52,123747.33,M65132426,19824.7,20131.89,0,39.4,2,2,0,0
81,PAYMENT,7756.07,C45991248,8458.84,702.7700000000004,M55892708,38170.21,45926.28,0,13.9,1,2,0,0
115,CASH_IN,303.23,C13527307,167630.55,167327.31999999998,C53763740,51425.03,51728.26,0,43.0,1,4,0,0
276,TRANSFER,3229.83,C76015668,584.6,0.0,C47561418,91932.83,95162.66,0,54.8,1,4,0,0
80,TRANSFER,5965.43,C93319172,33467.32,27501.89,C81486189,7754.19,13719.619999999999,0,37.1,1,4,0,0
568,CASH_OUT,3929.12,C61055694,1844.61,0.0,C47075887,18206.32,22135.44,0,29.9,2,2,0,0
179,CASH_OUT,15.85,C19964716,104843.27,104827.42,C18620260,55416.03,55431.88,0,21.5,1,2,0,0
309,PAYMENT,7700.95,C81411810,80159.44,72458.49,M83095661,47645.34,55346.28999999999,0,60.4,1,6,0,0
561,CASH_OUT,27338.88,C34362017,12747.42,0.0,C35762590,91527.56,118866.44,0,16.7,1,2,0,0
509,CASH_OUT,104.39,C52241689,7425.18,7320.79,C45780717,49423.18,49527.57,0,29.4,1,0,0,0
260,CASH_OUT,2488.13,C13752064,11914.17,9426.04,C54483184,4902.78,7390.91,0,40.3,2,0,0,0
292,PAYMENT,1288.76,C52457753,4078.3,2789.54,M95831750,50892.31,52181.07,0,17.1,2,4,0,0
291,DEBIT,1963.08,C64895881,13520.99,11557.91,C62820281,1209.75,3172.83,0,46.6,2,2,0,0
542,TRANSFER,18242.82,C57582124,3526.95,0.0,C90578482,33006.17,51248.99,0,14.9,1,3,0,0
63,PAYMENT,2787.2,C35683023,95702.5,92915.3,M78334424,44327.21,47114.409999999996,0,41.7,1,2,0,0
594,TRANSFER,310.51,C42587098,95885.17,95574.66,C42882490,69757.13,70067.64,0,22.1,1,2,0,0
405,PAYMENT,546.22,C78725580,39812.85,39266.63,M98585840,36713.08,37259.3,0,11.2,1,4,0,0
480,PAYMENT,448.37,C78562618,126216.42,125768.05,M30381900,40330.69,40779.060000000005,0,24.3,1,4,0,0
325,CASH_OUT,62.5,C10814777,21560.5,21498.0,C41163579,6599.6,6662.1,0,23.6,1,1,0,0
381,PAYMENT,673.01,C41334460,9851.38,9178.369999999999,M91478677,2576.61,3249.62,0,23.7,1,4,0,0
681,TRANSFER,6103.94,C14109060,18142.69,12038.75,C93154481,4300.14,10404.08,0,32.3,1,2,0,0
310,TRANSFER,3292.96,C66093817,6600.82,3307.8599999999997,C78001344,10449.94,13742.900000000001,0,51.0,1,3,0,0
343,PAYMENT,2461.26,C66544077,86399.36,83938.1,M92056560,23694.08,26155.340000000004,0,49.9,1,1,0,0
670,CASH_IN,1075.24,C20938802,71443.25,70368.01,C79744557,19959.47,21034.710000000003,0,13.7,2,2,0,0
475,PAYMENT,1584.27,C20937206,10522.98,8938.71,M69436522,14350.87,15935.140000000001,0,37.2,1,4,0,0
56,PAYMENT,4777.4,C50843729,39429.58,34652.18,M32041886,87675.16,92452.56,0,32.1,1,5,0,0
425,PAYMENT,8328.08,C40516671,16469.46,8141.379999999999,M55032547,3683.71,12011.79,0,19.6,2,3,0,0
142,PAYMENT,3101.84,C96505230,7028.78,3926.9399999999996,M38045343,6226.61,9328.45,0,38.5,1,2,0,0
661,PAYMENT,256.05,C28950952,14072.97,13816.92,M46261399,22836.71,23092.76,0,25.8,1,1,0,0
376,CASH_OUT,835.13,C37504463,45794.05,44958.920000000006,C88468518,5551.63,6386.76,0,51.9,2,1,0,0
226,CASH_IN,3970.23,C74062734,52587.21,48616.979999999996,C38004865,6763.98,10734.21,0,4.7,1,1,0,0
474,PAYMENT,546.87,C79092433,10342.62,9795.75,M28611672,136554.41,137101.28,0,30.3,3,2,0,0
25,CASH_OUT,595.21,C74720931,74319.45,73724.23999999999,C90400076,27267.38,27862.59,0,17.0,1,1,0,0
690,CASH_OUT,6370.13,C86520211,42772.52,36402.39,C33276922,4437.07,10807.2,0,35.4,1,4,0,0
365,CASH_OUT,7511.3,C65159627,28041.14,20529.84,C86734202,2135.05,9646.35,0,17.2,2,1,0,0
95,TRANSFER,321.17,C98196073,51961.54,51640.37,C79889611,53117.34,53438.509999999995,0,39.2,1,0,0,0
508,PAYMENT,158.19,C53453258,20269.8,20111.61,M84925533,19418.39,19576.579999999998,0,34.0,2,3,0,0
565,PAYMENT,205.24,C46187005,15314.19,15108.95,M88469101,13391.1,13596.34,0,11.9,1,2,0,0
582,CASH_OUT,6028.02,C95789071,130395.02,124367.0,C39429014,46570.27,52598.28999999999,0,15.8,1,3,0,0
176,CASH_OUT,395.83,C99822689,114731.38,114335.55,C64357721,47985.64,48381.47,0,24.2,2,3,0,0
644,PAYMENT,688.57,C98044311,32240.58,31552.010000000002,M39403969,17880.01,18568.579999999998,0,15.4,1,1,0,0
408,TRANSFER,196.39,C17327247,46302.92,46106.53,C67103171,120389.42,120585.81,0,37.2,1,1,0,0
490,CASH_IN,1855.29,C64008995,53493.19,51637.9,C96719401,20427.77,22283.06,0,39.2,1,2,0,0
459,CASH_OUT,1183.63,C45384919,53299.91,52116.280000000006,C45574023,19096.52,20280.15,0,45.8,2,5,0,0
413,CASH_IN,4014.73,C87135255,37555.6,33540.869999999995,C72125495,60167.69,64182.420000000006,0,25.5,2,3,0,0
338,CASH_OUT,3349.57,C76607152,18750.65,15401.080000000002,C57124339,67692.87,71042.44,0,14.1,2,1,0,0
331,TRANSFER,54.44,C55146225,110162.49,110108.05,C28877064,13544.07,13598.51,0,15.7,1,6,0,0
213,TRANSFER,3411.25,C93229261,41269.35,37858.1,C97712942,46728.47,50139.72,0,33.3,1,6,0,0
723,CASH_OUT,1547.79,C25718817,118899.67,117351.88,C79203426,40782.31,42330.1,0,9.9,1,1,0,0
345,PAYMENT,16607.03,C87396030,88130.92,71523.89,M75330233,1369.75,17976.78,0,60.2,1,3,0,0
576,TRANSFER,410.67,C97093305,52438.94,52028.270000000004,C82004267,8697.04,9107.710000000001,0,35.6,2,3,0,0
547,CASH_OUT,4863.7,C46712105,61985.86,57122.16,C78635690,4238.94,9102.64,0,45.9,1,1,0,0
524,PAYMENT,2128.92,C56584036,121089.13,118960.21,M55480180,86609.1,88738.02,0,59.1,1,1,0,0
346,CASH_OUT,387.79,C54771722,49888.5,49500.71,C99085439,124677.45,125065.23999999999,0,25.7,1,0,0,0
248,TRANSFER,12297.85,C77091074,31585.53,19287.68,C49711329,69714.86,82012.71,0,18.2,1,2,0,0
624,CASH_IN,3722.07,C18129969,29192.68,25470.61,C23041615,14906.34,18628.41,0,4.7,1,2,0,0
325,PAYMENT,975.75,C10681366,195284.81,194309.06,M50853015,78682.43,79658.18,0,17.3,1,5,0,0
467,PAYMENT,379.81,C57478727,69638.11,69258.3,M34257619,2397.29,2777.1,0,49.1,3,2,0,0
91,CASH_OUT,14447.9,C91674891,55627.63,41179.729999999996,C95536518,46242.62,60690.520000000004,0,5.1,3,3,0,0
294,PAYMENT,8488.1,C44328111,5049.45,0.0,M38673073,5300.24,13788.34,0,13.9,1,2,0,0
541,CASH_OUT,1844.55,C76991122,44340.37,42495.82,C43411757,505.93,2350.48,0,22.9,1,3,0,0
524,CASH_OUT,1757.97,C70744880,10467.43,8709.460000000001,C58643712,7715.66,9473.63,0,28.0,1,2,0,0
659,PAYMENT,240.29,C13125154,24696.88,24456.59,M90327469,132321.58,132561.87,0,21.0,1,2,0,0
649,TRANSFER,21333.07,C50147811,40743.98,19410.910000000003,C13560015,56132.23,77465.3,0,23.2,1,5,0,0
669,TRANSFER,242.46,C80078468,400.21,157.74999999999997,C73077926,29196.72,29439.18,0,11.1,1,2,0,0
259,TRANSFER,9216.73,C25073994,99128.84,89912.11,C59173581,110556.23,119772.95999999999,0,28.4,1,2,1,0
87,CASH_IN,68597.96,C14026309,28874.53,0.0,C86783481,21524.76,90122.72,0,33.3,1,4,0,0
158,CASH_OUT,453.62,C83305907,48733.84,48280.219999999994,C25746492,1644.66,2098.28,0,43.7,1,4,0,0
494,CASH_OUT,738.71,C52326859,11279.6,10540.89,C37619344,36114.87,36853.58,0,1.1,1,3,0,0
186,CASH_OUT,437.1,C51048399,60389.55,59952.450000000004,C14360836,70494.56,70931.66,0,59.5,1,1,0,0
344,TRANSFER,16889.44,C29891790,18558.0,1668.5600000000013,C71031896,13477.47,30366.909999999996,0,29.8,2,2,0,0
741,CASH_IN,2282.72,C26660717,36295.7,34012.979999999996,C61076017,15268.32,17551.04,0,30.4,1,1,0,0
516,CASH_OUT,126.11,C45374177,19522.55,19396.44,C44999539,44535.47,44661.58,0,6.1,1,2,0,0
569,CASH_OUT,258.95,C48724385,51716.35,51457.4,C47592709,65286.23,65545.18000000001,0,29.3,2,2,0,0
509,DEBIT,5967.71,C45856236,94987.61,89019.9,C57097983,22771.18,28738.89,0,18.2,1,1,0,0
540,PAYMENT,481.87,C58830582,51232.86,50750.99,M11747519,3726.45,4208.32,0,14.8,1,1,0,0
16,CASH_OUT,75.35,C33906103,9811.53,9736.18,C93873406,54909.5,54984.85,0,52.0,2,6,0,0
525,PAYMENT,4976.22,C97010356,14360.77,9384.55,M25484307,22241.7,27217.920000000002,0,38.2,1,3,0,0
200,PAYMENT,3514.38,C63569865,36984.92,33470.54,M16947309,96391.47,99905.85,0,33.2,1,2,0,0
184,PAYMENT,461.51,C40297032,15824.49,15362.98,M65107845,11675.61,12137.12,0,48.1,1,2,0,0
309,CASH_IN,962.55,C18720875,10874.41,9911.86,C90524828,24891.54,25854.09,0,38.3,1,4,0,0
508,DEBIT,997.18,C68319542,2389.05,1391.8700000000003,C44132823,49257.33,50254.51,0,23.0,1,4,0,0
281,CASH_OUT,1275.28,C29288645,5499.4,4224.12,C61561920,11251.06,12526.34,0,17.5,1,1,0,0
158,CASH_OUT,21103.03,C14818302,41599.56,20496.53,C11174163,10292.02,31395.05,0,37.8,1,1,0,0
360,TRANSFER,6840.63,C40190197,10822.49,3981.8599999999997,C78398332,52170.11,59010.74,0,53.2,1,3,0,0
259,CASH_IN,5165.76,C51452889,34498.81,29333.049999999996,C82476429,7934.98,13100.74,0,50.7,2,1,0,0
157,TRANSFER,1534.57,C91151714,51339.5,49804.93,C77948728,5074.9,6609.469999999999,0,13.6,1,5,0,0
425,TRANSFER,458.72,C54107670,14393.36,13934.640000000001,C20943991,11987.5,12446.22,0,9.7,2,2,0,0
606,PAYMENT,24177.16,C20998767,149323.84,125146.68,M35919516,68664.91,92842.07,0,32.0,1,2,0,0
21,CASH_OUT,1759.46,C11410584,14831.3,13071.84,C95978775,79753.3,81512.76000000001,0,26.3,1,3,0,0
639,CASH_OUT,323.47,C44424929,8842.87,8519.400000000001,C27319751,4409.89,4733.360000000001,0,36.9,1,1,0,1
347,TRANSFER,412454.4,C67512328,30520.86,0.0,C12717361,4647.07,417101.47000000003,1,27.1,1,2,0,1
350,PAYMENT,2729.02,C31520032,29184.09,26455.07,M22424098,72597.25,75326.27,0,9.8,1,4,0,0
385,CASH_OUT,233.3,C29778259,97725.01,97491.70999999999,C63633384,116697.76,116931.06,0,4.7,1,1,0,0
438,PAYMENT,8827.25,C33810704,2425.54,0.0,M12159674,26172.66,34999.91,0,39.6,1,3,0,0
456,CASH_OUT,10268.74,C26750521,15903.36,5634.620000000001,C71124458,75639.16,85907.90000000001,0,29.0,2,6,0,0
624,CASH_IN,878.0,C35629327,105626.52,104748.52,C32433140,88055.53,88933.53,0,21.0,3,2,0,0
546,TRANSFER,361.9,C86870094,71093.76,70731.86,C29325633,17897.78,18259.68,0,62.0,2,2,0,0
80,PAYMENT,1132.35,C54751756,194.82,0.0,M91399037,28095.99,29228.34,0,41.9,1,3,0,0
452,CASH_OUT,6172.85,C66916676,37528.05,31355.200000000004,C11059082,33865.35,40038.2,0,33.0,1,3,0,0
595,CASH_OUT,7579.95,C39955429,14034.95,6455.000000000001,C92076924,59638.34,67218.29,0,22.2,2,2,0,0
541,TRANSFER,603.99,C11445005,222290.13,221686.14,C63835694,24590.05,25194.04,0,9.5,1,5,0,0
489,CASH_IN,22930.72,C50813808,205418.24,182487.52,C40426349,28321.45,51252.17,0,41.1,1,4,0,0
643,PAYMENT,116.59,C64080883,131110.63,130994.04000000001,M29078183,3096.92,3213.51,0,12.6,1,5,0,0
523,TRANSFER,614.47,C28719633,501.35,0.0,C34602066,2227.76,2842.2300000000005,0,17.6,1,4,0,0
392,CASH_OUT,1456.2,C28182346,117667.23,116211.03,C35944164,53832.39,55288.59,0,13.5,3,4,0,0
574,DEBIT,1035.28,C33671784,19776.64,18741.36,C60783286,26331.22,27366.5,0,24.8,1,3,0,0
359,PAYMENT,715.63,C15497039,51348.69,50633.060000000005,M82793865,3756.27,4471.9,0,8.2,1,1,0,0
33,CASH_OUT,17745.8,C31579943,29817.94,12072.14,C25973257,11022.82,28768.62,0,15.7,1,5,0,0
136,TRANSFER,1404.67,C58068437,21894.56,20489.89,C30960741,45245.65,46650.32,0,25.7,1,2,0,0
600,TRANSFER,3557.23,C58949858,16909.73,13352.5,C63453030,28109.21,31666.44,0,27.8,1,1,0,0
410,PAYMENT,3266.57,C97899665,27911.94,24645.37,M38253405,63256.69,66523.26000000001,0,8.6,1,0,0,0
529,DEBIT,3486.19,C42293230,17622.16,14135.97,C49825325,19998.11,23484.3,0,19.3,1,1,0,0
91,PAYMENT,1337.21,C22584129,130197.13,128859.92,M20986962,4890.52,6227.7300000000005,0,40.8,1,5,0,0
413,PAYMENT,70.45,C78138896,28727.19,28656.739999999998,M44838866,12455.61,12526.060000000001,0,10.1,1,3,0,0
299,PAYMENT,9172.89,C36125824,144691.7,135518.81,M36739421,4659.35,13832.24,0,23.9,2,4,0,0
487,DEBIT,1557.61,C18558490,23219.7,21662.09,C20539909,26193.56,27751.170000000002,0,4.3,1,3,0,0
73,CASH_OUT,779.47,C37655413,15050.73,14271.26,C24740881,25712.23,26491.7,0,31.5,1,3,0,0
718,CASH_OUT,782.34,C78632397,82812.9,82030.56,C95817379,3075.82,3858.1600000000003,0,51.4,1,3,0,0
261,PAYMENT,3129.16,C93032551,36749.33,33620.17,M14829600,8502.82,11631.98,0,6.8,1,6,0,0
690,CASH_OUT,734.49,C76718977,8886.49,8152.0,C48772965,140087.84,140822.33,0,12.7,1,3,0,0
312,TRANSFER,1220.5,C26917081,131555.82,130335.32,C65839991,164155.87,165376.37,0,32.2,2,5,0,0
732,CASH_OUT,6303.09,C84551589,163640.27,157337.18,C71002573,16780.98,23084.07,0,23.6,2,1,0,0
685,CASH_IN,2609.18,C70177670,58270.94,55661.76,C15065068,6250.12,8859.3,0,23.7,1,2,0,0
165,PAYMENT,372.64,C18190562,178501.96,178129.31999999998,M25839196,8349.14,8721.779999999999,0,48.1,2,2,0,0
335,CASH_OUT,4866.75,C68569819,56064.51,51197.76,C91624197,3397.53,8264.28,0,14.3,2,4,0,0
502,PAYMENT,1051.14,C37257752,48803.31,47752.17,M75848253,3574.79,4625.93,0,8.6,1,4,0,0
732,TRANSFER,8236.28,C98957950,87413.5,79177.22,C19613172,8576.59,16812.870000000003,0,13.1,1,2,0,0
161,PAYMENT,906.43,C78413410,3505.46,2599.03,M12922196,25428.51,26334.94,0,3.6,3,4,0,0
390,PAYMENT,2366.56,C87712525,29250.09,26883.53,M23066197,49912.69,52279.25,0,4.6,2,1,0,0
71,TRANSFER,5309.01,C18653545,28144.9,22835.89,C40678732,6880.7,12189.71,0,54.0,1,2,0,0
92,CASH_OUT,379.98,C96077496,48486.93,48106.95,C18899775,21578.78,21958.76,0,31.2,2,0,0,0
361,PAYMENT,6551.79,C62792853,21322.32,14770.529999999999,M96550874,3576.53,10128.32,0,37.3,2,2,0,0
321,CASH_OUT,38556.58,C76012476,30209.93,0.0,C62390278,38875.54,77432.12,0,21.0,1,3,0,0
245,TRANSFER,4244.27,C90322336,94675.33,90431.06,C81844278,22534.62,26778.89,0,27.9,1,2,0,0
24,PAYMENT,2606.55,C79925812,147744.27,145137.72,M12090839,64252.99,66859.54,0,63.0,1,2,0,0
557,CASH_OUT,9025.52,C36281117,33094.32,24068.8,C23047827,85407.5,94433.02,0,41.5,1,2,1,0
701,PAYMENT,8067.91,C82420907,61075.08,53007.17,M26276083,11155.02,19222.93,0,41.4,1,2,0,0
403,TRANSFER,2327.58,C67439227,39626.79,37299.21,C42915048,20494.63,22822.21,0,34.7,1,1,0,0
373,CASH_OUT,332.29,C13109975,101095.73,100763.44,C60408009,27512.63,27844.920000000002,0,36.0,1,5,0,0
286,PAYMENT,559.71,C56755030,15173.13,14613.419999999998,M37533072,223961.35,224521.06,0,38.0,1,1,0,0
441,PAYMENT,939.28,C97033607,99554.38,98615.1,M13073233,98937.72,99877.0,0,50.9,1,0,0,0
595,TRANSFER,183.11,C72704690,36189.3,36006.19,C97203446,140133.13,140316.24,0,20.1,3,0,0,0
734,CASH_IN,21969.46,C63613999,30453.93,8484.470000000001,C65796598,24949.15,46918.61,0,53.4,1,3,0,0
352,CASH_OUT,336.52,C41819375,151835.05,151498.53,C46593045,310740.59,311077.11000000004,0,24.1,1,2,0,0
219,CASH_OUT,1652.02,C61357892,18197.44,16545.42,C57687269,1311.41,2963.4300000000003,0,34.7,1,2,0,0
485,CASH_OUT,360.44,C37790924,4300.65,3940.2099999999996,C26385781,137393.35,137753.79,0,36.2,1,4,0,0
443,PAYMENT,5212.61,C34922200,55721.5,50508.89,M17406074,8547.19,13759.8,0,29.7,1,0,0,0
218,TRANSFER,10742.36,C43765042,15258.56,4516.199999999999,C65191062,154153.45,164895.81,0,38.8,1,1,0,0
702,CASH_OUT,171.29,C87449176,51333.63,51162.34,C68307039,24268.66,24439.95,0,5.7,1,4,0,0
67,PAYMENT,5945.12,C22592938,2880.98,0.0,M40442124,34649.5,40594.62,0,36.7,1,4,0,0
31,PAYMENT,210.8,C90006789,41310.45,41099.649999999994,M80076138,95178.32,95389.12000000001,0,56.7,1,2,0,0
322,PAYMENT,883.62,C10911051,13533.92,12650.3,M67246202,166136.72,167020.34,0,3.3,1,3,0,0
250,TRANSFER,213441.92,C58978319,3912.78,0.0,C66400239,7531.48,220973.40000000002,1,38.6,3,4,0,0
566,CASH_IN,2998.66,C76430377,2857.8,0.0,C45456320,37561.64,40560.3,0,24.2,1,1,0,0
10,PAYMENT,9153.71,C54787481,158000.81,148847.1,M89211621,47218.45,56372.159999999996,0,12.0,1,2,0,0
678,TRANSFER,3184.12,C69185723,15421.6,12237.48,C47855930,49263.39,52447.51,0,34.6,1,4,0,0
285,PAYMENT,1363.86,C27189756,43591.98,42228.12,M45674117,9441.52,10805.380000000001,0,26.9,1,0,0,0
153,CASH_IN,598.22,C95501298,33140.53,32542.309999999998,C52316357,2903.62,3501.84,0,23.6,1,2,0,0
544,PAYMENT,25991.46,C33021653,22541.46,0.0,M27939620,18879.64,44871.1,0,44.0,1,2,0,0
529,TRANSFER,57411.32,C34958810,39108.79,0.0,C23057726,66775.2,124186.51999999999,0,62.3,1,0,0,0
371,CASH_OUT,1992.44,C78379976,41012.71,39020.27,C97008084,141121.46,143113.9,0,21.3,1,4,0,0
301,CASH_OUT,16017.9,C88034251,90777.49,74759.59000000001,C37330887,23524.36,39542.26,0,40.2,2,1,0,0
146,TRANSFER,8719.31,C48125236,24408.27,15688.960000000001,C87710762,98235.93,106955.23999999999,0,21.6,2,1,0,0
587,PAYMENT,1287.11,C63562573,21757.43,20470.32,M98730313,51249.85,52536.96,0,45.6,1,1,0,0
636,TRANSFER,2006.69,C49794834,56849.36,54842.67,C33333888,5022.25,7028.9400000000005,0,16.2,1,3,0,0
52,PAYMENT,824.32,C87858072,23242.71,22418.39,M88704827,16951.52,17775.84,0,5.8,1,4,0,0
404,PAYMENT,71446.68,C10681395,35772.93,0.0,M83553264,54563.82,126010.5,0,20.7,1,4,0,0
702,TRANSFER,7758.21,C23245574,9506.1,1747.8900000000003,C85519310,23712.67,31470.879999999997,0,26.9,1,2,0,0
141,PAYMENT,1913.34,C90893517,16692.95,14779.61,M41429764,42687.07,44600.409999999996,0,8.1,1,3,0,0
88,PAYMENT,755.62,C75857724,11231.06,10475.439999999999,M83394015,57020.79,57776.41,0,23.4,1,1,0,0
427,CASH_OUT,4587.32,C49089696,91835.29,87247.97,C26186179,158516.36,163103.68,0,10.4,1,4,0,0
84,CASH_IN,173.88,C52952245,79975.1,79801.22,C35104109,100131.85,100305.73000000001,0,27.0,2,2,0,0
243,CASH_OUT,463.13,C16297295,24889.41,24426.28,C83368824,16878.67,17341.8,0,26.9,2,2,0,0
106,PAYMENT,1260.15,C11760483,29017.01,27756.859999999997,M92372962,64930.0,66190.15,0,17.2,2,1,0,0
604,PAYMENT,846.74,C89638906,26434.16,25587.42,M16440731,18640.38,19487.120000000003,0,28.4,1,1,0,0
355,CASH_IN,1238.87,C89665834,10708.16,9469.29,C25533092,41569.4,42808.270000000004,0,28.8,1,3,0,0
21,PAYMENT,6140.02,C12289348,76470.64,70330.62,M43421064,2543.94,8683.960000000001,0,18.7,1,5,0,0
6,PAYMENT,59387.57,C12594674,88285.34,28897.769999999997,M66850074,61312.74,120700.31,0,21.0,1,2,0,0
221,TRANSFER,6539.43,C51727428,47068.21,40528.78,C86190323,189229.39,195768.82,0,31.8,2,2,0,0
87,CASH_OUT,1369.91,C58436377,67767.29,66397.37999999999,C61804163,30968.02,32337.93,0,25.6,1,0,0,0
692,CASH_OUT,11058.16,C94376317,52873.58,41815.42,C10859163,107850.52,118908.68000000001,0,36.1,1,5,0,0
453,PAYMENT,1973.38,C96550473,5411.8,3438.42,M82876000,82455.67,84429.05,0,42.0,3,0,0,0
342,PAYMENT,62.96,C12653021,40044.51,39981.55,M90941004,463.99,526.95,0,67.9,1,2,0,0
393,CASH_IN,15602.19,C48772009,21305.05,5702.859999999999,C17005124,3754.54,19356.73,0,29.8,3,4,0,0
352,PAYMENT,214.02,C12129621,12435.49,12221.47,M51843927,22931.09,23145.11,0,34.8,1,1,0,0
246,CASH_OUT,2296.26,C26166583,54660.47,52364.21,C40330051,12288.63,14584.89,0,7.4,1,3,0,0
686,CASH_OUT,430.25,C14584063,109825.44,109395.19,C44239338,20591.32,21021.57,0,24.9,1,2,0,0
113,CASH_OUT,232.57,C23457681,441185.93,440953.36,C53469058,28583.36,28815.93,0,27.1,1,0,0,0
583,PAYMENT,810.16,C73720337,43053.5,42243.34,M32039754,25970.94,26781.1,0,39.5,1,1,0,0
158,PAYMENT,18.84,C66070390,55796.38,55777.54,M62354605,7085.08,7103.92,0,47.9,2,1,0,0
237,TRANSFER,518.39,C94943501,52697.15,52178.76,C39581262,6426.36,6944.75,0,17.4,1,3,0,0
699,DEBIT,3840.55,C11755961,59377.82,55537.27,C59894547,21350.34,25190.89,0,61.4,1,1,0,0
243,CASH_IN,3497.25,C63652006,14133.96,10636.71,C80506250,46965.31,50462.56,0,29.1,1,3,0,0
166,PAYMENT,62.18,C98503750,8682.43,8620.25,M71829224,35788.94,35851.12,0,53.3,2,5,0,0
34,PAYMENT,10364.51,C25262992,26164.16,15799.65,M23642866,3597.74,13962.25,0,44.2,1,3,0,0
255,CASH_IN,129327.98,C30062595,31357.92,0.0,C89898913,13293.71,142621.69,0,23.1,1,4,0,0
302,CASH_OUT,40558.19,C19578051,72048.72,31490.53,C10597127,21422.31,61980.5,0,31.9,1,1,0,0
220,DEBIT,700.04,C82049845,48739.07,48039.03,C49561125,16163.16,16863.2,0,50.7,1,4,0,0
32,PAYMENT,551.76,C13570086,40178.81,39627.049999999996,M26522352,23695.09,24246.85,0,39.3,1,0,0,0
509,TRANSFER,359.83,C56942604,34506.39,34146.56,C66366819,23115.02,23474.850000000002,0,5.3,1,1,0,0
482,CASH_OUT,48331.3,C24364394,12620.15,0.0,C55254818,71572.66,119903.96,0,15.2,1,4,0,0
233,CASH_OUT,711.18,C57730738,23324.17,22612.989999999998,C43663265,71906.42,72617.59999999999,0,22.6,1,2,0,0
215,TRANSFER,504.57,C38575207,5792.01,5287.4400000000005,C89165572,112509.66,113014.23000000001,0,11.1,1,5,0,0
242,PAYMENT,8166.71,C33529421,3404.86,0.0,M73397837,29664.46,37831.17,0,51.4,1,0,0,0
245,TRANSFER,13971.0,C97550847,664.68,0.0,C17216200,12941.87,26912.870000000003,0,18.2,2,4,0,0
20,PAYMENT,10437.28,C71566373,4586.22,0.0,M45719955,47104.93,57542.21,0,11.6,1,3,0,0
210,TRANSFER,270.87,C43107647,45182.79,44911.92,C49796672,57786.18,58057.05,0,18.3,1,5,0,0
722,CASH_IN,4395.7,C35176885,177934.54,173538.84,C42156051,17158.46,21554.16,0,4.4,2,5,0,0
426,TRANSFER,25125.56,C97781706,1454.99,0.0,C94777712,69613.69,94739.25,0,10.3,1,0,0,0
72,CASH_OUT,1815.46,C52219334,76440.73,74625.26999999999,C89389432,47377.04,49192.5,0,14.6,1,3,0,0
674,PAYMENT,3074.72,C30514127,54726.79,51652.07,M34915821,140593.07,143667.79,0,34.9,2,2,0,0
178,CASH_OUT,2606.43,C57103134,97860.06,95253.63,C29974624,16943.22,19549.65,0,34.6,2,2,0,0
523,CASH_IN,1112.57,C44432956,145335.31,144222.74,C80102270,102316.32,103428.89000000001,0,31.9,3,1,0,0
299,PAYMENT,4088.6,C89640631,83828.96,79740.36,M56056620,17085.86,21174.46,0,8.9,1,2,0,0
266,PAYMENT,8960.48,C13146248,79916.61,70956.13,M58705886,80543.93,89504.40999999999,0,19.2,2,0,0,0
520,TRANSFER,18862.42,C88942969,4510.39,0.0,C73484144,15892.01,34754.43,0,11.0,1,2,0,0
495,PAYMENT,1636.89,C12425822,22230.84,20593.95,M21557197,95689.18,97326.06999999999,0,65.5,1,4,0,0
275,CASH_OUT,2041.05,C58002004,47926.82,45885.77,C38620791,681.67,2722.72,0,23.5,3,2,0,0
705,CASH_IN,729.12,C15455031,860.59,131.47000000000003,C60531143,20774.29,21503.41,0,35.5,2,1,0,0
53,TRANSFER,30959.09,C98098628,32180.15,1221.0600000000013,C62558510,2057.54,33016.63,0,54.2,2,2,0,0
608,PAYMENT,830.68,C22989074,417.09,0.0,M33063375,20934.07,21764.75,0,28.1,2,3,0,0
400,TRANSFER,1515.07,C23712228,67664.6,66149.53,C76304952,21905.37,23420.44,0,30.0,1,3,0,0
414,CASH_OUT,2086.23,C43565004,15440.44,13354.210000000001,C50306589,95365.82,97452.05,0,27.5,1,3,0,0
604,PAYMENT,2632.62,C74758336,70315.24,67682.62000000001,M11100272,64332.96,66965.58,0,6.6,1,5,0,0
656,TRANSFER,121.97,C56316843,32702.49,32580.52,C18324415,12399.57,12521.539999999999,0,25.6,1,1,0,0
489,CASH_OUT,4830.91,C98811030,5714.07,883.1599999999999,C26946136,72136.57,76967.48000000001,0,16.8,2,0,0,0
502,CASH_OUT,4024.61,C97155003,125845.79,121821.18,C10309793,8010.19,12034.8,0,24.4,1,4,0,0
307,PAYMENT,2403.12,C72542226,59860.62,57457.5,M65479257,47169.45,49572.57,0,25.2,1,1,0,0
417,CASH_OUT,3456.08,C77980990,64439.69,60983.61,C56374914,12994.98,16451.059999999998,0,18.5,1,2,0,0
509,PAYMENT,1638.74,C11063750,13124.12,11485.380000000001,M58333704,136346.45,137985.19,0,49.3,2,2,0,0
530,PAYMENT,135.89,C44942192,6710.09,6574.2,M43088072,108516.5,108652.39,0,19.4,1,1,0,0
638,DEBIT,12962.2,C19902060,154480.15,141517.94999999998,C35627302,14369.94,27332.14,0,9.7,1,2,0,0
666,CASH_OUT,132.44,C61303753,21254.76,21122.32,C32783053,1193.56,1326.0,0,23.8,1,0,0,0
6,PAYMENT,377.31,C98946143,13357.74,12980.43,M14976752,41686.99,42064.299999999996,0,50.6,1,0,0,0
422,PAYMENT,15667.13,C38415989,105356.74,89689.61,M25209026,7103.36,22770.489999999998,0,21.6,1,3,0,0
451,PAYMENT,158.43,C10502157,31119.58,30961.15,M37926269,5001.77,5160.200000000001,0,25.3,1,1,0,0
427,PAYMENT,1360.23,C38407079,53088.18,51727.95,M49924063,95092.13,96452.36,0,18.5,1,2,0,0
390,PAYMENT,47299.76,C95156093,15480.07,0.0,M10546456,33177.15,80476.91,0,44.6,1,1,0,0
334,PAYMENT,2059.96,C37349548,173888.64,171828.68000000002,M36218815,108720.85,110780.81000000001,0,62.1,2,2,0,0
448,TRANSFER,151.45,C87609548,32124.73,31973.28,C84342404,12291.04,12442.490000000002,0,67.5,2,3,0,0
338,CASH_OUT,7004.08,C54677309,27613.09,20609.010000000002,C87840802,16147.09,23151.17,0,46.9,1,3,0,0
88,CASH_OUT,4062.02,C43507708,3340.88,0.0,C17582036,110448.79,114510.81,0,32.2,1,1,0,0
269,CASH_OUT,2250.09,C52671482,61553.84,59303.75,C75073424,23591.72,25841.81,0,26.5,1,1,0,0
65,PAYMENT,46.05,C88633740,38938.01,38891.96,M51517547,10659.98,10706.029999999999,0,30.9,2,4,0,0
678,CASH_IN,18995.67,C29882778,169396.22,150400.55,C52922562,21457.68,40453.35,0,30.1,2,3,0,0
64,CASH_OUT,43706.74,C50945310,6827.04,0.0,C34501378,17294.54,61001.28,0,23.9,1,4,0,0
270,CASH_OUT,1729.77,C42134167,24800.88,23071.11,C45802164,61990.9,63720.67,0,21.0,1,3,0,0
657,CASH_OUT,548.43,C85239150,14654.2,14105.77,C52145462,21177.01,21725.44,0,16.3,1,0,0,0
377,CASH_IN,4722.89,C24899378,55075.68,50352.79,C80160280,3205.76,7928.650000000001,0,18.6,1,1,0,0
329,TRANSFER,4824.89,C66726363,3719.66,0.0,C37545145,37214.69,42039.58,0,60.3,1,2,0,0
518,PAYMENT,5644.03,C95418313,245397.27,239753.24,M29984554,87825.11,93469.14,0,12.9,1,4,0,0
633,CASH_OUT,1840.83,C57050861,62641.51,60800.68,C29612533,97602.49,99443.32,0,52.2,1,6,0,0
421,CASH_OUT,4822.89,C45784353,24003.81,19180.920000000002,C59415314,26328.71,31151.6,0,29.8,1,0,0,0
313,CASH_OUT,6965.06,C71696272,22969.2,16004.14,C22826946,527.99,7493.05,0,18.5,1,3,0,0
309,TRANSFER,182764.37,C79761460,32744.22,0.0,C29362642,36713.29,219477.66,0,33.8,1,6,0,0
644,PAYMENT,4000.48,C52771361,59844.53,55844.049999999996,M88653982,25228.07,29228.55,0,36.3,1,3,0,0
189,TRANSFER,2490.21,C36953101,44761.06,42270.85,C27098946,113567.7,116057.91,0,33.7,1,4,0,0
721,CASH_IN,117.46,C56753691,33084.6,32967.14,C48375140,86836.87,86954.33,0,18.1,1,1,0,0
42,TRANSFER,137.44,C82374901,10871.01,10733.57,C38124735,91981.44,92118.88,0,15.2,1,5,0,0
590,TRANSFER,2265.58,C86601831,9545.38,7279.799999999999,C31353384,61069.55,63335.130000000005,0,25.9,1,3,0,0
320,PAYMENT,1566.33,C15500208,123713.71,122147.38,M83988167,11495.87,13062.2,0,17.1,1,1,0,0
657,TRANSFER,323.23,C57793973,40108.75,39785.52,C87283263,34361.44,34684.670000000006,0,24.5,2,0,0,0
445,DEBIT,304.18,C21718801,43363.86,43059.68,C98090010,74861.45,75165.62999999999,0,14.8,1,4,0,0
374,CASH_OUT,5366.48,C98351648,28353.02,22986.54,C32056284,61747.72,67114.2,0,5.9,1,1,0,0
286,CASH_OUT,638.76,C83920445,61571.51,60932.75,C59201930,69443.03,70081.79,0,25.0,1,0,0,0
171,TRANSFER,453.4,C13400202,80871.42,80418.02,C94671205,25971.02,26424.420000000002,0,41.9,1,3,0,0
605,CASH_OUT,273.39,C92570728,26486.83,26213.440000000002,C27561464,12356.31,12629.699999999999,0,46.8,2,3,0,0
263,PAYMENT,416.37,C56712496,2702.88,2286.51,M95621579,2605.88,3022.25,0,15.8,1,2,0,0
535,CASH_OUT,919.9,C93405779,14545.19,13625.29,C20567647,13056.6,13976.5,0,22.3,2,0,0,0
142,TRANSFER,1735.24,C28052070,86192.08,84456.84,C36048249,788.55,2523.79,0,4.4,2,0,0,0
148,TRANSFER,2752.5,C19809209,41072.16,38319.66,C59809459,15809.8,18562.3,0,10.5,3,6,0,0
440,CASH_OUT,849.12,C97028278,106551.0,105701.88,C82493476,121884.94,122734.06,0,11.9,1,6,0,0
628,CASH_IN,72.86,C79300113,24043.3,23970.44,C62119128,12456.34,12529.2,0,38.3,1,7,0,0
593,PAYMENT,240.95,C34877417,18914.32,18673.37,M14814700,106555.65,106796.59999999999,0,17.7,1,6,0,0
416,CASH_OUT,718.02,C97234097,71.11,0.0,C21856466,144177.5,144895.52,0,47.1,1,2,0,0
25,PAYMENT,11592.46,C61671566,9935.24,0.0,M48793656,4341.06,15933.52,0,24.0,1,0,0,0
627,TRANSFER,1507.04,C67912674,20410.43,18903.39,C11976442,66792.53,68299.56999999999,0,28.8,1,7,0,1
94,PAYMENT,3894.52,C70236709,4139.38,244.86000000000013,M97690166,118898.71,122793.23000000001,0,10.3,1,4,0,0
305,PAYMENT,22503.05,C30692088,46392.69,23889.640000000003,M69584987,9443.47,31946.519999999997,0,52.5,1,2,0,0
185,TRANSFER,1340.0,C98415423,228855.95,227515.95,C39155231,19448.84,20788.84,0,9.3,1,4,0,0
283,PAYMENT,1774.89,C56524130,2998.69,1223.8,M97291473,72801.42,74576.31,0,27.4,2,1,0,0
155,TRANSFER,1938.41,C34637613,24868.82,22930.41,C12819126,6062.58,8000.99,0,4.5,1,1,0,0
686,CASH_IN,2025.93,C79627243,25548.18,23522.25,C92956364,32841.57,34867.5,0,21.2,2,5,0,0
685,PAYMENT,277.11,C72770558,3619.43,3342.3199999999997,M74116358,11051.87,11328.980000000001,0,60.0,1,3,0,0
666,CASH_OUT,4447.53,C68036605,10256.18,5808.650000000001,C89228197,57940.44,62387.97,0,45.7,2,3,0,0
14,TRANSFER,2164.11,C65582506,30151.15,27987.04,C33663246,38570.45,40734.56,0,59.3,3,1,0,0
640,CASH_OUT,407.66,C60226238,155689.09,155281.43,C93268894,38459.16,38866.82000000001,0,4.6,1,4,0,0
341,PAYMENT,1321.67,C69732187,42219.12,40897.450000000004,M63483900,99181.2,100502.87,0,17.2,1,2,0,0
604,PAYMENT,63.79,C75690533,5259.34,5195.55,M47655058,44640.74,44704.53,0,13.4,1,3,0,0
734,PAYMENT,114.36,C38774103,67773.31,67658.95,M59784801,6375.73,6490.089999999999,0,12.3,1,1,0,0
473,PAYMENT,8887.73,C26524829,97346.36,88458.63,M47799341,7644.34,16532.07,0,25.6,1,4,0,0
108,PAYMENT,1224.52,C72297796,82559.28,81334.76,M72102900,12842.42,14066.94,0,33.0,2,1,0,0
331,CASH_OUT,19826.95,C50819978,85279.15,65452.2,C65868052,1547.23,21374.18,0,41.2,1,2,0,0
540,DEBIT,2024.13,C36926920,83500.21,81476.08,C71630251,18167.33,20191.460000000003,0,40.9,1,2,0,0
439,CASH_OUT,2685.95,C12454924,12603.08,9917.130000000001,C63561842,19309.23,21995.18,0,47.7,1,3,0,0
709,CASH_OUT,1738.65,C58416639,45089.93,43351.28,C72154120,49441.97,51180.62,0,19.6,2,4,0,0
712,PAYMENT,293.62,C71414587,8873.93,8580.31,M34856990,15911.27,16204.890000000001,0,23.5,1,6,0,0
666,PAYMENT,3788.8,C90789357,19901.86,16113.060000000001,M17117501,77665.6,81454.40000000001,0,20.9,2,3,0,0
384,PAYMENT,541.34,C31572086,27001.9,26460.56,M87444201,19393.17,19934.51,0,12.6,1,3,0,0
582,PAYMENT,3204.08,C43080682,28275.19,25071.11,M15963640,295258.88,298462.96,0,30.8,1,6,0,0
160,TRANSFER,402.52,C11959606,28802.1,28399.579999999998,C32824855,25780.09,26182.61,0,43.6,1,2,0,0
432,TRANSFER,6909.03,C77612295,76510.96,69601.93000000001,C76326375,87358.64,94267.67,0,9.1,2,3,0,0
396,TRANSFER,3953.63,C95219442,48403.51,44449.880000000005,C39094647,9982.57,13936.2,0,17.6,1,5,0,0
615,TRANSFER,16333.78,C45086042,51330.31,34996.53,C87636176,139.92,16473.7,0,32.3,1,2,0,0
488,CASH_OUT,6658.42,C10451201,73193.48,66535.06,C85409519,28787.81,35446.23,0,30.6,1,2,0,0
189,CASH_OUT,1634.19,C91657338,11591.0,9956.81,C71172209,28936.81,30571.0,0,28.9,1,0,0,0
418,PAYMENT,28745.73,C71232946,31220.75,2475.0200000000004,M74505224,124032.04,152777.77,0,25.0,2,0,0,0
343,CASH_IN,3604.79,C44268986,96614.3,93009.51000000001,C12762277,8690.92,12295.71,0,32.1,2,2,0,0
361,CASH_IN,28.21,C59294314,61158.34,61130.13,C84363245,8783.4,8811.609999999999,0,26.2,1,3,0,0
109,PAYMENT,604.49,C16838805,106052.77,105448.28,M65477798,21751.17,22355.66,0,49.8,1,4,0,0
301,TRANSFER,1383.73,C65259643,30185.64,28801.91,C10812854,29161.33,30545.06,0,31.5,1,1,0,0
368,TRANSFER,19029.47,C16004173,72595.97,53566.5,C29387133,41067.24,60096.71,0,21.6,2,2,0,0
255,CASH_IN,827.8,C47979613,15461.33,14633.53,C50105565,13969.33,14797.13,0,20.9,2,2,0,0
316,DEBIT,522.2,C86700001,101168.11,100645.91,C66741876,12312.02,12834.220000000001,0,32.8,1,4,0,0
705,PAYMENT,45.11,C62155637,17597.42,17552.309999999998,M22658602,73425.47,73470.58,0,44.8,2,1,0,0
71,TRANSFER,18499.5,C94011487,20821.2,2321.7000000000007,C67482815,27340.32,45839.82,0,50.9,1,4,0,0
269,TRANSFER,24130.55,C18037493,63232.91,39102.36,C72012098,107259.24,131389.79,0,45.9,1,2,0,0
501,TRANSFER,232.43,C38519586,68868.47,68636.04000000001,C29418286,46006.1,46238.53,0,11.6,1,3,0,0
209,PAYMENT,140.55,C28796747,2701.82,2561.27,M87360058,2579.29,2719.84,0,40.1,1,3,0,0
478,DEBIT,11759.32,C45835252,8136.01,0.0,C10261010,4537.7,16297.02,0,11.9,1,2,0,0
176,CASH_OUT,18596.27,C90559960,14364.88,0.0,C85618443,81477.53,100073.8,0,30.0,1,0,0,0
239,CASH_OUT,492.85,C63869060,445908.54,445415.69,C89134627,9461.83,9954.68,0,15.2,1,2,0,0
610,DEBIT,1190.01,C66408460,86423.74,85233.73000000001,C59524807,7356.02,8546.03,0,29.2,1,3,0,0
442,CASH_OUT,4926.85,C99463774,62771.6,57844.75,C81469954,87441.73,92368.58,0,45.2,1,2,0,0
601,TRANSFER,287.4,C53499078,165436.47,165149.07,C99794244,123580.66,123868.06,0,31.7,1,5,0,0
492,CASH_OUT,354.0,C32045368,58108.67,57754.67,C34839161,42261.06,42615.06,0,33.0,1,4,0,0
99,PAYMENT,978.15,C20370158,58825.08,57846.93,M91207220,4284.58,5262.73,0,15.3,1,2,0,0
329,CASH_OUT,300.94,C80753510,114226.87,113925.93,C82965113,893.2,1194.14,0,32.4,1,2,0,0
326,PAYMENT,341869.75,C82376992,17973.7,0.0,M14635579,36534.66,378404.41000000003,1,28.1,1,1,0,0
445,CASH_OUT,17009.21,C38447965,88.0,0.0,C50437002,2430.37,19439.579999999998,0,18.9,2,2,0,0
666,PAYMENT,1045.94,C76850300,62753.98,61708.04,M36796557,31785.29,32831.23,0,23.9,1,1,0,0
295,PAYMENT,2283.98,C41835254,8486.86,6202.880000000001,M16509481,20555.1,22839.079999999998,0,9.3,2,3,0,0
442,PAYMENT,100.93,C25297240,16930.54,16829.61,M99044021,1328.23,1429.16,0,38.6,1,0,0,0
31,PAYMENT,3726.53,C12289516,86440.53,82714.0,M82143971,123186.21,126912.74,0,35.1,1,1,0,0
131,CASH_OUT,6866.62,C10616253,75234.77,68368.15000000001,C93257297,359.13,7225.75,0,32.4,1,2,0,0
728,CASH_OUT,543.73,C31821859,32196.34,31652.61,C27260757,17488.73,18032.46,0,59.5,1,0,0,1
527,TRANSFER,805.53,C26618151,5509.56,4704.030000000001,C87713393,65521.03,66326.56,0,56.0,1,2,0,0
438,PAYMENT,350.95,C55573310,17713.16,17362.21,M76082792,146733.75,147084.7,0,10.1,1,1,0,0
326,PAYMENT,21866.29,C51630274,32268.21,10401.919999999998,M36203518,1848.66,23714.95,0,23.7,1,5,0,0
267,PAYMENT,19957.62,C50233836,73089.45,53131.83,M11162728,120456.08,140413.7,0,19.0,1,5,0,0
286,PAYMENT,3657.87,C95751011,209037.45,205379.58000000002,M59664537,16406.97,20064.84,0,36.2,1,1,0,0
291,DEBIT,2302.12,C89209209,49119.23,46817.11,C10166635,6901.51,9203.630000000001,0,30.1,3,3,0,0
368,PAYMENT,191.21,C93009002,2741.95,2550.74,M84019443,69408.56,69599.77,0,14.6,1,4,0,0
486,TRANSFER,496.97,C63226184,12495.66,11998.69,C44659673,41156.67,41653.64,0,28.0,1,1,0,0
555,PAYMENT,1071.02,C79458001,15023.87,13952.85,M96575536,4181.32,5252.34,0,27.3,1,2,0,0
168,PAYMENT,540.97,C24418406,50315.77,49774.799999999996,M16871987,38529.29,39070.26,0,34.0,1,2,0,0
471,TRANSFER,4989.58,C40126767,929.85,0.0,C93765457,67843.19,72832.77,0,28.6,1,4,0,0
170,CASH_OUT,94.67,C34535884,35317.55,35222.880000000005,C76451595,31849.81,31944.48,0,4.6,2,4,0,0
346,PAYMENT,177.58,C51789046,272684.32,272506.74,M25212815,16780.89,16958.47,0,58.3,1,2,0,0
78,PAYMENT,581.63,C67287691,73196.9,72615.26999999999,M24054220,9622.51,10204.14,0,38.8,1,2,0,0
85,TRANSFER,106.53,C38482575,73347.12,73240.59,C90573616,55533.84,55640.369999999995,0,23.9,1,2,0,0
661,PAYMENT,10950.3,C64132383,68399.99,57449.69,M83948298,20378.21,31328.51,0,30.2,1,1,0,0
201,PAYMENT,14056.72,C54946195,57505.48,43448.76,M78835842,71336.11,85392.83,0,32.3,1,3,0,0
589,CASH_IN,85.7,C22091490,17717.27,17631.57,C74580521,57788.23,57873.93,0,6.6,1,2,0,0
361,CASH_OUT,3046.59,C54785875,76371.33,73324.74,C43171343,55839.23,58885.82000000001,0,63.6,1,0,0,0
565,TRANSFER,874.48,C12065595,51906.81,51032.329999999994,C27525919,63183.5,64057.98,0,64.8,1,2,0,0
302,TRANSFER,1774.08,C13340623,12997.06,11222.98,C35014975,32443.22,34217.3,0,9.4,1,3,0,0
293,TRANSFER,4731.74,C99595108,193161.28,188429.54,C11849296,60492.69,65224.43,0,30.5,1,3,0,0
294,TRANSFER,44.3,C52469401,208424.63,208380.33000000002,C59509277,84409.15,84453.45,0,18.8,1,6,0,0
109,CASH_OUT,12390.18,C33758766,23413.23,11023.05,C54226403,14322.08,26712.260000000002,0,11.7,1,3,0,0
365,CASH_OUT,4621.39,C46868143,69955.46,65334.07000000001,C28247446,11602.76,16224.150000000001,0,8.6,1,2,0,0
600,PAYMENT,12783.97,C88321551,57185.78,44401.81,M26454931,24556.57,37340.54,0,23.6,1,0,0,0
678,TRANSFER,64.28,C88274523,43842.72,43778.44,C43669395,32189.42,32253.699999999997,0,27.8,2,3,0,0
494,TRANSFER,1701.63,C68330301,9974.53,8272.900000000001,C88735631,1141.71,2843.34,0,14.8,1,3,0,0
267,DEBIT,4752.64,C91615611,31541.23,26788.59,C59419800,8024.92,12777.560000000001,0,48.5,1,4,0,0
93,CASH_OUT,3959.92,C95578355,65454.01,61494.090000000004,C89695711,899.43,4859.35,0,7.2,1,3,0,0
685,TRANSFER,8409.24,C61248300,222573.05,214163.81,C67781428,32994.55,41403.79,0,17.6,1,2,0,0
64,PAYMENT,4106.44,C88435564,47546.11,43439.67,M35963758,58981.89,63088.33,0,63.8,1,2,0,0
428,CASH_OUT,54.2,C78041220,69753.87,69699.67,C48990113,70056.71,70110.91,0,26.3,1,1,0,0
638,PAYMENT,14386.75,C11726342,122607.41,108220.66,M95673887,32698.17,47084.92,0,24.8,2,0,0,0
368,PAYMENT,761.07,C79758984,47567.64,46806.57,M88082957,1680.72,2441.79,0,22.9,1,1,0,0
742,PAYMENT,2598.03,C77913674,72306.63,69708.6,M88140035,35734.62,38332.65,0,35.1,1,1,0,0
105,CASH_OUT,29642.83,C54328382,30630.2,987.369999999999,C31614653,20390.46,50033.29,0,20.1,1,0,0,1
209,PAYMENT,1778.52,C36764728,17257.89,15479.369999999999,M96769297,75572.82,77351.34000000001,0,27.1,1,4,0,0
574,TRANSFER,962.88,C57820090,33966.11,33003.23,C79638754,20872.73,21835.61,0,27.4,1,2,0,0
474,DEBIT,222.68,C51706531,4658.38,4435.7,C57852052,50663.31,50885.99,0,8.9,1,2,0,0
61,PAYMENT,164.5,C55764582,132961.01,132796.51,M39483756,8663.65,8828.15,0,38.1,3,4,0,0
346,TRANSFER,205.49,C14564843,18584.27,18378.78,C14559917,102741.95,102947.44,0,35.2,1,3,0,0
12,TRANSFER,1693.35,C10753342,30905.01,29211.66,C81647987,13997.68,15691.03,0,11.3,1,2,0,0
466,PAYMENT,93200.56,C24974937,52976.13,0.0,M46982741,232.66,93433.22,0,15.7,1,6,0,0
649,CASH_OUT,1038.68,C30783116,35108.85,34070.17,C39754417,3403.53,4442.21,0,12.5,1,1,0,0
195,PAYMENT,1715.45,C73697170,16618.65,14903.2,M99944607,10421.56,12137.01,0,27.0,2,5,0,0
74,TRANSFER,6288.39,C95159049,207678.43,201390.03999999998,C52096259,7236.2,13524.59,0,41.5,2,3,0,0
386,TRANSFER,511.07,C86911517,94290.48,93779.40999999999,C58765604,8451.38,8962.449999999999,0,39.5,1,2,0,0
136,CASH_OUT,21415.29,C20803459,5423.13,0.0,C59308926,34627.89,56043.18,0,21.1,2,2,0,0
555,CASH_OUT,750.16,C96293860,22894.97,22144.81,C18907810,25649.6,26399.76,0,26.7,2,3,0,0
436,PAYMENT,16432.17,C68324156,10801.76,0.0,M57304847,49800.14,66232.31,0,70.6,2,1,0,0
39,PAYMENT,5330.16,C71675679,32568.84,27238.68,M62383337,62489.42,67819.58,0,41.9,2,3,0,0
543,CASH_OUT,2111.13,C59840201,11709.97,9598.84,C83691792,29083.55,31194.68,0,39.1,1,4,0,0
654,TRANSFER,604.58,C53763434,18718.2,18113.62,C77182216,35946.39,36550.97,0,21.9,1,0,0,0
320,CASH_OUT,9902.23,C25302956,36792.15,26889.920000000002,C12421454,59794.5,69696.73,0,19.3,1,1,1,0
556,CASH_OUT,1479.47,C29736298,7779.2,6299.73,C85140543,3767.72,5247.19,0,32.9,1,3,0,0
700,CASH_OUT,725.85,C22815592,98644.22,97918.37,C80435741,22764.73,23490.579999999998,0,14.6,1,2,0,0
353,TRANSFER,31665.24,C76959657,22521.84,0.0,C91746121,30066.26,61731.5,0,39.1,1,2,0,0
514,PAYMENT,40.37,C50730710,122845.0,122804.63,M62788466,36440.92,36481.29,0,5.5,2,2,0,0
483,CASH_OUT,27548.88,C70621821,1527.61,0.0,C87454713,31278.49,58827.37,0,6.2,1,5,0,0
416,TRANSFER,69775.23,C51800778,73854.86,4079.6300000000047,C27879422,17279.61,87054.84,0,59.4,1,1,0,0
370,PAYMENT,363.79,C46736012,100105.99,99742.20000000001,M82466299,13559.18,13922.970000000001,0,20.1,3,1,0,0
343,DEBIT,554.66,C87052902,208572.72,208018.06,C55448377,23248.44,23803.1,0,29.2,1,0,0,0
325,DEBIT,242.76,C62142132,7070.69,6827.929999999999,C37477139,2756.33,2999.09,0,4.8,1,3,0,0
367,TRANSFER,8687.73,C13734709,28435.89,19748.16,C76422721,25483.22,34170.95,0,39.4,1,6,0,0
336,PAYMENT,571.12,C20920854,71420.19,70849.07,M36485046,134920.11,135491.22999999998,0,19.5,1,7,0,0
296,TRANSFER,1448.03,C58475872,36031.95,34583.92,C98837544,2216.12,3664.1499999999996,0,16.9,2,3,0,0
24,CASH_OUT,5681.86,C44325908,85960.01,80278.15,C77678691,6639.52,12321.380000000001,0,31.2,1,3,0,0
442,CASH_IN,100.22,C32329774,206457.66,206357.44,C96446685,39807.94,39908.16,0,52.2,1,3,0,0
104,PAYMENT,113.78,C70522633,70661.98,70548.2,M58896604,49156.16,49269.94,0,74.4,2,2,0,0
412,PAYMENT,3299.61,C12231132,67776.35,64476.740000000005,M54841770,25795.01,29094.62,0,16.7,1,2,0,0
574,DEBIT,904.09,C17878645,41954.42,41050.33,C99917439,99469.39,100373.48,0,17.4,1,4,0,0
665,TRANSFER,303.16,C38455208,31102.9,30799.74,C15313854,26288.74,26591.9,0,62.8,1,4,0,0
294,TRANSFER,1809.16,C28777890,90097.36,88288.2,C34489543,4632.4,6441.5599999999995,0,10.4,1,2,0,0
243,CASH_IN,1450.02,C56846881,13255.42,11805.4,C39000097,26079.14,27529.16,0,22.6,1,2,0,0
342,PAYMENT,351.17,C14276472,98826.81,98475.64,M10059856,28921.22,29272.39,0,4.8,1,3,0,0
633,CASH_OUT,2406.42,C54989396,90808.97,88402.55,C89228480,22397.46,24803.879999999997,0,23.8,1,0,0,0
173,PAYMENT,301.85,C83248333,66815.81,66513.95999999999,M94986916,98406.57,98708.42000000001,0,25.2,2,2,0,0
416,TRANSFER,6595.73,C68411141,59517.38,52921.649999999994,C86636900,26097.87,32693.6,0,16.5,2,3,0,0
103,CASH_OUT,1268.28,C68253076,405.73,0.0,C67876284,47163.52,48431.799999999996,0,14.4,3,2,0,0
160,TRANSFER,49596.38,C30910673,232402.21,182805.83,C71300315,28423.52,78019.9,0,15.6,1,4,0,0
257,CASH_IN,172.99,C90997500,24871.81,24698.82,C23894127,51861.21,52034.2,0,36.2,2,2,0,0
714,TRANSFER,624.06,C46238966,23887.58,23263.52,C64739032,4612.66,5236.719999999999,0,34.7,3,1,0,0
557,PAYMENT,9703.03,C63062911,222720.03,213017.0,M92868933,115952.57,125655.6,0,32.1,1,1,0,0
576,PAYMENT,272.65,C96406470,13846.28,13573.630000000001,M24013271,37844.57,38117.22,0,7.3,2,3,0,1
196,TRANSFER,1918.56,C41354342,153020.72,151102.16,C48957706,14712.47,16631.03,0,33.8,3,3,0,0
391,TRANSFER,51.43,C30449125,24322.23,24270.8,C88732858,10627.04,10678.470000000001,0,31.7,1,3,0,0
70,PAYMENT,263.16,C39812376,5167.31,4904.150000000001,M56251042,53533.68,53796.840000000004,0,13.4,1,3,0,0
693,TRANSFER,336.57,C18710259,37019.55,36682.98,C44537488,12441.37,12777.94,0,2.5,1,3,0,0
247,TRANSFER,1329.4,C88453555,61247.94,59918.54,C50779789,23831.74,25161.140000000003,0,7.2,1,2,0,0
329,CASH_OUT,10765.22,C26530994,46959.21,36193.99,C50912021,38358.22,49123.44,0,43.1,3,2,0,0
158,CASH_OUT,1108.16,C77939769,152005.83,150897.66999999998,C55441689,78008.38,79116.54000000001,0,1.4,1,1,0,0
698,CASH_OUT,1009.49,C83387965,24202.69,23193.199999999997,C68634339,70702.52,71712.01000000001,0,59.0,1,2,0,0
743,PAYMENT,425.58,C29372278,29170.22,28744.64,M50154357,43995.79,44421.37,0,19.9,2,3,0,0
585,PAYMENT,230.98,C93821143,14113.58,13882.6,M63909339,12314.6,12545.58,0,41.2,1,2,0,0
55,CASH_OUT,11305.13,C39043423,43118.58,31813.450000000004,C40021729,7065.72,18370.85,0,19.4,1,1,0,0
486,TRANSFER,2482.11,C34116655,140376.98,137894.87000000002,C41747055,31537.07,34019.18,0,17.5,1,1,0,1
243,PAYMENT,1009.52,C22683519,21202.94,20193.42,M22531816,85319.82,86329.34000000001,0,63.3,1,3,0,0
353,CASH_OUT,32370.44,C13683996,6106.05,0.0,C13444072,20991.96,53362.399999999994,0,9.2,1,3,0,0
410,CASH_OUT,12.25,C83199283,22794.88,22782.63,C35230199,53423.89,53436.14,0,29.1,1,1,0,0
727,TRANSFER,11379.88,C58489185,107364.31,95984.43,C40782049,71360.58,82740.46,0,9.1,1,2,0,0
15,PAYMENT,106.58,C96502211,115215.62,115109.04,M26766637,12181.58,12288.16,0,14.7,1,1,0,0
147,CASH_OUT,2295.93,C14945962,6503.22,4207.290000000001,C15033292,133354.44,135650.37,0,28.8,1,3,0,0
490,TRANSFER,10265.63,C12387697,72308.59,62042.96,C44027131,11776.04,22041.67,0,21.6,1,4,0,0
656,CASH_OUT,72.65,C83727259,7636.68,7564.030000000001,C99877179,35603.16,35675.810000000005,0,57.2,1,2,0,0
25,CASH_OUT,16728.12,C54534785,107890.96,91162.84000000001,C39035412,44105.08,60833.2,0,44.2,3,0,0,0
611,CASH_OUT,1411.4,C73874926,32237.3,30825.899999999998,C74243119,32208.4,33619.8,0,12.7,2,5,0,0
691,TRANSFER,425.58,C24517557,114516.12,114090.54,C76173164,38867.45,39293.03,0,11.1,1,3,0,0
333,PAYMENT,2695.1,C93076821,3870.88,1175.7800000000002,M84480036,9487.79,12182.890000000001,0,9.5,2,3,0,0
174,CASH_OUT,4631.38,C45023909,3973.6,0.0,C19680190,6234.97,10866.35,0,33.0,1,4,0,0
290,CASH_OUT,129402.25,C58495147,136926.53,7524.279999999999,C35152009,622.31,130024.56,0,14.5,1,0,0,0
570,CASH_OUT,1279.82,C52929488,73995.49,72715.67,C14221529,37541.09,38820.909999999996,0,26.0,1,2,0,0
145,PAYMENT,8293.39,C34725776,7864.1,0.0,M28242201,103060.89,111354.28,0,16.9,1,5,0,0
122,PAYMENT,2244.43,C18269491,110588.41,108343.98000000001,M39642484,45657.51,47901.94,0,16.7,1,3,0,0
27,DEBIT,3427.88,C28606213,96133.93,92706.04999999999,C72626149,42109.24,45537.119999999995,0,39.9,1,1,0,0
66,CASH_OUT,1147.69,C56609219,38586.19,37438.5,C18085118,30420.63,31568.32,0,18.0,1,1,0,0
101,CASH_IN,461.19,C51358038,9019.91,8558.72,C62263740,38508.33,38969.520000000004,0,13.8,3,2,0,0
388,CASH_OUT,3610.83,C47729660,27446.83,23836.0,C76033919,51374.81,54985.64,0,46.0,1,1,0,0
94,TRANSFER,300.92,C82521652,39954.83,39653.91,C30701064,6556.27,6857.1900000000005,0,9.9,1,3,0,0
67,CASH_OUT,49.12,C60152279,11758.17,11709.05,C27343813,52426.61,52475.73,0,19.1,1,1,0,0
250,DEBIT,2192.85,C94825924,97758.69,95565.84,C87115662,6748.04,8940.89,0,56.7,1,2,0,0
142,TRANSFER,409.6,C43198755,89653.56,89243.95999999999,C26254963,13946.77,14356.37,0,25.1,1,0,0,0
267,CASH_OUT,1072.38,C34498562,1179.06,106.67999999999984,C79932969,16579.45,17651.83,0,26.3,2,4,0,0
552,PAYMENT,89.84,C16907364,992.19,902.35,M97149637,13453.39,13543.23,0,52.8,1,0,0,0
215,TRANSFER,10057.9,C88846188,28709.63,18651.730000000003,C55763386,29743.29,39801.19,0,19.5,1,2,0,0
489,CASH_OUT,14.18,C52804107,128986.69,128972.51000000001,C35223272,32400.2,32414.38,0,5.8,1,1,0,0
496,PAYMENT,3899.16,C45535766,73076.62,69177.45999999999,M89345280,68497.42,72396.58,0,23.9,1,2,0,0
480,PAYMENT,4664.14,C23896762,159062.71,154398.56999999998,M78764862,34430.68,39094.82,0,12.6,1,1,0,0
643,PAYMENT,2589.4,C88493815,16701.13,14111.730000000001,M75814326,225676.7,228266.1,0,37.5,1,4,0,0
490,PAYMENT,11519.95,C45220879,172357.92,160837.97,M45373235,47474.74,58994.69,0,46.1,1,3,0,0
1,PAYMENT,217.09,C47534897,37911.71,37694.62,M18076370,52312.56,52529.649999999994,0,15.6,2,1,0,0
9,TRANSFER,61773.54,C78220103,47210.72,0.0,C93783753,244956.51,306730.05,0,2.8,1,1,0,0
380,CASH_IN,359.13,C92260158,12996.89,12637.76,C45047583,10671.09,11030.22,0,36.5,2,1,0,0
144,TRANSFER,5941.61,C44381527,30937.21,24995.6,C72460091,41617.16,47558.770000000004,0,22.8,2,1,0,0
302,PAYMENT,48039.48,C40642040,70575.89,22536.409999999996,M25931384,87558.21,135597.69,0,5.8,3,1,0,0
650,PAYMENT,1236.41,C99790387,21623.74,20387.33,M97375370,137607.07,138843.48,0,50.4,1,1,0,0
417,CASH_OUT,494.58,C10750583,3610.62,3116.04,C46964727,23660.18,24154.760000000002,0,16.2,2,5,0,0
179,TRANSFER,7548.69,C45848737,90931.84,83383.15,C26722539,22546.88,30095.57,0,7.9,1,4,0,0
278,CASH_OUT,644.26,C50635434,1698.24,1053.98,C71050207,3981.25,4625.51,0,56.8,1,0,0,0
144,CASH_OUT,382.24,C36999678,5062.44,4680.2,C99956499,93840.41,94222.65000000001,0,12.5,1,1,0,0
339,CASH_OUT,6283.71,C45894371,50681.49,44397.78,C29595288,110433.63,116717.34000000001,0,13.3,2,1,0,0
459,PAYMENT,7015.23,C30305019,55206.67,48191.44,M17963716,86344.24,93359.47,0,71.8,1,3,0,0
702,CASH_OUT,1711.75,C59267533,39907.94,38196.19,C67688436,10214.76,11926.51,0,35.8,2,4,0,0
331,PAYMENT,2035.38,C99065878,4047.44,2012.06,M64224198,14364.62,16400.0,0,45.9,1,1,0,0
270,CASH_IN,2441.99,C67731434,74996.4,72554.40999999999,C36840278,118580.91,121022.90000000001,0,11.3,1,2,0,0
187,CASH_OUT,1280.31,C66585019,45590.94,44310.630000000005,C11833347,38098.88,39379.189999999995,0,23.2,1,3,0,0
666,PAYMENT,1097.58,C62731072,55505.11,54407.53,M10275158,40024.9,41122.48,0,35.6,1,1,0,0
172,PAYMENT,157.59,C37000932,145.26,0.0,M30857284,21583.1,21740.69,0,21.6,1,1,0,0
404,PAYMENT,485.35,C31374097,4600.14,4114.79,M70646024,38202.45,38687.799999999996,0,1.3,2,1,0,0
468,CASH_OUT,1781.62,C17017699,63814.43,62032.81,C83344928,6999.04,8780.66,0,40.5,1,3,0,0
247,PAYMENT,80382.88,C73356906,56625.16,0.0,M47609490,119323.71,199706.59000000003,0,40.6,1,2,0,0
523,TRANSFER,230.62,C57536730,11054.42,10823.8,C69720101,116407.14,116637.76,0,35.2,1,1,0,0
559,PAYMENT,741.74,C49183438,35146.94,34405.200000000004,M97565729,77829.92,78571.66,0,22.5,1,2,0,0
111,CASH_OUT,176.1,C44752929,18727.77,18551.670000000002,C72390482,11828.1,12004.2,0,30.6,1,3,0,0
303,CASH_OUT,42.91,C29593907,49028.53,48985.619999999995,C25102535,83501.82,83544.73000000001,0,9.7,1,4,0,0
473,CASH_OUT,21889.73,C27510595,79847.95,57958.22,C35550461,48174.25,70063.98,0,29.4,1,3,0,0
292,CASH_OUT,4695.22,C46905770,10414.9,5719.679999999999,C35031365,11306.17,16001.39,0,33.5,3,5,0,0
252,PAYMENT,20733.82,C79823469,52391.96,31658.14,M95341289,72152.78,92886.6,0,44.6,1,2,0,0
588,PAYMENT,61.14,C13949075,28492.3,28431.16,M38450045,3814.04,3875.18,0,27.8,1,4,0,0
175,CASH_OUT,5640.16,C86890888,10706.37,5066.210000000001,C36846155,50505.7,56145.86,0,30.8,1,0,0,0
109,TRANSFER,84857.95,C16966597,25252.65,0.0,C25047113,238383.28,323241.23,0,11.3,2,2,0,0
340,TRANSFER,10160.64,C76256313,5503.48,0.0,C65481337,22563.03,32723.67,0,34.3,1,2,0,0
14,PAYMENT,5002.24,C57745395,53597.91,48595.670000000006,M35061615,38875.46,43877.7,0,2.8,1,1,0,0
693,PAYMENT,453.02,C68262898,315929.01,315475.99,M12806986,9757.19,10210.210000000001,0,6.7,2,3,0,0
322,PAYMENT,24949.76,C54589224,66075.11,41125.350000000006,M14307449,25132.86,50082.619999999995,0,22.5,2,0,0,0
43,DEBIT,566.87,C45412071,95523.04,94956.17,C10044160,4582.17,5149.04,0,22.1,1,1,0,0
461,PAYMENT,4482.41,C96276047,12794.09,8311.68,M51397727,47547.51,52029.92,0,39.6,1,7,0,0
102,TRANSFER,278.81,C38980907,5612.98,5334.169999999999,C53962037,59270.42,59549.229999999996,0,53.3,2,1,0,0
625,PAYMENT,1520.56,C58392039,107.44,0.0,M10211279,35503.4,37023.96,0,60.4,2,2,0,0
705,CASH_OUT,10487.35,C64217711,65391.24,54903.89,C91426658,54052.08,64539.43,0,8.1,1,0,0,0
9,PAYMENT,9195.27,C98373035,86619.61,77424.34,M16783208,46824.95,56020.22,0,60.9,1,1,0,0
149,DEBIT,1865.67,C50029031,10479.8,8614.13,C84842835,102526.09,104391.76,0,19.3,1,4,0,0
338,DEBIT,87043.55,C58966920,32531.61,0.0,C21901711,26045.9,113089.45000000001,0,39.8,2,4,0,0
224,PAYMENT,1239.44,C60971092,43977.06,42737.619999999995,M77862479,30924.66,32164.1,0,51.5,1,0,0,0
110,CASH_IN,14217.38,C11100552,158729.44,144512.06,C21874298,18618.67,32836.049999999996,0,4.6,1,1,0,0
354,CASH_IN,656.86,C57874171,122637.84,121980.98,C76484860,17406.38,18063.24,0,32.5,2,6,0,0
84,CASH_OUT,192.4,C73959268,793.17,600.77,C45639994,68094.15,68286.54999999999,0,11.3,1,2,0,0
555,CASH_OUT,1262.79,C65669079,2523.87,1261.08,C24837436,105729.47,106992.26,0,23.8,1,2,0,0
66,PAYMENT,87.73,C30706244,159588.84,159501.11,M44119734,14828.5,14916.23,0,27.0,1,9,0,0
388,TRANSFER,3222.18,C10371385,2992.78,0.0,C61515049,21744.88,24967.06,0,41.3,1,0,0,0
621,PAYMENT,2191.73,C10995916,43613.92,41422.189999999995,M44931305,17374.07,19565.8,0,59.4,1,2,0,0
614,PAYMENT,5488.44,C93203490,4129.69,0.0,M65771134,77144.51,82632.95,0,40.8,1,4,0,0
135,CASH_IN,1763.09,C58987171,54961.34,53198.25,C17021510,118109.93,119873.01999999999,0,13.6,1,2,0,0
86,PAYMENT,1056.89,C93331574,10179.88,9122.99,M44446670,92908.95,93965.84,0,3.5,1,2,0,0
84,CASH_OUT,2073.81,C60776574,1737.32,0.0,C50953420,532.47,2606.2799999999997,0,22.2,1,1,0,0
227,CASH_OUT,13822.71,C54101849,16344.09,2521.380000000001,C66509819,7585.34,21408.05,0,14.1,2,1,0,0
260,DEBIT,11447.27,C27200445,37894.1,26446.829999999998,C41061257,90214.85,101662.12000000001,0,18.5,2,1,0,0
20,CASH_IN,18049.76,C79328816,38285.94,20236.180000000004,C31092045,29796.87,47846.63,0,49.2,1,1,0,0
35,PAYMENT,31.06,C98199006,72099.22,72068.16,M15721023,18959.34,18990.4,0,21.8,1,4,0,0
443,PAYMENT,12402.65,C78713835,3119.3,0.0,M45449604,20897.36,33300.01,0,34.8,1,5,0,0
270,TRANSFER,6341.43,C83067899,410.83,0.0,C51422204,69515.49,75856.92000000001,0,45.2,1,5,0,0
735,PAYMENT,71984.37,C40522676,62624.42,0.0,M10007708,66900.68,138885.05,0,22.1,1,0,0,0
406,PAYMENT,702.03,C46582650,154217.67,153515.64,M35701429,70448.35,71150.38,0,17.4,1,3,0,0
508,TRANSFER,1049.39,C37213974,10703.56,9654.17,C44016007,75315.59,76364.98,0,18.5,1,5,0,0
304,CASH_OUT,2914.14,C44685066,8120.42,5206.280000000001,C75709291,2879.19,5793.33,0,19.7,1,2,0,0
670,TRANSFER,23.32,C68028919,21000.14,20976.82,C88843276,56490.39,56513.71,0,20.6,2,5,0,1
285,PAYMENT,13.09,C85474471,60572.2,60559.11,M49006024,37755.61,37768.7,0,14.6,2,1,0,0
548,CASH_OUT,3177.65,C14941830,71732.05,68554.40000000001,C28181392,11706.71,14884.359999999999,0,63.8,1,3,0,0
29,PAYMENT,224.5,C44241151,137985.59,137761.09,M37642210,35913.35,36137.85,0,55.8,1,2,0,0
391,PAYMENT,162.55,C52220259,80955.4,80792.84999999999,M40012737,46062.59,46225.14,0,10.4,1,0,0,0
416,CASH_OUT,4794.62,C11495731,1407.56,0.0,C37143992,33863.1,38657.72,0,14.3,1,4,0,0
142,CASH_OUT,103.78,C70325586,11557.36,11453.58,C58304973,17390.51,17494.289999999997,0,13.6,1,1,0,0
646,CASH_OUT,6350.67,C28155924,21966.34,15615.67,C59723130,11215.62,17566.29,0,11.1,1,2,0,0
656,PAYMENT,380.17,C47946333,146789.82,146409.65,M60482800,3610.44,3990.61,0,23.8,1,3,0,0
341,CASH_OUT,352.71,C80214007,46520.75,46168.04,C62510976,2342.9,2695.61,0,19.7,1,3,0,0
245,CASH_OUT,3457.59,C50252038,280206.55,276748.95999999996,C31363098,17381.57,20839.16,0,14.4,1,3,0,0
5,TRANSFER,195.03,C82316617,19108.53,18913.5,C58398448,10795.44,10990.470000000001,0,28.9,2,4,0,0
449,CASH_OUT,40909.82,C28841082,127158.45,86248.63,C19261557,27303.69,68213.51,0,32.8,1,4,0,0
266,DEBIT,1495.85,C94055998,59971.54,58475.69,C89853834,33172.0,34667.85,0,36.4,3,1,0,0
491,TRANSFER,1751.14,C95092374,109047.01,107295.87,C54404695,19097.5,20848.64,0,43.5,1,4,0,0
239,TRANSFER,5645.01,C54705712,127954.48,122309.47,C18097942,19131.55,24776.559999999998,0,8.7,1,5,0,0
250,CASH_IN,12428.67,C57764954,30167.59,17738.92,C40746380,55196.23,67624.90000000001,0,20.6,1,0,0,0
291,CASH_OUT,704.23,C58780302,102767.99,102063.76000000001,C54343265,237.76,941.99,0,42.1,1,4,0,0
543,TRANSFER,6284.21,C72368678,204435.26,198151.05000000002,C27979115,244967.26,251251.47,0,20.6,1,3,0,0
632,CASH_OUT,6995.93,C20176172,54998.21,48002.28,C83142976,23259.81,30255.74,0,5.1,1,3,0,0
79,TRANSFER,25361.4,C35055004,14990.81,0.0,C61202754,35395.62,60757.020000000004,0,45.8,2,2,0,0
521,PAYMENT,777.45,C98699407,15689.17,14911.72,M63087372,11173.62,11951.070000000002,0,41.8,1,3,0,0
450,TRANSFER,7002.72,C80526301,69796.49,62793.770000000004,C90500788,9414.07,16416.79,0,50.7,1,5,0,0
556,CASH_IN,5052.16,C61710651,19923.2,14871.04,C54462638,44687.13,49739.28999999999,0,54.5,1,0,0,0
734,CASH_IN,3898.81,C64374363,26470.42,22571.609999999997,C52403993,144047.16,147945.97,0,63.8,1,6,0,0
144,PAYMENT,33.76,C99331860,37382.49,37348.729999999996,M47782773,95603.62,95637.37999999999,0,33.6,1,2,0,1
120,TRANSFER,17374.55,C77474061,121342.19,103967.64,C42810961,107423.01,124797.56,0,24.6,2,4,0,0
565,PAYMENT,11743.68,C26718065,62121.98,50378.3,M70128819,28380.94,40124.619999999995,0,4.2,2,4,0,0
577,CASH_IN,5931.05,C50665411,17194.04,11262.990000000002,C54882012,17785.38,23716.43,0,2.6,1,1,0,0
176,CASH_IN,604.17,C77207010,7174.82,6570.65,C91215457,58080.59,58684.759999999995,0,69.9,1,0,0,0
70,CASH_OUT,35100.67,C93678116,17110.49,0.0,C26888811,31252.58,66353.25,0,40.2,1,2,0,0
633,CASH_OUT,1628.95,C10977715,20287.31,18658.36,C48072524,67090.64,68719.59,0,4.3,1,3,0,0
203,CASH_OUT,4340.18,C41448298,65954.35,61614.170000000006,C31526598,48020.52,52360.7,0,55.7,2,5,0,0
180,TRANSFER,230.14,C50677825,27690.61,27460.47,C43657195,18086.57,18316.71,0,56.8,1,0,0,0
593,PAYMENT,1028.0,C89108947,309167.36,308139.36,M72010990,2832.74,3860.74,0,26.7,2,2,0,0
567,TRANSFER,2041.97,C45058181,1755.14,0.0,C33841666,13971.54,16013.51,0,40.2,1,3,0,0
691,CASH_OUT,370.35,C80667665,21867.25,21496.9,C65401001,71032.24,71402.59000000001,0,13.3,2,8,0,0
610,CASH_OUT,551.56,C72751902,4492.53,3940.97,C23140826,24752.11,25303.670000000002,0,10.9,2,3,0,0
110,TRANSFER,4743.96,C27214909,22059.01,17315.05,C50990486,68919.57,73663.53000000001,0,33.1,1,2,0,0
424,CASH_IN,11879.53,C63398916,28432.8,16553.269999999997,C63146743,47862.74,59742.27,0,14.0,2,2,0,0
665,PAYMENT,131.39,C47830579,110887.38,110755.99,M94943253,14780.63,14912.019999999999,0,26.0,3,3,0,0
503,TRANSFER,112760.72,C81878604,27700.77,0.0,C84369920,23277.16,136037.88,0,47.1,1,5,0,0
406,CASH_OUT,381.04,C80050877,1291.7,910.6600000000001,C56986557,42774.79,43155.83,0,16.1,1,4,0,0
637,CASH_OUT,280.44,C10239749,155263.94,154983.5,C60554122,83869.59,84150.03,0,31.3,1,2,0,0
91,CASH_OUT,28424.55,C22888244,7847.67,0.0,C97792566,1609.48,30034.03,0,57.9,1,6,0,0
294,PAYMENT,6253.65,C64063014,74296.95,68043.3,M30372419,193660.3,199913.94999999998,0,9.4,3,3,0,0
393,PAYMENT,10396.74,C91622851,11173.94,777.2000000000007,M29176778,20935.63,31332.370000000003,0,29.5,1,4,0,0
37,CASH_OUT,395.44,C77707657,128414.51,128019.06999999999,C24971637,5570.34,5965.78,0,38.9,1,1,0,0
517,TRANSFER,4077.82,C87222921,12844.37,8766.550000000001,C52412049,16093.73,20171.55,0,51.0,1,4,0,0
662,PAYMENT,180106.42,C83933485,96608.25,0.0,M66680805,63536.9,243643.32,0,20.5,1,6,0,0
316,CASH_OUT,389.1,C51885210,26769.36,26380.260000000002,C51755828,34159.26,34548.36,0,27.7,1,3,0,0
172,TRANSFER,6749.57,C15744179,29632.8,22883.23,C48634969,4699.05,11448.619999999999,0,54.1,1,2,0,0
406,CASH_OUT,448.59,C12792718,49605.62,49157.030000000006,C78162897,19659.36,20107.95,0,34.7,1,2,0,0
262,CASH_OUT,275.85,C11915233,33415.04,33139.19,C99222334,2282.39,2558.24,0,10.8,1,1,0,0
484,PAYMENT,1156.41,C32266074,20529.66,19373.25,M32868362,2761.4,3917.8100000000004,0,19.1,1,1,0,0
27,PAYMENT,1710.99,C26653678,13893.48,12182.49,M97710819,9981.31,11692.3,0,37.9,1,0,0,0
495,CASH_OUT,1333.92,C75044201,15478.32,14144.4,C78605321,17307.31,18641.230000000003,0,25.8,1,0,0,0
55,CASH_OUT,1588.11,C49271208,60796.53,59208.42,C36020638,47263.61,48851.72,0,48.4,1,3,0,0
249,CASH_OUT,95130.79,C36342550,5756.46,0.0,C92931930,688.41,95819.2,0,36.4,1,2,0,0
273,CASH_OUT,39104.31,C48438621,41227.29,2122.980000000003,C62760274,15149.34,54253.649999999994,0,21.8,2,7,0,0
259,CASH_OUT,2475.91,C48586807,23862.27,21386.36,C74097067,17696.16,20172.07,0,5.9,2,1,0,0
191,CASH_IN,2147.79,C11303030,21779.86,19632.07,C80017311,14819.58,16967.37,0,12.2,2,3,0,0
575,TRANSFER,24662.9,C72377539,62849.59,38186.689999999995,C35569585,6139.82,30802.72,0,25.0,1,1,0,0
446,TRANSFER,6795.0,C55162454,34981.18,28186.18,C96740961,78889.1,85684.1,0,15.9,3,1,0,0
502,TRANSFER,2920.66,C64167798,4016.77,1096.1100000000001,C40084382,15497.01,18417.67,0,10.6,1,2,0,0
616,PAYMENT,103127.22,C89645381,120157.57,17030.350000000006,M37470930,74436.78,177564.0,0,23.5,3,7,0,0
393,TRANSFER,382.66,C84123280,114148.78,113766.12,C12992996,8427.81,8810.47,0,8.3,1,4,0,0
408,PAYMENT,1765.79,C40746421,27700.26,25934.469999999998,M55794493,51308.79,53074.58,0,56.6,1,0,0,0
673,CASH_IN,1412.56,C18871648,692.57,0.0,C32410883,8953.3,10365.859999999999,0,50.9,1,2,0,1
683,TRANSFER,4203.07,C64446406,3107.15,0.0,C35613368,16759.05,20962.12,0,32.0,1,2,0,0
109,TRANSFER,269.77,C80227906,33824.05,33554.280000000006,C98312669,45258.63,45528.399999999994,0,24.5,1,0,0,0
652,TRANSFER,4227.36,C65890478,4246.78,19.420000000000073,C92916362,31763.11,35990.47,0,40.0,1,2,0,0
605,PAYMENT,1106.77,C88495773,29279.85,28173.079999999998,M52517653,12409.5,13516.27,0,49.0,1,5,0,0
103,PAYMENT,11678.41,C60066085,10520.48,0.0,M39610523,85241.31,96919.72,0,13.7,1,1,0,0
226,TRANSFER,1030.31,C30096306,81093.71,80063.40000000001,C72018040,25583.53,26613.84,0,20.4,2,3,0,0
353,PAYMENT,646.36,C13648799,22909.6,22263.239999999998,M22606622,62129.57,62775.93,0,22.9,1,4,0,0
160,CASH_OUT,6268.77,C70422676,23780.04,17511.27,C57810464,79257.1,85525.87000000001,0,39.8,2,4,0,0
404,DEBIT,2214.72,C30041489,1262.54,0.0,C39839151,23909.45,26124.170000000002,0,75.8,2,0,0,0
707,DEBIT,1134.16,C13178034,53031.74,51897.579999999994,C46456762,16202.53,17336.690000000002,0,53.8,2,3,0,0
324,CASH_OUT,1269.88,C43757836,74242.67,72972.79,C29769666,32248.61,33518.49,0,3.3,2,4,0,0
145,PAYMENT,758.48,C49555559,15290.67,14532.19,M67674573,3442.0,4200.48,0,58.5,2,5,0,0
465,DEBIT,73908.06,C87677771,47959.4,0.0,C81191352,46053.75,119961.81,0,23.0,1,2,0,0
132,DEBIT,4858.95,C41908328,52049.54,47190.590000000004,C68193991,56150.89,61009.84,0,23.7,1,1,0,0
93,PAYMENT,7205.41,C35013849,49667.42,42462.009999999995,M74589798,4489.32,11694.73,0,63.7,2,5,0,0
273,CASH_OUT,4623.3,C29889213,59917.25,55293.95,C63190925,14053.98,18677.28,0,28.0,2,2,0,0
704,PAYMENT,3003.31,C18266067,76853.1,73849.79000000001,M55191273,58275.03,61278.34,0,18.8,1,2,0,0
534,CASH_OUT,850.44,C45107580,70951.21,70100.77,C71690866,15218.37,16068.810000000001,0,28.8,2,3,0,0
194,CASH_IN,521.01,C89152495,42669.62,42148.61,C58103449,38091.32,38612.33,0,12.0,2,4,0,0
170,PAYMENT,843.62,C97486265,139741.66,138898.04,M47803879,36761.17,37604.79,0,35.2,1,0,0,0
460,DEBIT,5936.14,C78160000,75811.03,69874.89,C77489342,12007.24,17943.38,0,6.6,1,3,0,0
11,CASH_OUT,830.31,C88268876,110755.45,109925.14,C91378407,58052.17,58882.479999999996,0,24.0,2,3,0,0
181,CASH_IN,18611.48,C45473880,35446.14,16834.66,C83483034,27250.85,45862.33,0,43.1,1,1,0,0
232,TRANSFER,38179.2,C85155354,60278.12,22098.920000000006,C94133076,5120.87,43300.07,0,47.3,2,3,0,0
29,CASH_OUT,80.34,C88557392,99417.95,99337.61,C19559325,4292.02,4372.360000000001,0,28.9,2,2,0,0
532,PAYMENT,32342.84,C59524892,38801.9,6459.060000000001,M42199940,99730.36,132073.2,0,37.5,1,4,0,0
5,PAYMENT,245.47,C62053237,103585.77,103340.3,M94507278,19259.57,19505.04,0,19.2,2,1,0,0
546,PAYMENT,1128.62,C15106414,64591.81,63463.189999999995,M18062775,32296.4,33425.020000000004,0,38.8,1,6,0,0
140,CASH_IN,2367.73,C57952806,70076.98,67709.25,C97971261,40962.12,43329.850000000006,0,43.0,1,1,0,0
28,CASH_OUT,42.44,C83445803,131100.72,131058.28,C27482167,51500.17,51542.61,0,37.0,3,2,0,0
98,DEBIT,525.79,C46003563,20046.11,19520.32,C80567436,21325.53,21851.32,0,10.5,1,4,0,0
262,CASH_IN,2454.51,C46435432,45152.21,42697.7,C55003922,26787.04,29241.550000000003,0,52.2,1,1,0,0
19,PAYMENT,200.82,C96959348,15918.07,15717.25,M30609897,52472.17,52672.99,0,54.1,1,3,0,0
12,TRANSFER,185.98,C32736585,37664.38,37478.399999999994,C83238242,42913.32,43099.3,0,26.7,1,2,0,0
537,PAYMENT,50978.62,C88430859,29317.78,0.0,M24939059,38453.29,89431.91,0,34.3,1,5,0,0
525,PAYMENT,2297.53,C87612481,30571.26,28273.73,M16096941,19634.73,21932.26,0,30.2,1,4,0,0
465,PAYMENT,11162.57,C78763695,11696.14,533.5699999999997,M36758458,134915.29,146077.86000000002,0,33.6,1,5,0,0
588,TRANSFER,58264.84,C27199231,49108.27,0.0,C49467120,8159.8,66424.64,0,47.4,2,1,0,0
259,PAYMENT,7816.5,C99716242,79378.49,71561.99,M48906462,4959.76,12776.26,0,24.3,1,4,0,0
24,PAYMENT,734.64,C13276263,15643.7,14909.060000000001,M77365610,13470.03,14204.67,0,56.0,1,0,0,0
8,PAYMENT,620.27,C40121458,6615.24,5994.969999999999,M56187803,11592.63,12212.9,0,29.0,1,2,0,0
228,PAYMENT,4744.28,C76481901,14742.67,9998.39,M18580550,129616.19,134360.47,0,58.8,1,2,0,0
376,CASH_IN,6327.89,C31630965,70371.93,64044.03999999999,C59203087,336.25,6664.14,0,12.0,2,3,0,0
123,CASH_OUT,2915.78,C56407338,3275.22,359.4399999999996,C54746241,84841.52,87757.3,0,48.7,1,2,0,0
90,CASH_IN,7232.27,C82522625,48090.76,40858.490000000005,C81752830,20859.89,28092.16,0,7.8,3,1,0,0
456,TRANSFER,1465.31,C30350181,85686.75,84221.44,C71450399,33522.84,34988.149999999994,0,61.0,2,3,0,0
224,PAYMENT,1855.18,C19055288,80887.35,79032.17000000001,M61527301,47307.56,49162.74,0,6.8,2,1,0,0
736,CASH_OUT,847.54,C27979431,219250.79,218403.25,C90784880,1839.08,2686.62,0,56.2,1,3,0,0
257,PAYMENT,380.64,C27993722,78029.27,77648.63,M45945725,29151.52,29532.16,0,11.4,1,2,0,0
515,PAYMENT,366.24,C99600357,7241.76,6875.52,M64550669,1616.87,1983.11,0,47.5,1,2,0,0
148,PAYMENT,932.33,C12588603,21318.23,20385.899999999998,M15876495,4138.96,5071.29,0,15.4,1,2,0,0
387,PAYMENT,6812.76,C35076557,12229.96,5417.199999999999,M26708412,39489.19,46301.950000000004,0,11.6,1,5,0,0
701,PAYMENT,1925.41,C60109749,23610.73,21685.32,M71227020,12856.52,14781.93,0,63.4,2,3,0,0
699,TRANSFER,849.48,C97536525,50655.95,49806.469999999994,C96921156,6135.78,6985.26,0,20.9,1,2,0,0
438,CASH_OUT,1134.42,C33312173,17112.73,15978.31,C98686065,2031.8,3166.2200000000003,0,23.0,1,2,0,1
700,PAYMENT,68.97,C29825619,6892.38,6823.41,M84521455,65202.62,65271.590000000004,0,35.5,1,0,0,0
636,PAYMENT,694.63,C13957762,62623.68,61929.05,M35141065,40117.63,40812.259999999995,0,7.7,1,3,0,0
37,CASH_OUT,7100.78,C65173737,6232.58,0.0,C66713915,1305.62,8406.4,0,25.6,1,2,0,0
661,PAYMENT,225.96,C21738168,147732.76,147506.80000000002,M62007950,40165.75,40391.71,0,41.3,1,3,0,0
106,PAYMENT,108.37,C89873562,48192.34,48083.969999999994,M87631666,4354.68,4463.05,0,26.5,1,1,0,0
615,DEBIT,198.58,C40453956,72282.51,72083.93,C59835743,15867.12,16065.7,0,48.6,1,0,0,0
232,PAYMENT,744.54,C23723162,86943.44,86198.90000000001,M67622085,43142.61,43887.15,0,13.7,1,4,0,0
146,PAYMENT,1614.41,C51122302,51502.58,49888.17,M86998006,13405.19,15019.6,0,29.7,1,1,0,0
17,TRANSFER,2745.32,C75883767,60532.68,57787.36,C21937555,56798.07,59543.39,0,25.6,1,5,0,0
159,PAYMENT,6429.17,C92186049,78115.36,71686.19,M26762948,29243.01,35672.18,0,59.9,1,0,0,0
282,TRANSFER,1164.65,C12637796,30265.22,29100.57,C56703551,11468.82,12633.47,0,23.1,1,0,0,0
278,CASH_OUT,6717.36,C24974286,137.92,0.0,C27275242,32525.16,39242.52,0,20.0,1,2,0,0
125,PAYMENT,210.67,C96508361,170544.28,170333.61,M72306311,1389.54,1600.21,0,27.0,3,0,0,0
685,TRANSFER,15731.58,C29233737,13901.23,0.0,C15196150,23116.73,38848.31,0,13.9,1,1,0,0
420,TRANSFER,3451.49,C94551346,8107.68,4656.1900000000005,C14846409,15752.18,19203.67,0,27.5,1,3,0,0
320,PAYMENT,48.79,C76724125,125796.95,125748.16,M27960988,21687.89,21736.68,0,48.4,2,1,0,0
675,CASH_OUT,2194.38,C43021653,38961.13,36766.75,C54581839,37796.96,39991.34,0,32.6,3,7,0,1
715,PAYMENT,117166.68,C40258433,16124.73,0.0,M24337745,22051.23,139217.91,0,3.3,1,5,0,0
482,TRANSFER,72455.81,C14464481,134239.98,61784.17000000001,C63596318,32334.09,104789.9,0,19.7,1,2,0,0
667,PAYMENT,1750.39,C54838171,96676.41,94926.02,M67642332,4725.32,6475.71,0,18.3,1,4,0,0
324,TRANSFER,5300.26,C12921394,30423.01,25122.75,C67479507,14833.46,20133.72,0,4.9,1,2,0,0
395,PAYMENT,244.63,C86310804,156386.22,156141.59,M74377713,21973.37,22218.0,0,32.7,1,3,0,1
186,CASH_OUT,181.19,C68477676,4892.87,4711.68,C12445238,2206.83,2388.02,0,16.7,1,3,0,0
466,PAYMENT,1286.34,C76505808,138715.85,137429.51,M12411569,118626.23,119912.56999999999,0,29.5,1,2,0,0
57,TRANSFER,751.75,C59236264,30843.1,30091.35,C55603341,94564.88,95316.63,0,23.4,1,1,0,0
729,TRANSFER,2361.82,C52689851,30942.3,28580.48,C18040884,16213.72,18575.54,0,24.8,2,2,0,0
458,CASH_OUT,5609.26,C77649205,30194.69,24585.43,C84633007,39481.75,45091.01,0,41.8,1,5,0,0
208,TRANSFER,5245.45,C46113067,28149.83,22904.38,C79972081,25669.72,30915.170000000002,0,21.3,1,4,0,0
714,CASH_OUT,11340.24,C84762335,38542.29,27202.050000000003,C86832659,33078.28,44418.52,0,3.2,1,0,0,0
74,CASH_OUT,4503.54,C19026151,266543.42,262039.87999999998,C78040025,5187.82,9691.36,0,56.0,1,1,0,0
484,DEBIT,13777.96,C64410824,729.28,0.0,C66394857,31287.83,45065.79,0,45.2,1,1,0,0
85,PAYMENT,11521.05,C86978096,34664.35,23143.3,M22961272,11701.76,23222.809999999998,0,32.3,1,3,0,0
632,TRANSFER,1279.36,C80265312,16677.89,15398.529999999999,C47411742,37770.41,39049.770000000004,0,27.4,2,1,0,0
14,CASH_OUT,45.43,C79915302,9405.3,9359.869999999999,C23165229,58363.2,58408.63,0,27.6,1,5,0,0
641,CASH_IN,200.69,C69672565,129576.21,129375.52,C84072644,92912.82,93113.51000000001,0,57.3,1,1,0,0
49,DEBIT,5220.54,C60692287,24264.86,19044.32,C92507372,1366.83,6587.37,0,43.2,2,1,0,0
426,TRANSFER,2443.45,C92225779,39526.69,37083.240000000005,C73576285,29666.51,32109.96,0,23.8,1,4,0,0
359,PAYMENT,71531.35,C43621219,133233.31,61701.95999999999,M43953184,20979.43,92510.78,0,9.5,1,2,0,0
242,TRANSFER,106.02,C26968781,32639.37,32533.35,C23249979,10186.93,10292.95,0,10.0,1,3,0,0
53,CASH_OUT,9003.47,C17669803,16997.71,7994.24,C91925524,12260.22,21263.69,0,57.7,2,3,1,0
69,TRANSFER,1754.53,C36381390,5089.8,3335.2700000000004,C65335710,69364.89,71119.42,0,2.5,1,3,0,0
552,TRANSFER,424.17,C13858871,45610.72,45186.55,C55218938,53504.62,53928.79,0,12.9,1,1,0,0
696,CASH_OUT,43776.07,C37788081,121290.43,77514.35999999999,C37168605,93412.71,137188.78,0,63.8,1,0,0,0
645,TRANSFER,252.41,C79045085,4210.51,3958.1000000000004,C29331603,61465.95,61718.36,0,27.8,1,2,0,0
56,DEBIT,3334.17,C93793306,29522.51,26188.339999999997,C10770724,2340.75,5674.92,0,36.5,1,3,0,0
456,TRANSFER,17133.86,C77926786,54625.93,37492.07,C77128983,4732.85,21866.71,0,1.9,1,5,0,0
255,PAYMENT,401.44,C71259081,5307.56,4906.120000000001,M73963475,45478.7,45880.14,0,26.7,1,3,0,0
5,TRANSFER,66.48,C47726949,4099.28,4032.7999999999997,C31713780,42988.48,43054.96000000001,0,51.3,2,6,0,0
581,CASH_OUT,5484.37,C49149392,11438.98,5954.61,C14129031,89125.74,94610.11,0,16.1,1,0,0,0
52,PAYMENT,14053.66,C19142379,7038.59,0.0,M47611082,29933.24,43986.9,0,46.0,1,2,0,0
329,PAYMENT,726.67,C32188732,23726.36,22999.690000000002,M70844511,34315.29,35041.96,0,13.6,1,4,0,0
98,CASH_IN,105.76,C64594773,26397.5,26291.74,C82701762,29562.16,29667.92,0,46.0,1,3,0,0
161,PAYMENT,2819.34,C28785552,30142.12,27322.78,M29797305,45494.29,48313.630000000005,0,58.0,1,3,0,0
406,TRANSFER,1064.56,C56727096,33777.22,32712.66,C62248114,20114.08,21178.640000000003,0,17.5,2,3,0,0
577,TRANSFER,63.37,C71681580,3000.86,2937.4900000000002,C77885479,38040.6,38103.97,0,28.2,1,0,0,0
327,TRANSFER,5132.31,C36216995,54378.49,49246.18,C47048254,26995.11,32127.420000000002,0,6.6,1,3,0,0
243,CASH_OUT,499.68,C19168541,66159.78,65660.1,C13094195,116705.2,117204.87999999999,0,6.4,1,3,0,0
504,PAYMENT,5441.25,C62620127,7380.48,1939.2299999999996,M77179491,21742.99,27184.24,0,9.4,1,2,0,0
367,TRANSFER,113583.34,C51052417,12871.72,0.0,C34705312,5478.16,119061.5,0,58.8,1,1,0,0
724,TRANSFER,1707.37,C15959814,16464.39,14757.02,C66355782,69146.66,70854.03,0,19.5,1,2,0,0
442,CASH_OUT,2102.25,C69379787,26908.77,24806.52,C58072217,28056.13,30158.38,0,19.2,1,2,0,0
154,PAYMENT,2242.34,C27632211,25671.71,23429.37,M22981007,7005.05,9247.39,0,19.3,1,1,0,0
234,TRANSFER,1503.93,C99332931,11512.82,10008.89,C17279666,105086.02,106589.95,0,23.4,1,0,0,0
652,PAYMENT,221.95,C44079976,3815.43,3593.48,M67927563,5205.03,5426.98,0,27.3,1,4,0,0
333,PAYMENT,3156.06,C45939816,17157.3,14001.24,M96681438,2831.82,5987.88,0,19.4,1,2,0,0
495,PAYMENT,653.74,C63416937,75528.35,74874.61,M99652311,12453.94,13107.68,0,32.5,1,3,0,0
115,PAYMENT,807.64,C85878258,3006.07,2198.4300000000003,M14935290,42554.96,43362.6,0,31.7,1,1,0,0
369,CASH_OUT,481.56,C76192293,22797.67,22316.109999999997,C95580167,4748.35,5229.910000000001,0,61.7,2,2,0,0
333,PAYMENT,4101.08,C80341789,10708.26,6607.18,M29640932,137147.52,141248.59999999998,0,13.4,1,2,0,0
130,CASH_IN,442.22,C38026371,62328.62,61886.4,C63170339,30634.22,31076.440000000002,0,23.1,1,2,0,0
178,CASH_IN,3593.37,C30662329,20131.9,16538.530000000002,C41759053,34105.66,37699.030000000006,0,44.4,1,1,0,0
95,TRANSFER,4399.37,C55884836,25314.96,20915.59,C29356907,120134.39,124533.76,0,63.1,1,2,0,0
317,PAYMENT,2024.61,C88782813,124506.78,122482.17,M36477769,25221.97,27246.58,0,30.9,1,3,0,0
101,TRANSFER,143.29,C63434978,47234.18,47090.89,C38266063,47642.26,47785.55,0,5.5,1,2,0,0
196,CASH_OUT,609.05,C57730505,86812.74,86203.69,C71180910,1468.92,2077.9700000000003,0,58.1,1,1,0,0
208,TRANSFER,1549.07,C25088643,57745.05,56195.98,C37536125,1503.58,3052.6499999999996,0,11.5,1,3,0,0
607,PAYMENT,168.78,C52078538,160949.18,160780.4,M58054791,54347.35,54516.13,0,41.8,2,2,0,0
473,TRANSFER,3176.89,C76564388,42381.27,39204.38,C75905690,110871.4,114048.29,0,28.9,2,3,0,0
615,CASH_OUT,23955.34,C96471806,14378.89,0.0,C76216459,51385.58,75340.92,0,41.1,1,1,0,0
8,CASH_OUT,4487.92,C25037565,59267.64,54779.72,C84439131,6714.41,11202.33,0,0.5,2,3,0,0
136,PAYMENT,195.63,C75778665,85811.07,85615.44,M81391244,70298.86,70494.49,0,23.5,1,5,0,0
610,CASH_OUT,142857.0,C68977175,171447.02,28590.01999999999,C50245757,35840.38,178697.38,0,38.5,1,2,0,0
261,PAYMENT,705.57,C43871390,48084.05,47378.48,M47832619,2705.45,3411.02,0,27.1,1,2,0,0
147,PAYMENT,2846.74,C83818489,86288.96,83442.22,M53842639,19543.26,22390.0,0,40.8,2,2,0,0
458,DEBIT,531.61,C25178746,62000.15,61468.54,C49744585,59570.96,60102.57,0,31.7,2,1,0,0
697,PAYMENT,2640.37,C34054044,74590.96,71950.59000000001,M56854104,9244.22,11884.59,0,23.2,1,2,0,0
438,PAYMENT,21688.0,C63747666,45536.63,23848.629999999997,M30917637,69320.76,91008.76,0,14.1,2,1,0,0
413,PAYMENT,263.01,C88510446,17199.65,16936.640000000003,M83209274,34185.31,34448.32,0,39.8,1,2,0,0
500,DEBIT,776.73,C34108517,4583.93,3807.2000000000003,C41190046,23960.83,24737.56,0,27.4,1,3,0,0
232,CASH_OUT,2436.71,C13815354,63632.66,61195.950000000004,C14616576,93.74,2530.45,0,26.0,1,1,0,0
101,CASH_OUT,80.85,C72793345,88455.34,88374.48999999999,C16580365,12021.14,12101.99,0,24.0,1,2,0,0
147,CASH_OUT,7959.69,C86764696,73736.14,65776.45,C89530099,68333.28,76292.97,0,29.7,1,2,0,0
717,PAYMENT,490.93,C62414101,2021.37,1530.4399999999998,M27962829,4519.26,5010.1900000000005,0,13.6,2,3,0,0
507,TRANSFER,1975.46,C41523582,2827.74,852.2799999999997,C57284557,28445.34,30420.8,0,48.5,2,5,0,0
558,TRANSFER,248.23,C77459456,5442.28,5194.05,C98410608,1260.72,1508.95,0,8.3,1,3,0,0
104,PAYMENT,231.98,C12869767,86989.12,86757.14,M81894830,12018.04,12250.02,0,44.4,1,3,0,0
336,TRANSFER,1767.04,C81922918,47161.02,45393.979999999996,C91499999,7221.44,8988.48,0,6.8,1,3,0,0
446,CASH_IN,29844.03,C95917923,44543.88,14699.849999999999,C43366388,21577.67,51421.7,0,34.1,2,3,0,0
734,PAYMENT,323.59,C39655476,11997.45,11673.86,M95932726,36202.27,36525.85999999999,0,24.5,1,0,0,0
444,PAYMENT,9376.47,C56409243,3982.26,0.0,M92420696,23106.27,32482.739999999998,0,46.0,1,3,0,0
118,PAYMENT,19120.16,C14291067,79510.66,60390.5,M22359152,68773.33,87893.49,0,34.3,1,3,0,0
517,PAYMENT,10493.4,C58890814,88130.71,77637.31000000001,M77211465,7446.52,17939.92,0,21.7,1,7,0,0
723,CASH_IN,1328.37,C70778701,14474.32,13145.95,C26372020,38643.37,39971.740000000005,0,17.8,1,4,0,0
567,TRANSFER,2768.16,C40684013,87422.09,84653.93,C71267695,78366.42,81134.58,0,8.8,2,2,0,0
531,TRANSFER,28355.95,C70597608,18767.53,0.0,C38881071,36692.59,65048.53999999999,0,49.9,1,2,0,0
88,CASH_OUT,9990.71,C79813279,83558.73,73568.01999999999,C18099981,23901.43,33892.14,0,17.0,1,2,1,0
629,PAYMENT,1877.73,C66040192,3557.37,1679.6399999999999,M74447833,53375.65,55253.380000000005,0,40.2,1,3,0,0
476,TRANSFER,219.04,C89968150,21135.36,20916.32,C42296488,3863.91,4082.95,0,20.9,2,4,0,0
682,TRANSFER,49278.7,C88599143,73573.86,24295.160000000003,C82809439,134654.75,183933.45,0,52.9,1,0,0,0
485,TRANSFER,2234.21,C68314250,17038.24,14804.030000000002,C11849227,16525.89,18760.1,0,32.3,1,2,0,0
662,CASH_IN,676.17,C67987807,2056.53,1380.3600000000001,C85910408,8948.89,9625.06,0,21.9,1,2,0,0
295,CASH_OUT,4672.42,C82405233,8146.06,3473.6400000000003,C31814993,127807.95,132480.37,0,58.2,1,3,0,0
720,TRANSFER,40.81,C19990679,163097.55,163056.74,C33801025,204.17,244.98,0,15.6,2,2,0,0
381,CASH_OUT,6306.18,C45131448,45844.7,39538.52,C21172996,62001.23,68307.41,0,20.4,1,4,0,0
283,PAYMENT,5409.31,C90119906,9737.43,4328.12,M31888449,21744.29,27153.600000000002,0,15.6,1,3,0,0
686,PAYMENT,3399.98,C38228157,52162.76,48762.78,M43381077,66616.65,70016.62999999999,0,32.4,1,1,0,0
639,PAYMENT,9808.16,C19020509,48816.95,39008.78999999999,M92091137,78393.41,88201.57,0,20.2,2,0,0,0
156,PAYMENT,3000.38,C26286549,26195.57,23195.19,M48954516,15134.31,18134.69,0,16.7,2,1,0,0
180,TRANSFER,5311.96,C17854665,54947.49,49635.53,C73382171,88036.84,93348.8,0,6.2,1,3,0,0
87,CASH_OUT,6165.95,C81207365,5928.41,0.0,C89584698,183997.59,190163.54,0,58.3,1,2,0,0
406,CASH_IN,11823.39,C78790329,19387.22,7563.830000000002,C29416779,119018.77,130842.16,0,22.6,1,1,0,0
496,TRANSFER,1002.19,C73803078,1915.37,913.1799999999998,C31399724,30067.06,31069.25,0,6.2,2,2,0,0
267,TRANSFER,3991.08,C77557586,122940.48,118949.4,C94802973,8931.73,12922.81,0,74.7,3,1,0,1
594,PAYMENT,789.1,C15509611,111739.8,110950.7,M33412172,65928.44,66717.54000000001,0,31.3,1,4,0,0
64,PAYMENT,3174.26,C89118037,11404.93,8230.67,M56127832,113621.32,116795.58,0,33.7,1,3,0,0
119,TRANSFER,1748.82,C22152257,61491.09,59742.27,C48572739,130335.06,132083.88,0,35.5,2,5,0,0
341,TRANSFER,357.05,C72518404,83848.74,83491.69,C26545422,82324.04,82681.09,0,16.1,1,2,0,0
313,CASH_OUT,4988.56,C65674055,26145.3,21156.739999999998,C26672671,9671.85,14660.41,0,16.0,1,3,0,0
163,PAYMENT,73.71,C64984514,84897.87,84824.15999999999,M73554360,41495.1,41568.81,0,20.2,1,3,0,0
505,PAYMENT,251.35,C76896204,33902.59,33651.24,M99035099,102362.8,102614.15000000001,0,22.3,1,0,0,0
293,TRANSFER,6519.41,C52517650,79778.0,73258.59,C68600629,26716.18,33235.59,0,23.8,1,3,0,1
690,PAYMENT,545.37,C17297025,70806.88,70261.51000000001,M89150878,67822.63,68368.0,0,45.6,1,2,0,0
377,PAYMENT,4698.96,C36417005,41266.31,36567.35,M77820126,4418.26,9117.220000000001,0,43.7,1,7,0,0
542,CASH_OUT,112764.93,C40957089,35398.63,0.0,C40066951,59091.28,171856.21,0,27.8,1,3,0,0
401,PAYMENT,42.19,C85741795,17320.61,17278.420000000002,M89749855,2679.45,2721.64,0,12.3,1,5,0,0
673,CASH_OUT,3051.21,C99599866,26502.67,23451.46,C82719806,32099.83,35151.04,0,12.1,1,5,0,0
400,PAYMENT,50311.92,C49325444,24857.82,0.0,M22532622,22365.22,72677.14,0,64.7,2,5,0,0
399,PAYMENT,2834.21,C91155645,5449.48,2615.2699999999995,M46011391,8104.17,10938.380000000001,0,6.4,2,2,0,0
487,TRANSFER,1829.94,C77852128,37125.03,35295.09,C70741084,22983.04,24812.98,0,13.5,1,4,0,0
515,CASH_OUT,878.44,C77181193,43412.5,42534.06,C29727534,50880.66,51759.100000000006,0,23.1,3,3,0,0
24,TRANSFER,433.24,C87960753,173703.95,173270.71000000002,C45312695,57332.26,57765.5,0,61.3,2,1,0,0
59,CASH_OUT,43.71,C98146277,16625.83,16582.120000000003,C21615851,101927.78,101971.49,0,17.1,1,2,0,0
240,PAYMENT,767.6,C26530123,25496.19,24728.59,M37245179,47815.83,48583.43,0,61.0,1,2,0,0
311,CASH_OUT,2011.34,C49392367,40134.25,38122.91,C27570653,224261.67,226273.01,0,8.3,1,2,0,0
321,PAYMENT,2375.64,C10022781,95878.08,93502.44,M54549488,13487.65,15863.289999999999,0,27.4,1,1,0,0
672,CASH_OUT,9633.32,C16094725,14917.9,5284.58,C34840255,6719.96,16353.279999999999,0,29.5,1,4,1,0
481,TRANSFER,8730.76,C47970463,13348.8,4618.039999999999,C59882263,4097.65,12828.41,0,5.3,1,4,0,0
572,CASH_IN,2687.97,C88346902,37951.83,35263.86,C88600334,35139.55,37827.520000000004,0,11.5,1,4,0,0
414,TRANSFER,3263.87,C11633011,6880.7,3616.83,C13572455,17009.05,20272.92,0,32.1,3,3,0,0
322,PAYMENT,1627.78,C82087300,59606.7,57978.92,M34313176,9089.85,10717.630000000001,0,53.9,1,0,0,0
402,PAYMENT,464.25,C84444685,98229.23,97764.98,M24103743,9576.93,10041.18,0,15.3,1,3,0,0
59,CASH_OUT,9770.22,C23629124,1497.44,0.0,C77129127,17044.19,26814.409999999996,0,41.1,1,2,1,1
53,TRANSFER,1352.95,C25142392,10843.9,9490.949999999999,C71519314,46358.03,47710.979999999996,0,46.9,1,0,0,0
64,CASH_OUT,2912.82,C94006841,43270.21,40357.39,C91725478,36799.1,39711.92,0,9.6,1,3,0,0
633,PAYMENT,189549.64,C84854371,87952.33,0.0,M81391543,62921.58,252471.22000000003,0,28.1,2,2,0,0
119,PAYMENT,9335.48,C13833397,33674.59,24339.109999999997,M28884360,15310.67,24646.15,0,24.7,1,1,0,0
286,PAYMENT,1250.58,C24148079,76705.56,75454.98,M65397377,50102.4,51352.98,0,23.4,1,6,0,0
18,CASH_IN,116.49,C71457442,27430.78,27314.289999999997,C51021641,81583.91,81700.40000000001,0,15.9,1,3,0,0
5,CASH_OUT,13339.57,C46524631,24513.15,11173.580000000002,C77651899,72900.95,86240.51999999999,0,26.7,1,0,0,0
392,CASH_IN,9.38,C83955035,10023.43,10014.050000000001,C34192525,43038.04,43047.42,0,29.3,1,1,0,0
160,PAYMENT,846.37,C72881149,8219.8,7373.429999999999,M75964095,75746.69,76593.06,0,26.1,1,1,0,0
142,CASH_OUT,61.25,C78939675,68378.21,68316.96,C51516525,3696.83,3758.08,0,38.8,1,3,0,0
397,CASH_OUT,751.7,C76164115,9277.92,8526.22,C13043329,25940.72,26692.420000000002,0,45.0,2,6,0,0
18,PAYMENT,734.68,C72129348,26190.47,25455.79,M39448674,13177.97,13912.65,0,26.7,1,1,0,0
580,CASH_OUT,2362.34,C75998391,39373.06,37010.72,C85889584,26864.29,29226.63,0,8.1,1,2,0,0
114,CASH_IN,1244.63,C59653383,15353.15,14108.52,C90354197,5415.32,6659.95,0,20.7,1,4,0,0
534,DEBIT,9940.7,C52116829,89308.97,79368.27,C28544392,4689.95,14630.650000000001,0,32.8,1,6,0,0
532,CASH_OUT,5724.74,C13196448,25940.14,20215.4,C30565106,4666.4,10391.14,0,38.4,1,2,0,0
461,PAYMENT,8192.63,C44558877,23638.97,15446.340000000002,M50208553,3850.44,12043.07,0,18.4,1,5,0,0
610,PAYMENT,142.58,C99488895,9811.52,9668.94,M45370238,26745.04,26887.620000000003,0,3.8,1,1,0,0
617,CASH_IN,1426.09,C77811818,12410.11,10984.02,C30907327,5088.8,6514.89,0,11.8,2,3,0,0
286,PAYMENT,5587.04,C26469435,17214.71,11627.669999999998,M18927805,73127.98,78715.01999999999,0,19.4,1,4,0,0
5,CASH_OUT,2114.65,C70208439,21487.56,19372.91,C98824012,13521.56,15636.21,0,76.0,1,2,0,0
129,CASH_OUT,629.18,C75083818,60415.41,59786.23,C69567906,126847.17,127476.34999999999,0,29.0,1,2,0,0
671,CASH_OUT,464.3,C22480394,280043.42,279579.12,C99881329,33501.48,33965.780000000006,0,16.5,1,2,0,0
499,CASH_IN,50564.86,C98636435,35317.53,0.0,C35689860,40132.66,90697.52,0,12.9,3,3,0,0
276,PAYMENT,4219.79,C33529926,61098.9,56879.11,M96394338,38982.86,43202.65,0,17.2,2,0,0,0
83,PAYMENT,40.79,C73194565,13966.41,13925.619999999999,M70251301,16217.29,16258.080000000002,0,22.3,1,1,0,0
118,PAYMENT,190.38,C64798044,146964.25,146773.87,M85878279,81502.07,81692.45000000001,0,40.7,3,2,0,0
29,TRANSFER,41.55,C87048764,83139.47,83097.92,C97085651,196104.75,196146.3,0,21.8,1,2,0,0
358,PAYMENT,147.72,C99877536,57771.23,57623.51,M48262801,7053.11,7200.83,0,34.8,2,0,0,0
650,PAYMENT,217.47,C29515911,18799.65,18582.18,M59681865,27099.2,27316.670000000002,0,24.6,1,2,0,0
157,CASH_OUT,16204.07,C78797756,4256.28,0.0,C25286833,27991.85,44195.92,0,13.1,2,2,0,0
31,CASH_IN,4723.45,C57863701,172453.07,167729.62,C82422635,61004.73,65728.18000000001,0,33.0,3,2,0,0
286,PAYMENT,391.31,C92556530,64586.22,64194.91,M92712283,22516.03,22907.34,0,20.4,1,2,0,0
665,TRANSFER,434.13,C88906709,7342.27,6908.14,C82114584,45245.15,45679.28,0,34.7,1,2,0,0
336,CASH_IN,607.61,C64695471,40130.52,39522.909999999996,C90692728,17767.96,18375.57,0,41.9,1,3,0,0
570,PAYMENT,361.24,C41868436,47209.94,46848.700000000004,M70446897,2558.72,2919.96,0,31.7,3,2,0,0
313,PAYMENT,1086.12,C52062396,29300.07,28213.95,M27136730,24626.25,25712.37,0,57.4,1,3,0,0
599,PAYMENT,403.1,C82759671,31910.5,31507.4,M28016838,56210.18,56613.28,0,13.4,1,2,0,0
123,TRANSFER,1169.19,C44213557,39481.74,38312.549999999996,C98126689,41703.69,42872.880000000005,0,19.7,1,3,0,0
703,PAYMENT,169.68,C61203386,80849.83,80680.15000000001,M52578276,29885.2,30054.88,0,13.6,3,1,0,0
371,CASH_IN,1602.56,C70904197,83483.36,81880.8,C70998842,97908.63,99511.19,0,24.5,3,1,0,0
314,TRANSFER,2690.27,C72024607,161697.23,159006.96000000002,C39853986,26295.65,28985.920000000002,0,20.5,2,4,0,0
28,TRANSFER,281.84,C78440182,9431.08,9149.24,C87954149,18007.36,18289.2,0,59.8,2,1,0,0
155,PAYMENT,502.92,C34475554,5840.6,5337.68,M58254153,20182.26,20685.179999999997,0,30.7,1,4,0,0
230,TRANSFER,1286.21,C17087421,47149.68,45863.47,C94243539,51454.62,52740.83,0,55.0,1,1,0,0
549,CASH_OUT,8591.61,C15621498,60842.05,52250.44,C28371297,15956.9,24548.510000000002,0,28.2,1,4,0,0
6,CASH_OUT,14030.4,C43160309,20771.51,6741.109999999999,C47057208,40888.81,54919.21,0,20.8,1,2,0,0
473,CASH_OUT,1504.89,C71278536,209483.34,207978.44999999998,C12253193,19496.6,21001.489999999998,0,28.3,1,4,0,0
318,TRANSFER,3012.67,C54768792,92003.77,88991.1,C59236424,34295.82,37308.49,0,17.6,1,1,0,0
225,CASH_IN,1390.14,C69079398,33975.23,32585.090000000004,C83043246,10437.31,11827.449999999999,0,27.5,1,3,0,0
33,CASH_OUT,16203.75,C25705701,64403.98,48200.23,C28077527,8864.29,25068.04,0,17.6,1,3,0,0
89,CASH_OUT,36306.64,C56085478,30170.69,0.0,C40092164,31095.3,67401.94,0,26.1,1,3,0,0
334,PAYMENT,7793.94,C41888678,11133.58,3339.6400000000003,M14731371,12487.71,20281.649999999998,0,18.8,1,4,0,0
40,PAYMENT,3960.16,C85822317,8680.09,4719.93,M82563276,4131.11,8091.2699999999995,0,19.1,1,1,0,0
681,PAYMENT,4008.94,C80217889,17123.06,13114.12,M51690993,12264.36,16273.300000000001,0,25.8,1,3,0,0
375,CASH_OUT,2296.47,C48637340,113038.5,110742.03,C52159749,20105.06,22401.530000000002,0,27.9,1,3,0,0
298,TRANSFER,459.02,C19764650,23558.88,23099.86,C68651227,15355.89,15814.91,0,29.7,1,3,0,0
393,TRANSFER,693.87,C41654075,118600.34,117906.47,C86609636,37455.85,38149.72,0,72.8,2,5,0,0
18,DEBIT,2845.7,C10485185,80000.89,77155.19,C58011509,17698.94,20544.64,0,46.6,1,1,0,0
527,DEBIT,724.59,C55556150,46686.58,45961.990000000005,C75247620,8511.1,9235.69,0,36.4,2,1,0,0
132,CASH_IN,158.16,C76842174,113856.91,113698.75,C74938160,96445.32,96603.48000000001,0,33.3,1,2,0,0
290,PAYMENT,1258.95,C22679454,10502.93,9243.98,M58429467,34546.57,35805.52,0,17.3,2,2,0,0
209,CASH_OUT,100.06,C14776363,3964.18,3864.12,C86058684,10365.85,10465.91,0,33.0,1,6,0,0
327,PAYMENT,55520.99,C36010900,69389.78,13868.79,M12757202,16110.83,71631.81999999999,0,44.1,1,4,0,0
503,PAYMENT,652.22,C84596840,117913.47,117261.25,M76456963,33735.96,34388.18,0,46.0,1,5,0,0
279,PAYMENT,1718.14,C93069123,24151.96,22433.82,M22852123,5528.1,7246.240000000001,0,11.9,1,4,0,0
382,PAYMENT,15478.78,C80699307,233.29,0.0,M38440665,19394.18,34872.96,0,51.9,2,3,0,0
309,TRANSFER,152407.83,C28982952,72692.51,0.0,C65784243,8248.62,160656.44999999998,0,37.7,1,2,0,0
277,CASH_OUT,1278.35,C28738383,22701.74,21423.390000000003,C98089877,18135.47,19413.82,0,3.1,1,1,0,0
76,PAYMENT,432.31,C46531757,44048.77,43616.46,M63545905,22888.95,23321.260000000002,0,13.5,2,3,0,0
298,CASH_OUT,5776.31,C55194928,11747.96,5971.649999999999,C86979281,31932.33,37708.64,0,30.4,1,1,0,0
378,TRANSFER,1678.62,C35430408,57178.34,55499.719999999994,C57509093,918.54,2597.16,0,34.7,1,1,0,0
433,PAYMENT,1406.91,C57509413,37953.3,36546.39,M69780404,47226.15,48633.060000000005,0,63.9,1,1,0,0
112,TRANSFER,2552.75,C23389406,1425.96,0.0,C71716259,97147.93,99700.68,0,14.9,1,1,0,0
72,PAYMENT,3991.57,C92486401,306.83,0.0,M59148424,14382.05,18373.62,0,54.4,1,3,0,0
317,TRANSFER,68837.44,C80931548,28788.95,0.0,C71697749,4385.08,73222.52,0,16.4,1,1,0,0
21,TRANSFER,162.29,C23974134,8952.48,8790.189999999999,C74967489,92929.0,93091.29,0,31.9,1,1,0,0
188,PAYMENT,58671.1,C16103186,118029.7,59358.6,M78709815,22249.26,80920.36,0,47.3,1,1,0,0
121,PAYMENT,1221.96,C66931213,5510.76,4288.8,M55569390,46576.2,47798.159999999996,0,16.5,1,2,0,0
342,TRANSFER,9079.26,C49589439,62971.78,53892.52,C68027909,38059.08,47138.340000000004,0,50.0,1,5,1,0
653,CASH_IN,2376.43,C73581846,21535.37,19158.94,C38964504,77292.89,79669.31999999999,0,22.1,2,1,0,0
304,PAYMENT,1882.15,C27404420,136646.55,134764.4,M65072687,26732.08,28614.230000000003,0,11.1,3,6,0,0
447,CASH_OUT,2567.97,C83889619,7131.83,4563.860000000001,C45396434,48435.22,51003.19,0,49.6,1,3,0,0
716,CASH_OUT,433.98,C40470263,75191.85,74757.87000000001,C89014689,1921.64,2355.62,0,34.2,1,1,0,0
721,CASH_IN,32471.9,C29767946,159984.86,127512.95999999999,C68412037,397.63,32869.53,0,25.6,1,4,0,0
496,CASH_OUT,4979.26,C91855819,157298.67,152319.41,C34812407,60177.83,65157.090000000004,0,24.2,2,2,0,0
521,TRANSFER,3609.79,C41596183,14799.39,11189.599999999999,C71613395,58723.31,62333.1,0,20.5,1,1,0,0
185,CASH_OUT,1035.92,C24043972,17582.04,16546.120000000003,C18748420,6622.77,7658.6900000000005,0,38.6,2,1,0,0
332,DEBIT,149.57,C26399020,8095.67,7946.1,C95876976,38420.36,38569.93,0,39.1,1,1,0,0
713,TRANSFER,6153.36,C58319574,23311.53,17158.17,C29469914,16290.71,22444.07,0,34.5,1,1,0,0
576,PAYMENT,6830.46,C71172566,57300.12,50469.66,M38409096,8740.85,15571.310000000001,0,36.6,1,1,0,0
350,PAYMENT,5273.17,C57073543,540.74,0.0,M13685510,111338.9,116612.06999999999,0,50.7,1,3,0,0
320,CASH_OUT,2131.62,C10642977,52535.05,50403.43,C40568600,108703.92,110835.54,0,27.5,2,4,0,0
537,CASH_OUT,1211.07,C53734373,899.38,0.0,C24883876,44975.81,46186.88,0,32.1,2,3,0,0
412,PAYMENT,16742.12,C52992177,55041.21,38299.09,M44228891,207708.5,224450.62,0,38.7,2,3,0,0
156,TRANSFER,4229.43,C80435501,91763.28,87533.85,C45749548,7788.92,12018.35,0,74.0,1,4,0,0
733,TRANSFER,3005.18,C13871169,22326.92,19321.739999999998,C90293504,70455.86,73461.04,0,19.5,1,2,0,0
651,PAYMENT,129.66,C64688572,26096.37,25966.71,M82353219,32934.12,33063.780000000006,0,30.2,1,3,0,0
533,CASH_IN,66.71,C83368193,65033.72,64967.01,C41099876,8015.11,8081.82,0,31.4,2,1,0,0
502,PAYMENT,118715.55,C56101880,82845.56,0.0,M48780461,39184.13,157899.68,0,37.9,1,1,0,0
486,PAYMENT,8022.35,C99550323,397412.04,389389.69,M53876443,193597.71,201620.06,0,16.2,1,4,0,0
154,TRANSFER,18659.8,C35611260,38892.71,20232.91,C82862218,10053.82,28713.62,0,41.0,1,2,0,0
68,CASH_OUT,98.08,C14080814,96407.7,96309.62,C62861719,25244.52,25342.600000000002,0,4.1,1,5,0,0
492,PAYMENT,10801.22,C56992956,2887.59,0.0,M55204720,4138.17,14939.39,0,24.6,1,4,0,0
41,CASH_OUT,1084.27,C88321389,5663.21,4578.9400000000005,C78583401,12221.4,13305.67,0,26.3,2,4,0,0
527,TRANSFER,2209.4,C82772092,102171.33,99961.93000000001,C20225161,14047.77,16257.17,0,9.6,1,2,0,0
169,PAYMENT,4782.12,C95032437,23775.55,18993.43,M65798604,34085.94,38868.060000000005,0,10.2,3,2,0,0
646,PAYMENT,2499.63,C98854932,12812.83,10313.2,M82244737,2762.37,5262.0,0,16.1,1,2,0,0
711,TRANSFER,2473.52,C59672362,25979.41,23505.89,C70170995,86216.36,88689.88,0,34.8,1,2,0,0
112,PAYMENT,369.83,C98618766,37287.13,36917.299999999996,M52794657,128728.64,129098.47,0,17.7,2,5,0,0
463,CASH_IN,5439.28,C71873791,19586.2,14146.920000000002,C51756616,45603.23,51042.51,0,38.3,1,2,0,0
52,CASH_OUT,363.52,C30411859,11010.77,10647.25,C18972544,44357.31,44720.829999999994,0,42.3,1,3,0,0
649,CASH_IN,409.23,C62301683,1885.37,1476.1399999999999,C44059121,14279.36,14688.59,0,56.4,1,2,0,0
255,PAYMENT,2179.18,C20491460,72962.26,70783.08,M17022242,89355.74,91534.92,0,36.3,2,3,0,0
627,CASH_IN,186.69,C75361164,117157.76,116971.06999999999,C31349571,68699.81,68886.5,0,24.1,1,0,0,0
158,TRANSFER,15003.11,C79902991,867.96,0.0,C81509047,5036.88,20039.99,0,10.9,2,1,0,0
300,PAYMENT,15154.53,C77355766,21497.97,6343.4400000000005,M91430904,50425.96,65580.49,0,23.6,1,3,0,0
427,PAYMENT,840.68,C48373413,111590.11,110749.43000000001,M22836634,5371.44,6212.12,0,35.4,3,2,0,0
307,PAYMENT,1151.05,C70174978,1044.46,0.0,M70866817,10802.31,11953.359999999999,0,8.8,1,2,0,0
99,CASH_OUT,1927.75,C70531520,65741.41,63813.66,C80689077,68763.59,70691.34,0,3.1,2,2,0,0
121,TRANSFER,52.34,C48331751,13939.21,13886.869999999999,C73941074,25879.25,25931.59,0,49.5,1,5,0,0
602,PAYMENT,127.88,C38729646,74147.64,74019.76,M13001519,24162.9,24290.780000000002,0,17.3,2,0,0,0
30,CASH_OUT,6623.38,C11753285,56856.72,50233.340000000004,C61721107,11715.75,18339.13,0,20.8,1,3,0,0
230,PAYMENT,3646.34,C84396454,141689.01,138042.67,M88867100,38474.76,42121.100000000006,0,60.0,1,2,0,0
651,TRANSFER,943.24,C11825841,18309.05,17365.809999999998,C59344509,6094.43,7037.67,0,46.2,1,8,0,0
254,TRANSFER,823.51,C13012826,8217.64,7394.129999999999,C93143428,63807.1,64630.61,0,24.9,1,1,0,0
404,CASH_OUT,6497.73,C72706048,34163.56,27665.829999999998,C57829630,30485.29,36983.020000000004,0,31.7,1,1,0,0
494,CASH_OUT,60.97,C48452364,209416.4,209355.43,C87882859,74576.64,74637.61,0,17.4,1,1,0,0
31,TRANSFER,53434.89,C12403925,2063.0,0.0,C52692463,27280.11,80715.0,0,46.7,1,2,0,0
162,TRANSFER,9504.04,C28401019,9823.61,319.5699999999997,C57989276,13888.67,23392.71,0,31.3,1,4,1,0
432,TRANSFER,880.99,C63551449,97342.63,96461.64,C73609069,481.91,1362.9,0,23.6,1,4,0,0
156,CASH_OUT,3595.31,C10744519,57965.86,54370.55,C99268939,21218.08,24813.390000000003,0,16.1,1,3,0,0
323,PAYMENT,21672.52,C17538660,27661.28,5988.759999999998,M56878578,116908.12,138580.63999999998,0,72.4,1,0,0,0
629,PAYMENT,274.41,C49020502,34027.14,33752.729999999996,M13181400,72377.81,72652.22,0,2.9,1,0,0,0
191,PAYMENT,18237.35,C21936381,14772.5,0.0,M65464063,258635.54,276872.89,0,39.2,3,6,0,0
176,TRANSFER,1761.65,C14295101,164102.8,162341.15,C77019542,6813.75,8575.4,0,22.3,2,3,0,0
517,TRANSFER,6166.35,C64563044,21005.86,14839.51,C27972053,40606.8,46773.15,0,17.2,2,2,0,0
524,CASH_OUT,8761.42,C52349373,23891.12,15129.699999999999,C46039670,5738.84,14500.26,0,44.7,1,0,0,0
571,PAYMENT,2440.01,C65479085,31656.08,29216.07,M82071468,94201.92,96641.93,0,37.3,1,3,0,0
339,TRANSFER,12937.92,C23706739,12017.57,0.0,C20315877,17103.95,30041.870000000003,0,11.2,1,4,0,0
605,CASH_OUT,842.75,C43711324,10938.1,10095.35,C30964864,89616.65,90459.4,0,15.8,1,3,0,0
319,CASH_OUT,1733.67,C27130305,45894.66,44160.990000000005,C28418904,9080.88,10814.55,0,31.2,1,1,0,0
111,TRANSFER,451.3,C27461255,74516.01,74064.70999999999,C86587209,6939.84,7391.14,0,35.2,2,2,0,0
473,TRANSFER,521.36,C27663575,69750.57,69229.21,C36437802,7885.14,8406.5,0,18.2,1,3,0,0
17,PAYMENT,2550.17,C42054931,41690.85,39140.68,M77564616,60528.15,63078.32,0,30.5,1,3,0,0
220,CASH_IN,8344.78,C54317778,50932.91,42588.130000000005,C80876753,79646.85,87991.63,0,19.7,1,3,0,0
487,PAYMENT,178.27,C16046201,41470.33,41292.060000000005,M89790896,1647.95,1826.22,0,16.1,1,3,0,0
305,CASH_IN,3665.32,C35510392,103943.08,100277.76,C60665846,6433.53,10098.85,0,35.6,1,1,0,0
517,CASH_OUT,14942.99,C21628306,24505.3,9562.31,C25854308,131.37,15074.36,0,28.1,1,3,0,0
129,TRANSFER,19433.53,C19912634,6579.21,0.0,C47711007,2498.41,21931.94,0,11.6,1,3,0,0
624,PAYMENT,1470.11,C70340754,28590.35,27120.239999999998,M84048628,3766.08,5236.19,0,20.4,2,1,0,0
24,TRANSFER,271.59,C96586370,102316.46,102044.87000000001,C54151215,13964.92,14236.51,0,13.9,2,3,0,0
541,TRANSFER,6030.76,C65625439,115521.79,109491.03,C93736353,9578.9,15609.66,0,70.4,1,3,0,0
132,PAYMENT,4020.24,C87928950,44517.47,40497.23,M19535944,43397.36,47417.6,0,10.6,2,3,0,0
556,CASH_OUT,1804.0,C24030557,3212.98,1408.98,C51299875,240047.08,241851.08,0,57.5,1,0,0,0
321,CASH_IN,1080.87,C47582461,64070.69,62989.82,C83677618,43258.64,44339.51,0,15.7,1,2,0,0
497,TRANSFER,3314.31,C43566886,52928.49,49614.18,C15245142,23.99,3338.2999999999997,0,11.5,2,2,0,0
719,CASH_OUT,3854.76,C35464428,30045.61,26190.85,C84408197,5566.96,9421.720000000001,0,19.2,1,1,0,0
382,PAYMENT,864.19,C71332887,8896.61,8032.42,M72646088,4636.09,5500.280000000001,0,52.2,1,4,0,0
216,TRANSFER,1221.3,C53068917,46629.44,45408.14,C95970388,21623.36,22844.66,0,60.9,2,4,0,0
543,PAYMENT,148.08,C77771263,32918.07,32769.99,M28407724,13036.64,13184.72,0,55.7,1,1,0,0
11,CASH_OUT,3148.47,C45476169,3116.39,0.0,C22896743,133048.74,136197.21,0,33.4,1,2,0,0
82,CASH_IN,3813.56,C33819033,25358.82,21545.26,C15607590,7427.46,11241.02,0,17.6,1,3,0,0
156,CASH_OUT,197.75,C57929167,139595.38,139397.63,C74930520,43836.11,44033.86,0,39.5,1,2,0,0
166,PAYMENT,1493.39,C30504204,26507.05,25013.66,M89032722,7128.58,8621.97,0,20.5,1,3,0,0
208,TRANSFER,704.39,C47168180,28054.56,27350.170000000002,C88388945,31269.39,31973.78,0,61.4,1,2,0,0
24,TRANSFER,14100.2,C15654435,40758.46,26658.26,C72714132,1008.66,15108.86,0,43.9,1,4,0,0
691,TRANSFER,184.7,C51679334,17628.88,17444.18,C45292783,1982.14,2166.84,0,3.7,1,2,0,0
332,CASH_OUT,13568.06,C78403219,3819.01,0.0,C23708620,1287.45,14855.51,0,36.3,2,2,0,0
562,CASH_OUT,17842.96,C48223101,45972.92,28129.96,C94540531,6796.47,24639.43,0,44.3,1,3,0,0
519,CASH_OUT,22.87,C29736211,34166.94,34144.07,C60757700,163.47,186.34,0,18.6,2,4,0,0
511,TRANSFER,5743.45,C84367167,57480.86,51737.41,C27600119,27117.13,32860.58,0,7.6,1,1,0,0
612,PAYMENT,4500.7,C16760556,32352.55,27851.85,M78216785,19631.19,24131.89,0,32.7,1,3,0,0
593,PAYMENT,116.63,C31021691,14206.74,14090.11,M74671064,2577.57,2694.2000000000003,0,34.8,1,2,0,0
241,TRANSFER,1012.69,C55251833,24255.8,23243.11,C73645622,3255.48,4268.17,0,36.2,2,4,0,0
181,TRANSFER,826.1,C93204084,679.71,0.0,C56024700,59592.7,60418.799999999996,0,46.2,1,2,0,0
293,CASH_OUT,329.14,C32914987,8429.98,8100.839999999999,C23626093,995.48,1324.62,0,26.8,1,3,0,0
83,CASH_OUT,574.48,C77011149,77091.07,76516.59000000001,C92238219,101050.27,101624.75,0,39.5,1,2,0,0
566,PAYMENT,8357.17,C96510426,134171.89,125814.72000000002,M73753412,18534.36,26891.53,0,22.7,2,2,0,0
90,TRANSFER,2104.4,C22005416,22716.08,20611.68,C62881035,6203.42,8307.82,0,20.0,1,2,0,0
439,PAYMENT,621.09,C51926452,131177.09,130556.0,M94486832,78897.85,79518.94,0,17.6,2,2,0,0
715,PAYMENT,228.94,C21996311,50457.43,50228.49,M94625436,17505.74,17734.68,0,21.3,1,3,0,0
543,CASH_OUT,8211.81,C20463562,16457.48,8245.67,C44207280,33858.25,42070.06,0,31.6,1,3,0,0
193,PAYMENT,38112.92,C20644043,45783.81,7670.889999999999,M36463120,27203.61,65316.53,0,19.7,1,1,0,0
488,TRANSFER,1219.43,C53968820,82543.06,81323.63,C24954402,36445.59,37665.02,0,26.6,1,1,0,0
612,PAYMENT,1533.36,C86049108,77053.2,75519.84,M64568766,7876.14,9409.5,0,9.8,1,6,0,0
349,DEBIT,179115.56,C85669028,108185.45,0.0,C57249027,20174.91,199290.47,0,47.1,1,3,0,0
89,TRANSFER,8183.38,C93852290,77366.37,69182.98999999999,C17481890,14003.73,22187.11,0,34.1,1,2,0,0
123,PAYMENT,13161.09,C98349656,59461.14,46300.05,M74465913,59935.84,73096.93,0,35.0,1,3,0,0
374,TRANSFER,643.69,C50095150,24201.18,23557.49,C35783781,61121.72,61765.41,0,46.1,1,2,0,0
47,CASH_OUT,394.18,C45642347,9906.52,9512.34,C81245364,206247.1,206641.28,0,13.7,1,2,0,0
433,CASH_IN,18327.35,C93240236,5976.14,0.0,C48021447,256937.45,275264.8,0,26.0,1,2,0,0
146,PAYMENT,4116.98,C15506390,83744.39,79627.41,M44591875,4071.49,8188.469999999999,0,35.6,2,4,0,0
3,DEBIT,2553.35,C31231303,72778.33,70224.98,C12223536,24955.47,27508.82,0,10.6,1,2,0,0
530,CASH_IN,3837.12,C29868036,112422.39,108585.27,C72323399,55170.9,59008.020000000004,0,25.9,2,4,0,0
314,CASH_IN,40323.61,C29437795,3663.5,0.0,C88238486,44468.57,84792.18,0,16.1,1,3,0,0
327,CASH_OUT,482.02,C96387557,50434.53,49952.51,C37702504,26558.47,27040.49,0,38.3,1,1,0,0
81,CASH_OUT,2404.89,C10293234,63731.93,61327.04,C32869801,4187.02,6591.91,0,9.9,1,4,0,0
153,TRANSFER,529.56,C67464932,26598.64,26069.079999999998,C98084212,25302.04,25831.600000000002,0,11.6,1,1,0,0
402,CASH_OUT,2982.41,C23604945,37902.72,34920.31,C64883521,125227.47,128209.88,0,12.4,1,2,0,0
488,TRANSFER,7647.99,C54154248,34314.18,26666.190000000002,C40617037,23054.62,30702.61,0,16.0,2,3,0,0
67,CASH_OUT,3190.68,C53081503,28541.44,25350.76,C13152099,1154.49,4345.17,0,7.1,1,3,0,0
89,TRANSFER,40928.57,C96381478,17167.95,0.0,C63394069,20506.9,61435.47,0,24.0,2,2,0,0
135,CASH_OUT,715.47,C67958735,225530.29,224814.82,C78589038,25236.15,25951.620000000003,0,35.6,1,1,0,0
202,CASH_OUT,4838.16,C70982849,107437.82,102599.66,C62954272,53752.96,58591.119999999995,0,19.0,1,6,0,0
428,PAYMENT,18031.78,C14435590,77223.29,59191.509999999995,M99052518,10352.1,28383.879999999997,0,14.5,1,2,0,0
179,CASH_OUT,915.45,C98578483,92215.85,91300.40000000001,C28157235,34858.94,35774.39,0,17.5,1,3,0,0
339,TRANSFER,779.65,C82453251,90805.22,90025.57,C51020812,7619.82,8399.47,0,65.9,1,1,0,0
79,CASH_OUT,1373.53,C23147900,3886.15,2512.62,C37266688,38285.01,39658.54,0,34.7,3,0,0,0
597,TRANSFER,133.8,C56450995,42754.82,42621.02,C92996348,29523.25,29657.05,0,19.5,1,0,0,0
533,TRANSFER,13970.49,C52986332,31810.43,17839.940000000002,C57396818,78492.21,92462.70000000001,0,16.1,1,2,0,0
378,CASH_IN,2415.91,C58463525,11078.49,8662.58,C70354465,24815.63,27231.54,0,10.6,1,3,0,0
165,PAYMENT,86.53,C99752176,15137.21,15050.679999999998,M72965143,13448.41,13534.94,0,12.1,3,2,0,0
540,CASH_OUT,839.23,C96201262,7616.85,6777.620000000001,C10148964,30288.09,31127.32,0,67.2,1,3,0,0
697,TRANSFER,19165.97,C84234750,32055.46,12889.489999999998,C69439172,32791.6,51957.57,0,58.4,1,3,0,0
155,TRANSFER,1001.33,C35041382,14807.78,13806.45,C84307718,3870.57,4871.900000000001,0,5.3,1,1,0,0
123,PAYMENT,30459.47,C66615919,11946.73,0.0,M18413245,33783.75,64243.22,0,7.9,2,3,0,0
599,TRANSFER,1106.29,C87688126,39782.61,38676.32,C82343547,47395.27,48501.56,0,47.0,1,6,0,0
202,PAYMENT,133.37,C89094144,11954.03,11820.66,M75360411,86352.11,86485.48,0,31.5,1,5,0,0
40,PAYMENT,39.86,C55768890,44532.99,44493.13,M78035072,9610.35,9650.210000000001,0,44.5,1,2,0,0
169,PAYMENT,79079.36,C80945689,8452.85,0.0,M36997132,24373.85,103453.20999999999,0,57.7,2,0,0,0
70,PAYMENT,412.42,C20260799,61144.7,60732.28,M76467122,2406.61,2819.03,0,21.5,1,1,0,0
330,CASH_IN,626.91,C92656626,18062.91,17436.0,C89585990,7171.06,7797.97,0,23.2,2,3,0,0
440,CASH_IN,1474.87,C93402267,72068.56,70593.69,C43256955,103732.03,105206.9,0,16.8,1,2,0,0
399,TRANSFER,2834.21,C14038748,79609.25,76775.04,C79597361,111505.13,114339.34000000001,0,18.3,1,4,0,0
493,CASH_OUT,303.46,C56567139,212701.64,212398.18000000002,C84103533,1688.07,1991.53,0,35.4,1,1,0,0
354,PAYMENT,18048.78,C26079810,833.75,0.0,M50955836,30572.0,48620.78,0,6.1,1,0,0,0
328,CASH_OUT,3144.82,C74651366,83009.91,79865.09,C53598391,5918.13,9062.95,0,45.1,1,5,0,0
498,CASH_OUT,16458.91,C81874092,32878.36,16419.45,C13240761,48769.93,65228.84,0,29.2,1,4,0,0
419,CASH_IN,50.87,C91144939,6546.99,6496.12,C92161740,39053.85,39104.72,0,54.9,1,4,0,0
503,TRANSFER,4351.36,C58494721,70879.19,66527.83,C18215272,29073.22,33424.58,0,10.9,1,4,0,0
539,CASH_OUT,3732.55,C36017928,3403.72,0.0,C44231912,29335.31,33067.86,0,42.5,1,5,0,0
345,PAYMENT,1715.9,C93295684,101126.86,99410.96,M84616244,38281.66,39997.560000000005,0,8.3,2,1,0,0
643,CASH_IN,704.49,C69315265,50034.97,49330.48,C44285811,23217.28,23921.77,0,29.8,1,2,0,0
377,PAYMENT,124.07,C13882519,10454.81,10330.74,M77521683,52657.46,52781.53,0,37.4,1,3,0,0
295,CASH_OUT,154.09,C16237656,57110.47,56956.380000000005,C60631791,49823.68,49977.77,0,47.7,1,3,0,0
288,CASH_OUT,18736.05,C17082820,9154.02,0.0,C43146855,16488.92,35224.97,0,35.6,1,2,0,0
254,CASH_OUT,3553.43,C30098653,41668.22,38114.79,C99811252,50968.36,54521.79,0,19.9,1,3,0,0
434,PAYMENT,1260.91,C15990349,249.57,0.0,M11774870,16797.82,18058.73,0,17.8,3,4,0,0
501,CASH_IN,1133.4,C55912565,138419.65,137286.25,C31052014,35486.0,36619.4,0,18.4,1,4,0,0
85,PAYMENT,11364.55,C44476560,3305.92,0.0,M82696402,9506.68,20871.23,0,19.5,1,3,0,0
521,CASH_OUT,10537.53,C21197689,69278.3,58740.770000000004,C25076536,15175.44,25712.97,0,63.9,1,3,0,0
562,PAYMENT,416.2,C55689033,61041.33,60625.130000000005,M46321811,9856.76,10272.960000000001,0,6.1,1,2,0,0
513,PAYMENT,134.99,C57888594,52715.24,52580.25,M35822070,180372.36,180507.34999999998,0,16.1,1,4,0,0
516,TRANSFER,3521.7,C30443956,1994.75,0.0,C35243767,37826.44,41348.14,0,43.5,2,3,0,0
516,TRANSFER,16642.83,C27376203,53284.7,36641.869999999995,C84342191,44885.78,61528.61,0,10.1,1,2,0,0
497,PAYMENT,6261.8,C62409444,47442.7,41180.899999999994,M23879940,40604.02,46865.82,0,51.0,1,6,0,0
602,PAYMENT,35885.12,C63903477,50069.76,14184.64,M35865574,1159.19,37044.310000000005,0,27.1,1,1,0,0
162,TRANSFER,1328.74,C47930729,38640.7,37311.96,C35962352,50704.67,52033.409999999996,0,51.3,1,5,0,0
667,CASH_OUT,3019.73,C32260599,20057.52,17037.79,C67476774,60380.5,63400.23,0,13.8,1,3,0,0
527,DEBIT,1633.54,C11520842,13338.95,11705.41,C97181471,16656.06,18289.600000000002,0,53.5,1,4,0,0
365,PAYMENT,7131.08,C43250441,30469.43,23338.35,M94904261,35329.67,42460.75,0,17.4,1,3,0,0
544,TRANSFER,500.2,C60531528,24299.58,23799.38,C80558106,1119.28,1619.48,0,43.7,1,1,0,0
425,PAYMENT,2565.13,C19977626,58192.59,55627.46,M95749877,9549.43,12114.560000000001,0,34.6,1,2,0,0
575,PAYMENT,35070.76,C74839305,15781.42,0.0,M60195073,8535.51,43606.270000000004,0,62.3,1,3,0,0
364,CASH_OUT,486.73,C50679967,78439.05,77952.32,C84950520,11841.8,12328.529999999999,0,13.6,1,2,0,0
108,CASH_OUT,48.38,C37533828,195269.4,195221.02,C24664659,19245.85,19294.23,0,18.2,1,4,0,0
14,PAYMENT,4653.52,C77827419,59957.68,55304.16,M25252018,9855.46,14508.98,0,18.1,1,2,0,0
23,PAYMENT,102077.04,C72231259,35904.9,0.0,M66134112,10384.87,112461.90999999999,0,39.8,2,1,0,0
623,PAYMENT,531.58,C96755593,9396.86,8865.28,M10938759,125188.73,125720.31,0,25.2,1,4,0,0
321,CASH_OUT,17999.18,C35037882,201237.59,183238.41,C37410616,11675.91,29675.09,0,16.8,1,0,0,0
510,CASH_IN,1854.17,C35910014,15921.22,14067.05,C18015927,33467.97,35322.14,0,26.5,1,3,0,0
672,PAYMENT,308.49,C75958151,42010.08,41701.590000000004,M78997909,41113.31,41421.799999999996,0,60.3,2,3,0,0
41,PAYMENT,6244.92,C27661838,29214.88,22969.96,M70061818,14864.62,21109.54,0,32.0,1,3,0,0
304,DEBIT,139.63,C56849094,11114.65,10975.02,C22704461,2835.73,2975.36,0,26.8,1,3,0,0
656,CASH_IN,27953.58,C67194736,75892.54,47938.95999999999,C95560170,25669.73,53623.31,0,18.8,1,4,0,0
415,TRANSFER,2207.56,C16769482,6269.85,4062.2900000000004,C34501041,180869.13,183076.69,0,36.1,1,3,0,0
450,PAYMENT,83.8,C47054239,28090.66,28006.86,M94028011,13445.77,13529.57,0,27.9,1,0,0,0
394,PAYMENT,50875.64,C61762524,11872.85,0.0,M51550835,178.62,51054.26,0,67.9,2,7,0,0
665,TRANSFER,8461.78,C59085610,39879.01,31417.230000000003,C74915492,63739.27,72201.05,0,15.2,1,1,0,0
594,TRANSFER,3193.55,C24176569,98592.92,95399.37,C56538855,11582.97,14776.52,0,22.0,1,6,0,0
365,PAYMENT,8945.1,C46181958,110726.96,101781.86,M99885117,76039.53,84984.63,0,48.8,1,2,0,0
738,TRANSFER,21.65,C85292364,37804.27,37782.619999999995,C57215346,11800.67,11822.32,0,23.9,1,4,0,0
429,PAYMENT,587.52,C28551334,13828.88,13241.359999999999,M30201244,82076.93,82664.45,0,23.3,1,3,0,0
152,CASH_OUT,165435.12,C92018687,24182.16,0.0,C38027712,98101.23,263536.35,0,21.4,1,4,0,0
259,PAYMENT,2283.22,C92407101,58359.9,56076.68,M50334796,34771.16,37054.380000000005,0,12.3,1,2,0,0
591,PAYMENT,570.81,C32981038,16971.46,16400.649999999998,M76309254,71801.05,72371.86,0,21.3,1,1,0,0
707,TRANSFER,2450.51,C45868269,8329.73,5879.219999999999,C71524339,80684.14,83134.65,0,56.0,1,3,0,0
223,TRANSFER,250.32,C74538866,16305.71,16055.39,C46783184,17202.72,17453.04,0,26.7,1,3,0,0
266,CASH_IN,30935.74,C26961954,6477.63,0.0,C72393173,42975.18,73910.92,0,25.1,1,2,0,0
230,TRANSFER,809.53,C20243288,16193.48,15383.949999999999,C38494474,37114.95,37924.479999999996,0,16.5,2,4,0,0
439,PAYMENT,105.47,C55656241,2224.25,2118.78,M51087976,22380.37,22485.84,0,40.3,1,1,0,0
150,CASH_OUT,2456.13,C38814632,3220.63,764.5,C16889276,56551.01,59007.14,0,16.5,1,3,0,0
457,PAYMENT,10887.68,C79170252,97751.32,86863.64000000001,M76175107,25519.01,36406.69,0,22.2,1,3,0,0
136,CASH_IN,6318.92,C79223592,9815.98,3497.0599999999995,C15610941,12437.55,18756.47,0,41.3,2,2,0,0
635,TRANSFER,145.89,C32802431,92827.52,92681.63,C16475326,12992.97,13138.859999999999,0,24.7,2,2,0,0
399,TRANSFER,327.65,C87095688,274556.2,274228.55,C81973671,23.66,351.31,0,46.9,1,3,0,0
622,PAYMENT,39.25,C37118118,24754.06,24714.81,M58094173,3134.42,3173.67,0,51.8,1,0,0,0
143,TRANSFER,6532.85,C31875805,29690.9,23158.050000000003,C85631640,6089.82,12622.67,0,39.8,1,1,0,0
70,CASH_OUT,4214.07,C56813939,16841.62,12627.55,C25171369,49350.13,53564.2,0,15.3,3,2,0,0
54,CASH_OUT,5007.48,C33262870,6345.92,1338.4400000000005,C52085842,4974.36,9981.84,0,27.6,1,2,0,0
403,PAYMENT,826.22,C24258712,50652.49,49826.27,M40300208,9924.35,10750.57,0,49.8,1,4,0,0
552,PAYMENT,58.89,C66810181,94204.23,94145.34,M20977308,25836.17,25895.059999999998,0,62.1,1,0,0,0
709,CASH_OUT,428.96,C32940198,55340.6,54911.64,C60788540,16328.45,16757.41,0,34.0,1,3,0,0
27,CASH_IN,13312.8,C16840992,5789.75,0.0,C85888905,60885.64,74198.44,0,44.9,1,3,0,0
299,PAYMENT,3529.01,C11757931,46657.42,43128.409999999996,M68170208,4279.4,7808.41,0,17.0,1,2,0,0
692,TRANSFER,80.5,C43041698,50982.87,50902.37,C86872688,160133.63,160214.13,0,9.4,1,1,0,0
558,PAYMENT,1105.36,C24406800,58518.73,57413.37,M74253397,69746.52,70851.88,0,7.2,2,2,0,0
654,DEBIT,5008.1,C87335079,3600.32,0.0,C71076537,27549.23,32557.33,0,27.8,1,2,0,0
320,PAYMENT,1508.34,C86220021,59884.55,58376.21000000001,M22963112,5426.85,6935.1900000000005,0,44.7,1,3,0,0
445,PAYMENT,140.65,C21746189,46398.72,46258.07,M23812277,4053.5,4194.15,0,41.8,1,4,0,0
98,CASH_OUT,753.63,C99005349,101292.37,100538.73999999999,C31579759,6921.16,7674.79,0,37.2,1,4,0,0
126,PAYMENT,484.87,C59411822,9025.09,8540.22,M92718188,7932.54,8417.41,0,15.5,1,4,0,1
58,TRANSFER,1920.54,C50088544,3207.51,1286.9700000000003,C27904238,56147.41,58067.950000000004,0,71.1,1,1,0,0
177,TRANSFER,2998.88,C98340361,83799.96,80801.08,C24079097,143660.46,146659.34,0,37.1,1,1,0,0
719,PAYMENT,555.37,C39099593,5431.78,4876.41,M24956479,56379.43,56934.8,0,9.4,1,2,0,0
285,TRANSFER,5783.92,C73922007,23912.91,18128.989999999998,C39345627,58480.95,64264.869999999995,0,27.7,1,1,0,0
666,TRANSFER,34266.14,C70076645,101597.14,67331.0,C89953198,117375.12,151641.26,0,18.6,2,6,0,0
27,PAYMENT,492528.58,C23560516,16305.42,0.0,M54294862,4126.09,496654.67000000004,1,13.4,1,1,0,0
451,TRANSFER,338.0,C93510394,29142.13,28804.13,C36191841,4183.44,4521.44,0,10.5,1,3,0,0
323,CASH_OUT,2069.27,C77297063,47620.83,45551.560000000005,C97491527,90502.66,92571.93000000001,0,42.5,3,2,0,0
675,CASH_OUT,69.09,C92275389,50964.11,50895.020000000004,C54494460,32061.05,32130.14,0,30.2,1,3,0,0
250,PAYMENT,765.95,C38119802,45081.54,44315.590000000004,M42222006,11406.73,12172.68,0,34.1,3,5,0,0
700,PAYMENT,18065.71,C26733636,3128.27,0.0,M97561702,8929.01,26994.72,0,67.3,1,3,0,0
370,PAYMENT,30.44,C22367317,75346.89,75316.45,M29957288,37355.25,37385.69,0,53.6,1,2,0,0
90,TRANSFER,853.24,C17770330,79226.58,78373.34,C40443148,40507.77,41361.009999999995,0,2.8,3,0,0,0
131,TRANSFER,1696.16,C60778529,5508.18,3812.0200000000004,C22120531,56866.03,58562.19,0,51.9,2,1,0,0
525,CASH_OUT,108.55,C39695906,67287.24,67178.69,C99894778,41555.84,41664.39,0,6.8,1,0,0,0
29,PAYMENT,3560.02,C42157057,35048.56,31488.539999999997,M47051185,51032.44,54592.46,0,58.6,2,3,0,0
544,PAYMENT,2856.87,C85150079,633.77,0.0,M52878119,50076.67,52933.54,0,26.9,2,2,0,0
662,TRANSFER,600.91,C12922134,59238.69,58637.78,C85659321,2117.96,2718.87,0,6.3,2,0,0,0
86,CASH_OUT,5812.77,C89489242,30884.41,25071.64,C76187936,49704.08,55516.850000000006,0,47.8,3,1,0,0
58,PAYMENT,405.6,C91593745,6771.69,6366.089999999999,M67435948,6949.7,7355.3,0,60.5,1,6,0,0
57,CASH_OUT,4107.04,C74206881,9669.81,5562.7699999999995,C61103188,27784.81,31891.850000000002,0,35.5,2,2,0,0
394,PAYMENT,1821.26,C20703469,70893.54,69072.28,M99811338,11619.82,13441.08,0,24.7,1,2,0,0
25,DEBIT,2758.2,C56272997,145281.19,142522.99,C73730634,45650.67,48408.869999999995,0,30.8,1,1,0,0
190,DEBIT,1163.91,C88342524,8955.59,7791.68,C81465800,14350.84,15514.75,0,17.3,1,2,0,0
76,PAYMENT,159.75,C46252466,25739.08,25579.33,M42891727,97421.03,97580.78,0,37.7,1,5,0,0
371,PAYMENT,146.01,C89078299,19259.72,19113.710000000003,M92789244,1962.67,2108.6800000000003,0,22.8,1,2,0,0
737,TRANSFER,452.2,C23883470,44188.43,43736.23,C96183579,25565.12,26017.32,0,22.6,1,5,0,0
506,PAYMENT,677.4,C45096574,10861.48,10184.08,M49268350,22308.53,22985.93,0,32.4,1,3,0,0
183,CASH_OUT,2950.78,C89183576,43259.07,40308.29,C51830004,8492.87,11443.650000000001,0,22.8,1,4,0,0
154,CASH_OUT,1706.01,C77301970,88949.01,87243.0,C51103471,2900.78,4606.79,0,53.4,1,3,0,0
269,CASH_OUT,793.25,C50430560,51238.05,50444.8,C69634549,10231.78,11025.03,0,16.8,1,3,0,0
278,CASH_OUT,49.37,C89602048,10800.68,10751.31,C57771093,5553.49,5602.86,0,19.9,1,2,0,0
340,TRANSFER,517.01,C94330522,69113.78,68596.77,C15316155,8233.32,8750.33,0,17.6,1,0,0,0
23,PAYMENT,224.35,C93638330,30827.61,30603.260000000002,M79800706,78313.33,78537.68000000001,0,18.5,1,2,0,0
432,CASH_OUT,41839.6,C37871689,5991.44,0.0,C70847837,51578.99,93418.59,0,9.3,2,1,0,0
526,TRANSFER,2063.57,C43915686,19810.33,17746.760000000002,C16595148,6115.42,8178.99,0,20.5,1,1,0,0
606,CASH_OUT,30274.44,C95595957,13817.77,0.0,C82855058,92684.11,122958.55,0,45.1,1,4,0,0
343,PAYMENT,2076.84,C78233929,92716.1,90639.26000000001,M42035936,87302.15,89378.98999999999,0,24.5,2,3,0,0
52,PAYMENT,51901.83,C57864671,12870.09,0.0,M69872098,11607.3,63509.130000000005,0,55.9,1,2,0,0
339,CASH_IN,3190.21,C31831636,35862.32,32672.11,C43250363,1963.04,5153.25,0,11.8,1,2,0,0
41,PAYMENT,3417.07,C49697223,52822.1,49405.03,M53706327,47292.23,50709.3,0,37.2,1,1,0,0
676,CASH_IN,60165.32,C18906312,2898.27,0.0,C79666733,34961.52,95126.84,0,9.0,2,3,0,0
518,CASH_IN,502.56,C69354737,7595.53,7092.969999999999,C21742869,18808.12,19310.68,0,36.6,1,2,0,0
407,CASH_OUT,546.19,C97292707,77347.51,76801.31999999999,C23335693,1969.5,2515.69,0,2.8,1,2,0,0
138,CASH_OUT,2263.64,C60126084,21071.44,18807.8,C67683844,5571.04,7834.68,0,57.2,1,2,0,0
99,TRANSFER,345162.35,C36419117,60535.96,0.0,C86729429,36768.68,381931.02999999997,1,10.7,1,3,0,1
341,DEBIT,916.73,C60708086,71203.52,70286.79000000001,C34010480,44530.32,45447.05,0,7.0,1,2,0,0
736,PAYMENT,3152.2,C24729685,51456.47,48304.270000000004,M27228584,9248.01,12400.21,0,29.1,1,3,0,0
316,TRANSFER,9196.46,C79914701,43579.68,34383.22,C66438264,23740.22,32936.68,0,64.2,1,1,1,0
542,CASH_OUT,32149.12,C78573599,34160.87,2011.7500000000036,C74228455,83125.89,115275.01,0,27.8,1,2,0,0
225,TRANSFER,9089.25,C41288395,24957.76,15868.509999999998,C82720611,10993.45,20082.7,0,5.5,2,3,1,0
261,TRANSFER,26374.14,C42217981,8094.65,0.0,C78399286,83321.04,109695.18,0,7.7,1,2,0,0
247,PAYMENT,7146.52,C31801156,180353.3,173206.78,M96305778,13616.24,20762.760000000002,0,13.3,1,2,0,0
79,TRANSFER,2212.03,C89711603,51349.67,49137.64,C70167598,78170.8,80382.83,0,17.4,2,2,0,0
697,DEBIT,259.77,C26730587,10799.53,10539.76,C68269322,34503.59,34763.35999999999,0,0.9,1,3,0,0
692,PAYMENT,712.47,C26292251,90542.63,89830.16,M11134531,56025.91,56738.380000000005,0,53.2,1,2,0,0
473,CASH_IN,939.97,C68831225,86421.91,85481.94,C17535559,16648.47,17588.440000000002,0,18.3,1,5,0,0
77,CASH_OUT,3046.78,C19406705,69914.42,66867.64,C49740618,5990.14,9036.92,0,17.8,2,2,0,0
262,CASH_OUT,4677.67,C85964641,6147.21,1469.54,C19607644,6440.87,11118.54,0,23.1,1,2,0,1
741,TRANSFER,56785.92,C85399989,903.41,0.0,C31207385,7195.22,63981.14,0,38.0,2,2,0,0
2,CASH_OUT,43.18,C95870247,61588.58,61545.4,C97232158,8987.75,9030.93,0,14.0,1,1,0,0
17,PAYMENT,1652.7,C26259279,11439.43,9786.73,M42124824,85683.76,87336.45999999999,0,33.5,1,4,0,0
344,CASH_OUT,56256.96,C12784980,91861.26,35604.299999999996,C35304737,26895.47,83152.43,0,10.5,2,1,0,0
12,PAYMENT,151.15,C91288794,55848.02,55696.869999999995,M48947914,9975.87,10127.02,0,22.8,1,2,0,0
694,DEBIT,508.55,C63963149,23452.72,22944.170000000002,C31769242,39514.55,40023.100000000006,0,23.3,1,4,0,0
7,CASH_IN,4185.73,C80933355,33423.67,29237.94,C50686912,3487.72,7673.449999999999,0,31.6,2,1,0,0
246,PAYMENT,8654.38,C82285313,34931.95,26277.57,M49390793,8127.22,16781.6,0,29.3,1,1,0,0
157,PAYMENT,149.84,C52044422,23815.04,23665.2,M76288140,32268.62,32418.46,0,45.2,1,2,0,0
174,CASH_OUT,29290.12,C69391125,9884.27,0.0,C98622245,26513.34,55803.46,0,17.4,1,3,0,0
487,PAYMENT,5115.03,C80097397,258756.62,253641.59,M40746741,10065.57,15180.599999999999,0,9.5,3,5,0,0
693,DEBIT,146.89,C72392711,69158.66,69011.77,C45582697,1930.52,2077.41,0,48.4,1,1,0,0
281,PAYMENT,14424.49,C54121570,8504.76,0.0,M18564289,36839.32,51263.81,0,10.3,1,1,0,0
309,PAYMENT,11416.43,C97294818,1759.01,0.0,M41745984,86706.4,98122.82999999999,0,52.3,1,1,0,0
237,CASH_IN,1801.44,C80911203,21104.94,19303.5,C53411961,58580.7,60382.14,0,26.6,3,3,0,0
157,CASH_OUT,791.81,C80572158,40422.09,39630.28,C82992641,8990.7,9782.51,0,4.4,1,3,0,0
251,CASH_OUT,220.77,C44931493,138982.62,138761.85,C70905035,47820.1,48040.869999999995,0,28.3,1,2,0,0
221,PAYMENT,865.25,C52808905,7101.14,6235.89,M11386343,10530.96,11396.21,0,9.8,1,0,0,0
338,CASH_OUT,11550.47,C69507638,29011.08,17460.61,C81215987,57873.9,69424.37,0,9.2,1,4,0,0
223,TRANSFER,82.12,C89455921,9838.57,9756.449999999999,C86670758,56349.34,56431.46,0,9.4,2,4,0,0
211,CASH_OUT,402.94,C98537891,3614.18,3211.24,C33436064,9990.44,10393.380000000001,0,54.1,2,2,0,0
337,CASH_OUT,3048.55,C68940445,45981.79,42933.24,C22859924,798.59,3847.1400000000003,0,43.1,1,4,0,0
134,TRANSFER,6488.72,C32870734,5479.66,0.0,C99200644,29596.4,36085.12,0,37.1,1,5,0,0
495,TRANSFER,6040.78,C47511567,63682.18,57641.4,C96299727,39891.77,45932.549999999996,0,12.6,1,6,0,0
547,PAYMENT,442.64,C34612950,40317.21,39874.57,M14830861,12782.94,13225.58,0,44.8,2,2,0,0
183,CASH_OUT,1501.34,C56329111,13232.21,11730.869999999999,C82545419,21663.96,23165.3,0,21.7,1,3,0,0
161,PAYMENT,789.89,C80678466,79113.69,78323.8,M91789986,24562.21,25352.1,0,72.1,1,4,0,0
605,CASH_OUT,2930.2,C67682228,60134.03,57203.83,C69837506,52128.75,55058.95,0,10.0,1,3,0,0
387,PAYMENT,5128.04,C76055863,49213.32,44085.28,M57674852,8669.2,13797.240000000002,0,28.6,1,3,0,0
197,CASH_OUT,1323.89,C87341103,12030.65,10706.76,C91220989,3871.35,5195.24,0,2.7,2,4,0,0
718,CASH_OUT,2226.06,C21425150,61298.04,59071.98,C62072122,12580.66,14806.72,0,38.7,1,3,0,0
484,PAYMENT,1807.93,C44385869,38894.5,37086.57,M33133968,27556.49,29364.420000000002,0,25.8,2,2,0,0
502,PAYMENT,106.55,C51176340,38210.37,38103.82,M93591735,5980.21,6086.76,0,21.2,3,2,0,0
489,PAYMENT,18562.9,C89154728,6364.68,0.0,M27887323,10390.38,28953.28,0,13.8,1,2,0,0
352,CASH_OUT,11662.74,C69753239,7259.08,0.0,C22312780,27385.71,39048.45,0,46.5,2,3,0,0
530,CASH_OUT,70.76,C62937235,1641.69,1570.93,C70495973,51127.91,51198.670000000006,0,24.6,1,4,0,0
234,PAYMENT,80198.59,C58975010,14084.13,0.0,M16112654,1084.99,81283.58,0,40.0,1,4,0,0
578,CASH_OUT,3788.39,C31506651,34002.24,30213.85,C86109994,33832.04,37620.43,0,28.1,1,3,0,0
409,PAYMENT,4835.72,C50547120,22235.41,17399.69,M73509749,19377.34,24213.06,0,15.7,1,1,0,0
276,TRANSFER,732.67,C19863300,62395.49,61662.82,C32388315,33046.5,33779.17,0,24.0,2,3,0,0
711,CASH_IN,2261.0,C30626479,26170.81,23909.81,C73531285,40923.18,43184.18,0,14.8,1,4,0,0
459,PAYMENT,4833.37,C80817710,4893.99,60.61999999999989,M89278401,1507.56,6340.93,0,54.2,1,2,0,0
453,TRANSFER,47985.99,C42424785,64479.22,16493.230000000003,C47156981,30922.79,78908.78,0,32.7,1,1,0,0
413,PAYMENT,251.82,C74044982,10176.39,9924.57,M94883447,116164.42,116416.24,0,37.9,1,2,0,0
18,PAYMENT,13663.74,C88690373,18918.62,5254.879999999999,M89719517,21971.38,35635.12,0,34.1,1,3,0,0
72,PAYMENT,847.74,C83424454,34719.27,33871.53,M58090285,97552.78,98400.52,0,37.8,3,2,0,0
667,PAYMENT,23307.47,C47358958,40390.2,17082.729999999996,M26759048,142253.39,165560.86000000002,0,52.8,1,3,0,0
378,CASH_OUT,132.4,C63797120,17475.44,17343.039999999997,C62385190,38652.1,38784.5,0,19.9,1,4,0,0
682,TRANSFER,1576.15,C49666302,30875.29,29299.14,C32096321,29125.92,30702.07,0,32.5,1,3,0,0
355,TRANSFER,43.45,C53860245,3451.63,3408.1800000000003,C90800994,59304.59,59348.03999999999,0,21.9,1,1,0,0
151,PAYMENT,552.08,C71914208,8722.36,8170.280000000001,M46322888,62287.45,62839.53,0,7.9,1,0,0,1
261,PAYMENT,765.09,C16843652,45694.65,44929.560000000005,M27692408,39084.82,39849.909999999996,0,36.1,2,1,0,0
80,CASH_OUT,3960.18,C64966362,229.47,0.0,C78754480,16.5,3976.68,0,29.2,1,1,0,0
106,CASH_IN,107.22,C76232625,10164.42,10057.2,C86079529,42315.51,42422.73,0,16.4,1,5,0,0
523,PAYMENT,35677.61,C61403191,49489.82,13812.21,M75534093,85158.15,120835.76,0,14.5,1,1,0,0
403,DEBIT,48730.6,C57391596,13214.88,0.0,C65785791,2813.56,51544.159999999996,0,41.8,1,1,0,0
720,TRANSFER,2386.79,C63132287,85167.52,82780.73000000001,C90976907,14199.61,16586.4,0,13.4,3,3,0,0
130,TRANSFER,167.62,C69103457,24922.22,24754.600000000002,C12731746,77788.57,77956.19,0,34.7,3,5,0,0
171,TRANSFER,140.28,C56611363,62617.69,62477.41,C23777912,39251.54,39391.82,0,24.6,1,3,0,0
406,PAYMENT,2153.95,C56840916,108171.74,106017.79000000001,M92018648,4848.69,7002.639999999999,0,18.9,1,0,0,0
33,PAYMENT,434.37,C63122062,29729.61,29295.24,M19817158,36322.59,36756.96,0,44.3,2,1,0,0
536,CASH_OUT,18005.08,C87129425,56199.79,38194.71,C67586988,38501.7,56506.78,0,9.3,2,4,0,0
197,PAYMENT,980.86,C62786036,92702.9,91722.04,M49545570,4643.08,5623.94,0,10.1,1,2,0,0
46,CASH_IN,4079.03,C62475221,14140.23,10061.199999999999,C22211950,7543.92,11622.95,0,59.2,1,3,0,0
274,TRANSFER,1627.89,C68152614,108237.61,106609.72,C55770940,35019.61,36647.5,0,8.7,1,3,0,0
743,PAYMENT,685.03,C12585713,98414.61,97729.58,M83663040,21305.54,21990.57,0,26.7,1,5,0,0
133,CASH_OUT,460.58,C47869676,3116.78,2656.2000000000003,C77187894,10507.19,10967.77,0,20.7,2,1,0,0
264,PAYMENT,228.45,C10181263,31843.01,31614.559999999998,M78678947,39457.55,39686.0,0,39.0,1,5,0,0
597,TRANSFER,917.43,C80163309,5891.41,4973.98,C68143146,4671.47,5588.900000000001,0,37.5,1,3,0,0
367,CASH_OUT,2044.88,C91811291,108645.66,106600.78,C15372937,4805.27,6850.150000000001,0,60.2,1,1,0,0
5,CASH_IN,2731.1,C53141277,13697.84,10966.74,C78727102,417.67,3148.77,0,9.8,1,2,0,0
269,CASH_OUT,1913.82,C91749477,23179.38,21265.56,C42195129,42455.41,44369.23,0,33.5,1,3,0,0
733,CASH_OUT,1269.06,C39977529,139009.02,137739.96,C65382302,107099.69,108368.75,0,30.1,1,2,0,0
706,CASH_OUT,61.74,C65243630,41284.9,41223.16,C82378358,831.7,893.44,0,20.8,1,3,0,0
421,CASH_IN,14671.45,C88769097,130914.21,116242.76000000001,C77617194,20551.42,35222.869999999995,0,44.9,1,2,0,0
346,PAYMENT,114.29,C29830601,30956.47,30842.18,M63562207,7710.59,7824.88,0,11.7,1,3,0,0
69,PAYMENT,4489.08,C15274478,203079.67,198590.59000000003,M81586710,41564.77,46053.85,0,36.9,1,6,0,0
358,PAYMENT,16712.87,C91489169,155344.46,138631.59,M38222114,23727.31,40440.18,0,17.3,1,4,0,0
688,PAYMENT,15598.48,C43736766,1016.19,0.0,M85580346,35642.44,51240.92,0,15.4,1,3,0,0
386,CASH_OUT,7622.28,C31721287,26057.51,18435.23,C47836637,73354.03,80976.31,0,17.8,2,2,0,0
325,CASH_OUT,2067.59,C27391803,149739.53,147671.94,C60464973,33657.35,35724.94,0,16.9,1,2,0,0
481,TRANSFER,355.74,C80522740,84169.2,83813.45999999999,C56814774,30704.29,31060.030000000002,0,39.0,1,4,0,0
179,PAYMENT,145.99,C71904327,11912.69,11766.7,M87792923,6200.53,6346.5199999999995,0,31.3,2,1,0,0
256,CASH_OUT,1929.47,C40700674,108104.56,106175.09,C98384505,24806.75,26736.22,0,20.0,1,3,0,0
419,PAYMENT,532.22,C80186741,11256.21,10723.99,M21131981,39523.97,40056.19,0,40.5,1,3,0,0
211,CASH_OUT,718.59,C41901193,137588.1,136869.51,C99910703,49030.46,49749.049999999996,0,75.9,1,1,0,0
739,TRANSFER,6278.12,C54233415,4334.9,0.0,C85004818,3420.54,9698.66,0,21.7,1,2,0,0
584,PAYMENT,1306.78,C52316600,146246.97,144940.19,M24375793,46194.83,47501.61,0,5.8,1,3,0,0
367,PAYMENT,467.58,C21652166,4295.98,3828.3999999999996,M70224399,8716.93,9184.51,0,39.8,2,2,0,0
577,PAYMENT,390812.02,C79102821,12930.15,0.0,M56052706,43276.48,434088.5,1,5.2,1,0,0,0
166,CASH_OUT,986.47,C37814390,41754.61,40768.14,C36483076,13120.65,14107.119999999999,0,58.1,1,2,0,0
214,CASH_IN,7364.56,C15451154,10414.8,3050.239999999999,C75374884,35745.44,43110.0,0,23.6,2,1,0,0
529,CASH_OUT,6305.5,C72334861,24652.85,18347.35,C22984985,6749.55,13055.05,0,53.8,1,0,0,0
173,PAYMENT,853.51,C76321841,9252.06,8398.55,M18282843,128988.83,129842.34,0,38.4,1,2,0,0
129,TRANSFER,521.83,C86550432,40797.44,40275.61,C55881883,48254.65,48776.48,0,58.0,1,3,0,0
3,CASH_OUT,95.73,C13956691,47199.49,47103.759999999995,C54570353,11753.94,11849.67,0,14.2,1,0,0,0
70,CASH_OUT,2809.1,C79139495,12452.24,9643.14,C39492150,71260.79,74069.89,0,34.1,1,4,0,0
52,PAYMENT,1927.52,C19350336,17234.77,15307.25,M12065790,125839.61,127767.13,0,42.6,1,2,0,0
437,PAYMENT,203.98,C35746393,66992.44,66788.46,M94943513,31319.58,31523.56,0,12.3,2,1,0,0
378,CASH_OUT,17734.44,C94502473,4528.63,0.0,C53548775,17166.79,34901.229999999996,0,13.7,1,3,0,0
94,TRANSFER,5566.64,C68410015,30156.46,24589.82,C50212257,8382.84,13949.48,0,41.0,1,2,0,0
559,PAYMENT,1874.65,C88250992,17129.96,15255.31,M95335875,38473.85,40348.5,0,27.8,1,1,0,0
587,PAYMENT,930.66,C34252575,26580.65,25649.99,M66216149,11483.37,12414.03,0,31.7,1,4,0,0
603,TRANSFER,1229.84,C40231059,90223.78,88993.94,C81838688,87149.1,88378.94,0,22.4,3,1,0,0
86,DEBIT,215.51,C40168611,193394.33,193178.81999999998,C96033926,12719.15,12934.66,0,45.6,1,2,0,0
518,CASH_IN,607.85,C19609693,9946.42,9338.57,C48761928,4488.6,5096.450000000001,0,12.6,1,2,0,0
742,TRANSFER,6646.96,C66664096,3153.06,0.0,C22785004,179721.54,186368.5,0,63.5,1,3,0,0
430,TRANSFER,1351.83,C46694989,10966.43,9614.6,C52222932,19646.24,20998.07,0,17.1,3,2,0,0
43,PAYMENT,85366.65,C46199445,103004.82,17638.170000000013,M24720755,42695.94,128062.59,0,11.5,1,2,0,0
710,TRANSFER,613.26,C79597147,105788.91,105175.65000000001,C45258529,12350.84,12964.1,0,11.3,1,4,0,0
370,TRANSFER,1548.95,C75719664,16895.68,15346.73,C30258092,11513.07,13062.02,0,48.1,1,4,0,0
404,CASH_OUT,4296.11,C55292846,20013.48,15717.369999999999,C59789420,22508.84,26804.95,0,20.5,2,2,0,0
303,TRANSFER,5538.52,C41144199,54530.48,48991.96000000001,C55763372,75284.78,80823.3,0,75.5,1,1,0,0
182,PAYMENT,1148.49,C51884744,20909.56,19761.07,M35693670,33163.27,34311.759999999995,0,10.6,1,2,0,0
169,PAYMENT,509.04,C73703980,117208.57,116699.53000000001,M81045671,29735.16,30244.2,0,51.5,1,4,0,0
203,PAYMENT,1062.36,C21375823,80738.05,79675.69,M36336009,19470.29,20532.65,0,65.0,1,1,0,0
706,PAYMENT,3934.74,C17542747,22143.88,18209.14,M32298787,11368.19,15302.93,0,31.2,1,4,0,0
543,PAYMENT,1124.45,C95665088,179291.59,178167.13999999998,M28350891,57272.57,58397.02,0,15.2,1,1,0,0
102,CASH_IN,144231.58,C48631012,68311.05,0.0,C40808468,628.97,144860.55,0,42.1,1,3,0,0
576,TRANSFER,1079.65,C10646667,70796.4,69716.75,C55261906,110978.43,112058.07999999999,0,61.7,1,1,0,0
346,TRANSFER,2828.44,C79628553,161380.75,158552.31,C90092180,58764.76,61593.200000000004,0,40.2,1,5,0,0
603,DEBIT,1948.6,C11091793,28164.72,26216.120000000003,C39783389,15400.83,17349.43,0,41.5,3,0,0,0
442,CASH_IN,1236.27,C45100878,2114.8,878.5300000000002,C56797049,72739.53,73975.8,0,15.8,1,2,0,0
250,TRANSFER,8765.03,C58673270,235299.39,226534.36000000002,C56231883,16610.74,25375.770000000004,0,39.0,1,2,0,0
183,CASH_OUT,292.8,C59675201,136888.59,136595.79,C49625641,15292.57,15585.369999999999,0,38.9,1,1,0,0
302,PAYMENT,128238.15,C46920695,169314.34,41076.19,M74342007,14696.48,142934.63,0,22.9,1,5,0,0
280,PAYMENT,533.62,C71221107,32110.85,31577.23,M82631255,20536.34,21069.96,0,12.7,1,2,0,0
717,TRANSFER,4260.87,C64085238,8990.36,4729.490000000001,C85933612,70135.45,74396.31999999999,0,34.0,1,3,0,0
89,CASH_OUT,2646.28,C38108135,10896.2,8249.92,C14623966,12031.56,14677.84,0,16.9,1,1,0,1
425,CASH_OUT,1744.15,C73910748,32052.36,30308.21,C11206069,38612.81,40356.96,0,38.6,1,2,0,0
285,PAYMENT,19500.21,C19605455,56256.16,36755.950000000004,M63606161,7222.85,26723.059999999998,0,54.4,3,4,0,0
671,PAYMENT,60046.67,C97061453,31287.88,0.0,M38052625,180525.45,240572.12,0,14.4,2,3,0,0
130,CASH_OUT,444.2,C39493735,25092.39,24648.19,C56877750,10081.55,10525.75,0,37.5,1,1,0,0
248,PAYMENT,460.38,C87183739,165511.47,165051.09,M71260887,71459.16,71919.54000000001,0,79.3,1,2,0,0
652,TRANSFER,4797.82,C76798240,52165.62,47367.8,C26649134,10706.76,15504.58,0,27.5,1,2,0,0
189,CASH_OUT,1657.47,C14875836,26158.1,24500.629999999997,C58984315,23722.18,25379.65,0,8.8,1,1,0,0
91,CASH_OUT,737.78,C46745944,58533.55,57795.770000000004,C75811076,12046.87,12784.650000000001,0,38.0,1,2,0,0
568,CASH_OUT,1086.33,C12118358,78452.68,77366.34999999999,C74506138,53674.78,54761.11,0,27.6,1,2,0,0
738,DEBIT,736.66,C17182278,22894.46,22157.8,C13686142,43499.95,44236.61,0,11.1,1,2,0,0
165,TRANSFER,240.82,C23993518,32226.08,31985.260000000002,C88830318,5005.19,5246.009999999999,0,31.9,2,2,0,0
548,CASH_OUT,2951.65,C22656480,51342.9,48391.25,C48908491,64710.64,67662.29,0,2.2,1,1,0,0
330,CASH_OUT,1987.13,C11238740,50749.0,48761.87,C59580964,91657.93,93645.06,0,6.3,3,4,0,0
541,PAYMENT,799.84,C52245642,9648.42,8848.58,M26532588,2733.48,3533.32,0,22.8,1,1,0,0
80,PAYMENT,58.78,C57162321,34355.06,34296.28,M30441050,4113.66,4172.44,0,23.1,1,2,0,0
169,PAYMENT,994.87,C40289610,14996.0,14001.13,M53708965,2469.44,3464.31,0,25.8,1,2,0,0
545,TRANSFER,61555.43,C92547028,122433.74,60878.310000000005,C24728378,12027.58,73583.01,0,13.6,1,5,0,0
93,CASH_OUT,992.27,C34055788,34305.62,33313.350000000006,C18249001,111183.97,112176.24,0,31.7,1,2,0,0
624,CASH_OUT,1050.21,C56886106,72748.72,71698.51,C67360071,8405.76,9455.970000000001,0,31.4,1,7,0,0
379,PAYMENT,757.91,C79812619,2256.47,1498.56,M37601871,130236.01,130993.92,0,13.3,3,2,0,0
209,PAYMENT,5512.81,C89133377,24031.77,18518.96,M78341975,14418.91,19931.72,0,33.1,1,3,0,0
194,CASH_IN,12492.75,C38331717,8645.8,0.0,C12240872,59617.13,72109.88,0,36.0,2,3,0,0
264,PAYMENT,555.51,C75595238,24959.88,24404.370000000003,M81318945,35922.21,36477.72,0,17.2,1,2,0,1
247,TRANSFER,120.5,C50735693,79247.0,79126.5,C82335760,10040.42,10160.92,0,39.3,2,3,0,0
630,TRANSFER,979.04,C10792495,130806.15,129827.11,C75085400,79419.5,80398.54,0,21.3,1,3,0,0
448,TRANSFER,702.86,C60461592,123995.15,123292.29,C58242507,1803.78,2506.64,0,12.9,1,4,0,0
740,PAYMENT,1242.17,C13439356,6327.6,5085.43,M74101399,437.66,1679.8300000000002,0,8.0,2,2,0,0
521,PAYMENT,15508.04,C94724631,17942.97,2434.9300000000003,M60140501,22844.56,38352.600000000006,0,24.8,1,3,0,0
711,PAYMENT,286.5,C52116064,53995.76,53709.26,M88636471,21749.21,22035.71,0,44.4,1,1,0,0
479,TRANSFER,3864.51,C30356371,11378.84,7514.33,C77375788,42982.73,46847.240000000005,0,32.1,1,1,0,0
277,TRANSFER,3910.26,C89815851,2639.73,0.0,C89797084,1274.45,5184.71,0,12.7,2,3,0,0
129,PAYMENT,4478.89,C20008953,153612.32,149133.43,M24544095,45879.87,50358.76,0,51.9,1,2,0,0
302,CASH_OUT,6323.46,C10812999,19986.51,13663.05,C74814883,31504.89,37828.35,0,30.8,1,1,0,0
574,CASH_OUT,60.35,C51575966,27229.02,27168.670000000002,C18581920,15851.39,15911.74,0,22.1,1,2,0,1
514,PAYMENT,5370.21,C25670598,15905.14,10534.93,M89606434,25870.06,31240.27,0,17.4,1,0,0,0
360,TRANSFER,1775.3,C82635995,19667.03,17891.73,C43188252,2732.64,4507.94,0,22.9,1,7,0,0
357,CASH_OUT,522.31,C41415204,166279.79,165757.48,C56571863,23507.34,24029.65,0,5.5,1,0,0,0
466,PAYMENT,35454.93,C54303649,10646.28,0.0,M95771253,31643.61,67098.54000000001,0,23.8,1,1,0,0
172,PAYMENT,9019.65,C66337111,34153.11,25133.46,M85342915,41287.39,50307.04,0,52.6,1,0,0,0
88,CASH_OUT,420.27,C37186531,50824.84,50404.57,C54348812,351.72,771.99,0,34.3,1,3,0,0
500,DEBIT,767.01,C76829317,12704.6,11937.59,C28017267,58315.08,59082.090000000004,0,25.5,1,2,0,0
83,CASH_OUT,12627.83,C99442263,62874.43,50246.6,C95294165,14306.99,26934.82,0,25.9,1,3,0,0
517,TRANSFER,1710.96,C12617584,57360.03,55649.07,C90059645,17762.42,19473.379999999997,0,20.3,1,5,0,0
551,CASH_OUT,175.03,C53227154,154775.87,154600.84,C26186793,55362.22,55537.25,0,6.6,1,2,0,0
322,TRANSFER,42746.31,C32418578,30843.18,0.0,C51181789,163811.54,206557.85,0,28.2,2,2,0,0
465,CASH_OUT,1162.12,C88615765,24282.06,23119.940000000002,C86037736,31458.79,32620.91,0,17.6,1,2,0,0
587,TRANSFER,1909.58,C18613322,22399.44,20489.86,C48820077,4496.08,6405.66,0,30.9,1,1,0,0
613,PAYMENT,4132.01,C38343410,22652.9,18520.89,M92919194,40073.23,44205.240000000005,0,30.5,1,1,0,0
141,CASH_OUT,401.34,C26432782,1918.53,1517.19,C55492085,375844.14,376245.48000000004,0,19.1,1,0,0,0
605,TRANSFER,18661.62,C92193086,13473.81,0.0,C81592770,110.36,18771.98,0,24.4,1,3,0,0
631,TRANSFER,340.14,C57037821,6394.01,6053.87,C54795196,2113.21,2453.35,0,19.5,1,2,0,0
621,CASH_IN,2786.26,C18472276,106266.6,103480.34000000001,C43620316,23496.99,26283.25,0,74.7,2,1,0,0
555,PAYMENT,700.83,C84120128,2892.91,2192.08,M82225498,560.1,1260.93,0,12.4,1,3,0,0
136,PAYMENT,12298.93,C77770493,22722.36,10423.43,M22783981,15961.07,28260.0,0,39.7,2,4,0,0
330,PAYMENT,5024.69,C21440207,12385.72,7361.03,M60093834,9620.82,14645.509999999998,0,16.1,1,3,0,0
729,CASH_OUT,1312.69,C27113339,51865.48,50552.79,C75550877,36456.25,37768.94,0,35.2,1,2,0,0
395,CASH_OUT,110.82,C27497820,19751.48,19640.66,C52125442,9817.47,9928.289999999999,0,10.5,1,2,0,0
156,PAYMENT,3568.34,C88308761,836.84,0.0,M74346978,14138.45,17706.79,0,7.3,1,4,0,0
39,CASH_OUT,2347.97,C62847613,112138.81,109790.84,C96267606,110695.31,113043.28,0,26.2,1,0,0,0
282,TRANSFER,112.34,C52797695,50591.0,50478.66,C37204967,42172.14,42284.479999999996,0,19.4,2,0,0,0
538,CASH_OUT,2612.16,C63613663,69.01,0.0,C84481634,60180.21,62792.369999999995,0,29.4,1,2,0,0
544,TRANSFER,5916.81,C20314067,56921.06,51004.25,C88306204,30676.25,36593.06,0,49.0,3,0,0,0
46,TRANSFER,2031.01,C34142912,12191.26,10160.25,C97619119,4590.33,6621.34,0,26.9,3,3,0,0
668,CASH_IN,738.54,C33525456,165685.98,164947.44,C93570543,23431.47,24170.010000000002,0,16.4,1,4,0,0
244,PAYMENT,21400.41,C23896963,29426.41,8026.0,M48977125,9519.23,30919.64,0,28.8,2,4,0,0
547,PAYMENT,48330.7,C49482467,12627.83,0.0,M50967833,12216.68,60547.38,0,10.2,1,3,0,0
450,TRANSFER,243.78,C90836131,1535.79,1292.01,C88373010,73709.23,73953.01,0,39.5,2,0,0,0
278,CASH_IN,11547.22,C95102566,3026.15,0.0,C35063092,89907.46,101454.68000000001,0,16.3,1,2,0,0
406,TRANSFER,3906.31,C84135244,2904.25,0.0,C27763309,10134.68,14040.99,0,15.2,1,1,0,0
46,PAYMENT,603.36,C76258924,1599.8,996.4399999999999,M19863676,23423.42,24026.78,0,19.5,1,5,0,0
520,PAYMENT,1234.7,C13434105,39756.88,38522.18,M84583159,139073.05,140307.75,0,45.3,1,4,0,0
271,TRANSFER,1339.21,C67602355,93738.77,92399.56,C82797766,37884.73,39223.94,0,27.7,1,1,0,0
556,PAYMENT,11974.85,C52123186,21236.5,9261.65,M38430265,65985.33,77960.18000000001,0,22.2,1,1,0,0
238,CASH_OUT,813.25,C51487508,21442.26,20629.01,C25656010,31059.52,31872.77,0,19.8,3,2,0,0
167,CASH_IN,66.95,C21305487,5493.75,5426.8,C85156601,26751.98,26818.93,0,41.6,1,7,0,0
376,TRANSFER,1231.51,C38565913,59.28,0.0,C30169029,51629.01,52860.520000000004,0,1.6,1,2,0,0
588,TRANSFER,9756.93,C96245413,151573.33,141816.4,C68102499,15377.56,25134.489999999998,0,36.4,1,4,1,0
669,TRANSFER,15312.09,C57375773,30596.74,15284.650000000001,C15325360,41161.08,56473.17,0,46.5,2,0,0,0
201,PAYMENT,861.38,C75198233,66854.12,65992.73999999999,M75087868,29227.32,30088.7,0,33.8,1,0,0,0
232,DEBIT,4262.16,C74657491,101327.18,97065.01999999999,C11472098,51872.96,56135.119999999995,0,5.5,1,1,0,0
446,TRANSFER,15832.06,C43391739,5937.22,0.0,C91277625,5910.26,21742.32,0,27.1,1,2,0,0
724,TRANSFER,5861.3,C79104662,15232.82,9371.52,C13436552,44957.78,50819.08,0,27.3,1,1,0,0
418,CASH_OUT,74417.44,C34177640,34855.77,0.0,C46678123,40700.58,115118.02,0,2.6,1,1,0,0
154,TRANSFER,22190.72,C42958105,17647.32,0.0,C42938702,93490.24,115680.96,0,23.5,2,2,0,0
368,CASH_OUT,832.59,C38415850,2737.11,1904.52,C12590275,18850.24,19682.83,0,28.9,2,6,0,0
725,PAYMENT,1511.45,C11317591,111681.64,110170.19,M97885687,76934.94,78446.39,0,28.3,2,2,0,0
87,CASH_OUT,38372.92,C44898940,14373.55,0.0,C39256008,1424.58,39797.5,0,28.6,1,3,0,0
530,CASH_IN,219.46,C91769143,3778.25,3558.79,C12270973,13267.19,13486.65,0,35.6,1,3,0,0
703,CASH_OUT,1599.91,C65754818,27438.01,25838.1,C80974220,3932.74,5532.65,0,30.5,2,7,0,0
54,CASH_IN,55547.91,C63577559,81584.25,26036.339999999997,C44181213,11523.53,67071.44,0,14.7,1,3,0,0
728,PAYMENT,69957.32,C80143902,9223.08,0.0,M31204544,16470.87,86428.19,0,26.4,1,1,0,0
42,TRANSFER,3071.12,C45758357,28714.31,25643.190000000002,C34710448,38632.01,41703.130000000005,0,18.2,1,2,0,0
349,CASH_OUT,90.04,C53850489,10260.56,10170.519999999999,C74843462,2649.6,2739.64,0,7.5,1,0,0,1
230,TRANSFER,950.42,C56834808,85219.77,84269.35,C23522459,9420.86,10371.28,0,40.0,2,4,0,0
742,TRANSFER,6643.4,C60735991,36995.23,30351.83,C99121896,51826.29,58469.69,0,15.8,1,4,0,0
694,PAYMENT,434.25,C75728314,43181.78,42747.53,M33166762,46532.31,46966.56,0,3.9,1,1,0,0
436,PAYMENT,123135.21,C10236808,68826.82,0.0,M97318180,34417.62,157552.83000000002,0,64.7,1,2,0,0
141,TRANSFER,1183.75,C55320022,140424.01,139240.26,C66662481,48768.84,49952.59,0,19.5,1,1,0,0
288,PAYMENT,19810.1,C10171667,5591.23,0.0,M89041139,51141.94,70952.04000000001,0,27.2,1,2,0,0
322,CASH_OUT,1455.42,C58604442,93395.4,91939.98,C39193111,9375.33,10830.75,0,5.7,1,5,0,0
594,PAYMENT,3163.87,C63118490,32144.44,28980.57,M38376643,30330.37,33494.24,0,32.6,1,5,0,0
442,PAYMENT,1801.52,C40029884,51152.06,49350.54,M54467124,50470.69,52272.21,0,59.2,1,1,0,0
167,TRANSFER,656.51,C60841372,95789.9,95133.39,C65272677,44198.66,44855.170000000006,0,57.8,1,1,0,0
566,TRANSFER,878.86,C55204403,19774.65,18895.79,C32559369,25328.7,26207.56,0,26.8,2,1,0,0
463,DEBIT,6382.21,C20292307,101830.92,95448.70999999999,C63430291,22429.37,28811.579999999998,0,19.3,2,0,0,0
456,TRANSFER,1235.45,C21983048,49904.55,48669.100000000006,C66679977,11737.88,12973.33,0,31.5,1,3,0,0
73,PAYMENT,818.68,C18312175,16356.54,15537.86,M48255718,19494.5,20313.18,0,32.9,1,2,0,0
725,CASH_OUT,5458.15,C49837660,126157.17,120699.02,C34758209,43387.38,48845.53,0,16.2,2,1,0,0
683,TRANSFER,28370.63,C33403338,2978.72,0.0,C44176419,20224.71,48595.34,0,33.9,1,3,0,0
270,PAYMENT,39581.46,C93335489,44646.35,5064.889999999999,M20744527,34027.57,73609.03,0,25.2,1,3,0,0
219,TRANSFER,301.6,C64949271,850.56,548.9599999999999,C76770109,115521.3,115822.90000000001,0,14.9,1,1,0,0
648,CASH_IN,446.64,C27453377,4260.28,3813.64,C51734315,1930.53,2377.17,0,46.1,1,1,0,0
547,TRANSFER,18675.81,C19040232,5277.49,0.0,C84237276,56207.37,74883.18000000001,0,54.8,1,4,0,0
658,PAYMENT,742.84,C60846585,112341.04,111598.2,M93558755,52056.6,52799.439999999995,0,24.6,1,0,0,0
183,PAYMENT,1179.48,C89187960,40901.83,39722.35,M70988366,28095.9,29275.38,0,30.3,1,1,0,0
78,PAYMENT,159.76,C77662334,15056.02,14896.26,M27861849,6329.97,6489.7300000000005,0,6.0,1,0,0,0
308,TRANSFER,6579.14,C57184789,24766.93,18187.79,C17692577,17644.12,24223.26,0,39.4,1,1,0,0
328,TRANSFER,1713.28,C89564484,91022.79,89309.51,C24332713,14829.3,16542.579999999998,0,28.7,1,4,0,0
421,PAYMENT,12225.59,C86638707,42211.85,29986.26,M73244915,49837.73,62063.32000000001,0,26.6,1,2,0,0
236,CASH_IN,7689.18,C55837176,1606.98,0.0,C93136917,27949.65,35638.83,0,18.8,2,1,0,0
589,CASH_OUT,12023.59,C25761359,102485.41,90461.82,C72560710,17305.0,29328.59,0,19.5,1,6,0,0
462,TRANSFER,12286.69,C43853382,38659.76,26373.07,C73264580,41068.92,53355.61,0,4.3,1,4,0,0
585,CASH_OUT,901.4,C48892970,10919.87,10018.470000000001,C66390440,11893.03,12794.43,0,50.6,1,3,0,0
539,PAYMENT,1764.72,C68565639,62799.61,61034.89,M61765690,41015.33,42780.05,0,33.3,2,1,0,0
38,TRANSFER,2612.49,C64101843,38166.86,35554.37,C72417714,148079.19,150691.68,0,26.2,1,3,0,0
426,CASH_OUT,2194.83,C31736825,10495.31,8300.48,C16748253,9248.15,11442.98,0,19.1,2,6,0,0
598,CASH_OUT,6229.72,C10941037,52503.7,46273.979999999996,C28325684,4101.62,10331.34,0,36.1,1,3,0,1
434,CASH_OUT,788.1,C21991642,51278.01,50489.91,C16072788,105668.54,106456.64,0,50.8,1,5,0,0
359,PAYMENT,3188.54,C17622224,154746.77,151558.22999999998,M96120144,17786.7,20975.24,0,11.4,2,1,0,0
31,CASH_IN,640.06,C19603793,15344.22,14704.16,C22077149,43872.26,44512.32,0,7.1,1,2,0,0
205,PAYMENT,2854.62,C53295184,39744.41,36889.79,M40974323,17127.94,19982.559999999998,0,19.5,1,2,0,0
705,DEBIT,3499.94,C54364491,19358.67,15858.729999999998,C35354241,70704.63,74204.57,0,9.6,1,3,0,0
742,CASH_IN,216.89,C17660446,17703.95,17487.06,C34436889,26912.09,27128.98,0,37.6,1,4,0,0
181,PAYMENT,3419.92,C69822335,35224.7,31804.78,M29677274,14994.85,18414.77,0,7.7,1,0,0,0
40,CASH_OUT,21105.31,C53769006,62738.68,41633.369999999995,C75615480,68121.15,89226.45999999999,0,53.0,1,4,0,0
423,PAYMENT,12326.78,C94843575,46419.9,34093.12,M48871087,11998.73,24325.510000000002,0,29.8,2,3,0,0
157,TRANSFER,216.43,C47371013,6240.5,6024.07,C97068159,51797.83,52014.26,0,45.4,1,2,0,0
168,TRANSFER,185.82,C59212735,127794.49,127608.67,C22512642,15878.55,16064.369999999999,0,40.0,1,6,0,0
670,TRANSFER,4656.1,C70435911,61677.64,57021.54,C62708408,23712.63,28368.730000000003,0,19.0,1,1,0,0
642,CASH_IN,2377.39,C62096143,43294.93,40917.54,C48003496,39368.9,41746.29,0,36.3,2,3,0,0
82,CASH_OUT,1376.27,C87976275,7787.96,6411.6900000000005,C28181393,42458.48,43834.75,0,18.8,2,2,0,0
668,TRANSFER,20.44,C77267977,7244.85,7224.410000000001,C45993700,25209.29,25229.73,0,26.8,2,4,0,0
687,CASH_OUT,284.96,C96143731,17368.79,17083.83,C37675390,6235.43,6520.39,0,25.7,2,1,0,0
600,CASH_IN,18459.68,C11293661,128259.26,109799.57999999999,C58976224,55919.58,74379.26000000001,0,15.5,1,5,0,0
102,PAYMENT,3858.25,C93512200,7948.24,4089.99,M44929394,86564.37,90422.62,0,75.7,1,3,0,0
718,CASH_IN,64711.28,C42262104,53162.27,0.0,C23413360,99387.56,164098.84,0,43.0,2,1,0,0
89,PAYMENT,8618.76,C57704816,51764.42,43145.659999999996,M38737707,4150.91,12769.67,0,12.2,1,1,0,0
345,CASH_OUT,3273.43,C52087427,4822.6,1549.1700000000005,C13237687,50694.64,53968.07,0,16.4,1,1,0,0
310,PAYMENT,107.49,C65015891,61436.51,61329.020000000004,M11449029,9350.33,9457.82,0,29.9,1,1,0,0
608,PAYMENT,3306.92,C53658726,32333.84,29026.92,M77559477,4321.93,7628.85,0,26.3,1,2,0,0
440,TRANSFER,1537.44,C98852742,34733.01,33195.57,C27185779,2951.03,4488.47,0,54.1,1,1,0,0
159,CASH_OUT,238.11,C16118597,275.3,37.19,C38254312,174.24,412.35,0,43.2,1,5,0,0
114,TRANSFER,18662.19,C75736682,113553.38,94891.19,C93219873,102125.53,120787.72,0,29.5,1,4,0,0
536,PAYMENT,2021.33,C37873286,47127.89,45106.56,M62011110,37156.66,39177.990000000005,0,25.5,1,2,0,0
163,TRANSFER,3822.51,C32837889,46383.76,42561.25,C21245259,36984.74,40807.25,0,42.4,1,4,0,0
286,CASH_IN,407.76,C64768554,24642.48,24234.72,C49006762,66719.04,67126.79999999999,0,10.9,1,2,0,0
55,TRANSFER,3468.73,C52148951,60493.65,57024.92,C69083751,79145.47,82614.2,0,7.2,1,3,0,0
576,PAYMENT,1351.96,C42993660,89496.32,88144.36,M97000672,182.94,1534.9,0,18.3,1,5,0,0
33,TRANSFER,110100.57,C30833605,34160.44,0.0,C60594411,56201.55,166302.12,0,18.3,1,2,0,0
558,PAYMENT,669.8,C19812717,39382.03,38712.229999999996,M20257744,19704.16,20373.96,0,52.7,1,6,0,0
731,CASH_OUT,515.85,C73471410,11682.05,11166.199999999999,C68127833,15891.95,16407.8,0,34.8,3,5,0,0
196,CASH_OUT,2864.95,C76670321,21786.15,18921.2,C47489727,54596.87,57461.82,0,56.0,2,0,0,0
448,TRANSFER,1200.58,C56059059,31570.71,30370.129999999997,C79219516,22497.15,23697.730000000003,0,36.5,2,4,0,0
591,TRANSFER,2777.98,C44116311,54128.3,51350.32,C49492479,171289.92,174067.90000000002,0,46.0,1,0,0,1
92,CASH_OUT,34755.95,C75556533,134223.94,99467.99,C75073753,74037.83,108793.78,0,15.5,1,4,0,0
608,TRANSFER,311.92,C14240679,7371.64,7059.72,C49581353,8512.05,8823.97,0,48.6,2,1,0,0
228,CASH_OUT,2216.12,C58167942,37648.41,35432.29,C34283682,28808.62,31024.739999999998,0,12.5,1,1,0,0
286,CASH_OUT,586.68,C49448409,47203.99,46617.31,C35554508,48726.02,49312.7,0,16.0,1,5,0,0
235,CASH_OUT,544.89,C73978144,87290.88,86745.99,C56145460,16196.17,16741.06,0,24.0,1,2,0,0
102,TRANSFER,1411.3,C93231801,92759.63,91348.33,C50890288,7349.03,8760.33,0,39.4,2,1,0,0
140,TRANSFER,1842.49,C61633441,54041.75,52199.26,C70964548,23228.69,25071.18,0,9.7,2,1,0,0
655,CASH_IN,44551.57,C48091850,10822.54,0.0,C51118613,5288.52,49840.09,0,13.4,1,10,0,0
266,TRANSFER,704.74,C45016887,75663.63,74958.89,C33273830,10749.45,11454.19,0,18.2,1,0,0,0
342,CASH_OUT,1158.03,C20973590,43202.69,42044.66,C27481797,50946.9,52104.93,0,27.3,2,5,0,0
573,PAYMENT,63.47,C14773174,162639.6,162576.13,M29115848,20787.84,20851.31,0,31.1,1,3,0,0
535,CASH_OUT,4103.12,C17366131,153111.07,149007.95,C73365462,23111.82,27214.94,0,20.8,1,4,0,0
523,TRANSFER,2251.6,C85976693,40110.54,37858.94,C29727920,39667.67,41919.27,0,19.2,1,1,0,0
16,PAYMENT,5275.66,C55504982,143552.68,138277.02,M33652840,19205.13,24480.79,0,17.7,1,2,0,0
561,PAYMENT,2791.4,C54292192,1303.57,0.0,M67752428,23595.54,26386.940000000002,0,34.4,1,1,0,0
336,CASH_OUT,69.28,C75204521,123552.91,123483.63,C93039324,56082.27,56151.549999999996,0,14.1,1,0,0,0
390,CASH_OUT,41100.15,C62329172,166992.28,125892.13,C44585994,29695.27,70795.42,0,34.6,2,3,0,0
170,TRANSFER,3115.27,C59416831,193342.32,190227.05000000002,C30329252,72297.73,75413.0,0,32.4,1,2,0,0
119,PAYMENT,3524.86,C95159080,75253.35,71728.49,M33110960,43150.53,46675.39,0,18.4,2,3,0,0
42,CASH_OUT,42967.99,C25508413,9962.85,0.0,C47756793,24884.4,67852.39,0,22.1,3,0,0,1
10,PAYMENT,750.88,C69255944,183764.09,183013.21,M63993846,96894.15,97645.03,0,28.8,2,4,0,1
430,TRANSFER,149.5,C10650859,27926.9,27777.4,C11328348,21546.59,21696.09,0,36.0,1,5,0,0
468,PAYMENT,255.04,C58679642,31860.3,31605.26,M80688767,125213.38,125468.42,0,35.1,1,3,0,0
49,PAYMENT,1704.31,C34863086,762.08,0.0,M92191518,86210.59,87914.9,0,15.4,1,1,0,0
207,PAYMENT,1472.66,C68207590,21028.53,19555.87,M94406219,14905.42,16378.08,0,23.3,1,3,0,0
679,TRANSFER,33757.46,C50238913,14862.72,0.0,C92819346,910.1,34667.56,0,32.5,1,3,0,0
514,PAYMENT,3647.79,C83652602,29874.99,26227.2,M71692244,13296.37,16944.16,0,5.5,2,1,0,0
580,TRANSFER,131.88,C19203001,15679.74,15547.86,C53827142,24762.05,24893.93,0,37.6,3,2,0,0
210,TRANSFER,530.58,C68413549,29645.33,29114.75,C23712985,91200.5,91731.08,0,29.5,1,3,0,0
139,TRANSFER,619.46,C25850803,7982.97,7363.51,C37782700,8971.19,9590.650000000001,0,6.1,1,3,0,0
37,TRANSFER,1120.41,C62160439,151855.88,150735.47,C64036029,125364.54,126484.95,0,30.7,1,3,0,0
218,CASH_OUT,512.26,C71970101,54551.54,54039.28,C17681757,158523.36,159035.62,0,34.1,1,2,0,0
456,PAYMENT,201.98,C82779285,223067.93,222865.94999999998,M78224018,25803.53,26005.51,0,32.3,1,3,0,0
512,TRANSFER,2364.77,C83612242,241.47,0.0,C88587420,6327.15,8691.92,0,13.0,1,1,0,0
278,PAYMENT,792.31,C54682756,90337.18,89544.87,M96367571,56851.2,57643.509999999995,0,5.8,2,2,0,0
180,PAYMENT,186.72,C13874623,4401.74,4215.0199999999995,M54790831,17145.59,17332.31,0,26.7,1,1,0,0
517,TRANSFER,32453.25,C83738463,74326.45,41873.2,C64523754,16018.06,48471.31,0,12.8,2,2,0,0
130,TRANSFER,1611.23,C74542520,127855.38,126244.15000000001,C96941737,4221.24,5832.469999999999,0,32.2,1,2,0,0
645,DEBIT,65008.6,C86951145,7580.65,0.0,C66666574,149538.7,214547.30000000002,0,30.5,2,5,0,0
611,TRANSFER,13737.06,C40100156,156344.39,142607.33000000002,C52446203,89778.86,103515.92,0,12.2,1,3,0,0
672,CASH_IN,788.3,C71310735,28658.3,27870.0,C51848513,13999.28,14787.58,0,13.1,1,2,0,0
659,PAYMENT,50156.21,C65796347,21095.56,0.0,M65448954,2647.94,52804.15,0,42.0,1,2,0,0
359,PAYMENT,13226.8,C16864352,79424.42,66197.62,M18104894,26587.85,39814.649999999994,0,28.0,1,2,0,0
627,PAYMENT,639.64,C77181223,95892.92,95253.28,M72550845,7701.95,8341.59,0,29.3,1,1,0,0
4,PAYMENT,1025.78,C91480906,90553.1,89527.32,M20203375,27149.75,28175.53,0,44.9,1,4,0,0
599,TRANSFER,3095.81,C99209895,48911.26,45815.450000000004,C83521699,59760.55,62856.36,0,39.8,1,2,0,0
558,CASH_OUT,1227.69,C44790216,17563.04,16335.35,C16959101,18722.46,19950.149999999998,0,5.0,1,4,0,0
83,PAYMENT,11571.69,C83369051,16185.87,4614.18,M77541195,34436.8,46008.490000000005,0,8.9,2,2,0,0
154,CASH_IN,3665.68,C11050854,12981.01,9315.33,C90009645,31867.28,35532.96,0,55.1,1,6,0,0
506,CASH_OUT,11950.36,C73515752,7918.92,0.0,C10560836,20554.52,32504.88,0,6.6,1,6,0,0
509,PAYMENT,5659.06,C59469475,24926.29,19267.23,M32014659,137717.57,143376.63,0,4.0,1,3,0,0
623,PAYMENT,532.25,C69361359,96913.85,96381.6,M46527239,16690.38,17222.63,0,21.2,1,1,0,0
629,PAYMENT,98.83,C88809188,278274.92,278176.08999999997,M53808697,1378.75,1477.58,0,24.5,1,2,0,0
97,PAYMENT,486.24,C88483888,59142.32,58656.08,M36800132,74842.31,75328.55,0,50.9,1,3,0,0
282,PAYMENT,81026.82,C38337264,8489.12,0.0,M81710674,106872.53,187899.35,0,12.2,1,5,0,0
701,TRANSFER,10547.7,C46353366,55975.92,45428.22,C50730795,26588.56,37136.26,0,41.3,1,9,0,0
600,PAYMENT,2240.78,C13469492,16103.91,13863.13,M75444570,3421.74,5662.52,0,14.2,2,2,0,0
599,TRANSFER,22066.37,C81709803,63227.63,41161.259999999995,C29680006,3720.49,25786.86,0,49.9,1,5,0,0
538,CASH_IN,1918.88,C96060777,13478.09,11559.21,C51528055,33583.11,35501.99,0,14.7,1,6,0,0
429,CASH_OUT,2218.18,C27224877,8960.22,6742.039999999999,C98291474,5059.89,7278.07,0,32.1,1,4,0,0
543,CASH_IN,3610.33,C41362412,50320.9,46710.57,C25178104,8733.44,12343.77,0,27.5,3,2,0,0
126,PAYMENT,862.9,C90073430,57783.14,56920.24,M63428005,60751.0,61613.9,0,14.1,3,1,0,0
710,TRANSFER,365.06,C34842409,10214.38,9849.32,C84499424,10034.43,10399.49,0,4.3,2,1,0,0
301,TRANSFER,3971.54,C33354864,35872.82,31901.28,C41117245,19487.15,23458.690000000002,0,9.0,2,4,0,0
543,PAYMENT,1878.07,C32583962,106284.41,104406.34,M89514959,18619.71,20497.78,0,5.5,1,2,0,0
367,PAYMENT,1179.1,C61568389,57730.05,56550.950000000004,M30636462,23204.15,24383.25,0,4.9,1,2,0,0
45,CASH_OUT,4743.51,C30980672,56332.11,51588.6,C34579122,21807.44,26550.949999999997,0,18.5,1,1,0,0
493,CASH_OUT,916.94,C77801536,64286.97,63370.03,C54004358,29519.33,30436.27,0,24.6,1,4,0,0
316,TRANSFER,7473.9,C97449346,21540.83,14066.930000000002,C52394639,30264.1,37738.0,0,6.5,1,2,0,0
189,TRANSFER,206.34,C75389255,11530.18,11323.84,C93531293,10158.21,10364.55,0,34.5,1,5,0,0
52,TRANSFER,182.0,C28737914,66119.38,65937.38,C48186557,6479.46,6661.46,0,58.9,1,3,0,0
564,PAYMENT,168.08,C50804735,83549.95,83381.87,M42594596,8226.86,8394.94,0,13.4,1,2,0,0
332,PAYMENT,1845.86,C33206122,113075.17,111229.31,M46854413,9141.98,10987.84,0,26.9,2,1,0,0
499,PAYMENT,160.76,C43197747,79295.59,79134.83,M85322287,68814.44,68975.2,0,21.2,2,4,0,0
318,PAYMENT,41552.46,C73520314,21239.21,0.0,M78437264,106451.34,148003.8,0,14.0,2,3,0,0
410,CASH_IN,38843.99,C68949338,31459.14,0.0,C87873543,53723.94,92567.93,0,16.5,1,2,0,0
323,TRANSFER,3688.55,C12017295,75685.88,71997.33,C12548380,1698.9,5387.450000000001,0,3.1,1,3,0,0
591,CASH_OUT,9594.5,C35382066,38565.69,28971.190000000002,C29715394,36593.67,46188.17,0,3.3,2,2,1,0
561,PAYMENT,390.35,C49741487,40726.93,40336.58,M71979646,60701.46,61091.81,0,1.1,2,2,0,0
230,TRANSFER,14558.57,C27034023,142837.92,128279.35,C31637113,29485.81,44044.380000000005,0,10.5,3,1,0,0
344,PAYMENT,1044.08,C49453152,158039.97,156995.89,M16570941,3335.53,4379.610000000001,0,13.6,1,2,0,0
371,PAYMENT,1651.74,C78451919,71609.77,69958.03,M21476131,28699.91,30351.65,0,42.9,1,3,0,0
556,PAYMENT,1274.14,C55253155,82922.67,81648.53,M20983330,40573.37,41847.51,0,18.8,2,4,0,0
292,CASH_OUT,501.59,C72045894,15358.76,14857.17,C60968580,33718.99,34220.579999999994,0,38.6,2,1,0,0
437,CASH_OUT,5165.62,C76758492,45047.52,39881.899999999994,C90260876,51152.04,56317.66,0,29.0,3,2,0,0
247,TRANSFER,682.89,C27016373,32497.26,31814.37,C89426642,12435.14,13118.029999999999,0,25.9,1,2,0,0
219,TRANSFER,1125.87,C21481575,2095.72,969.8499999999999,C69850729,47834.79,48960.66,0,2.1,1,3,0,0
534,CASH_IN,30.43,C52363931,107508.31,107477.88,C94460894,16200.65,16231.08,0,31.8,1,2,0,0
642,PAYMENT,3550.49,C53219302,17528.42,13977.929999999998,M88235928,49932.08,53482.57,0,28.9,1,0,0,0
519,PAYMENT,1502.47,C45878991,134241.93,132739.46,M49490405,26810.8,28313.27,0,47.9,1,1,0,0
472,PAYMENT,333.45,C87668225,50598.67,50265.22,M55616401,61097.06,61430.509999999995,0,54.1,1,1,0,0
350,CASH_OUT,1177.13,C19202844,83845.38,82668.25,C98175284,27926.57,29103.7,0,12.1,1,2,0,0
44,CASH_IN,781.71,C83936908,30695.47,29913.760000000002,C56206152,13569.02,14350.73,0,25.9,1,3,0,0
65,PAYMENT,111.87,C76184122,10376.73,10264.859999999999,M68694715,183365.89,183477.76,0,24.7,1,5,0,0
246,DEBIT,33605.97,C63104114,103860.06,70254.09,C61233476,11089.45,44695.42,0,21.5,1,3,0,0
585,CASH_OUT,23131.33,C86944378,76307.21,53175.880000000005,C56402464,20608.23,43739.56,0,35.0,1,3,0,0
71,PAYMENT,6533.02,C75641863,70231.85,63698.83,M69300232,59701.66,66234.68000000001,0,34.6,1,4,0,0
709,TRANSFER,17124.03,C68914632,11963.0,0.0,C18127570,29178.88,46302.91,0,25.4,2,2,0,0
701,TRANSFER,737.44,C79713762,36870.35,36132.909999999996,C52165300,45964.35,46701.79,0,53.2,1,3,0,0
158,CASH_IN,1779.06,C56057313,19476.75,17697.69,C26101700,26774.68,28553.74,0,9.5,2,1,0,0
475,PAYMENT,689.96,C13332355,47437.68,46747.72,M55336497,37716.53,38406.49,0,9.4,1,3,0,0
25,CASH_OUT,2844.75,C93952418,38010.04,35165.29,C79662908,28717.92,31562.67,0,8.8,1,3,0,0
583,PAYMENT,10075.27,C15153712,9763.18,0.0,M88575165,191609.31,201684.58,0,1.2,1,1,0,0
223,CASH_OUT,1579.46,C10048087,48872.42,47292.96,C60346652,9302.01,10881.470000000001,0,38.1,1,0,0,0
160,TRANSFER,177.78,C54897693,1946.19,1768.41,C29467297,88855.87,89033.65,0,32.2,1,1,0,0
75,TRANSFER,3814.05,C11601341,3668.21,0.0,C12883733,24983.59,28797.64,0,39.6,1,6,0,0
138,CASH_OUT,608.56,C75791429,10092.36,9483.800000000001,C16699131,1020.12,1628.6799999999998,0,27.8,2,3,0,0
479,CASH_OUT,9702.32,C75468100,43232.87,33530.55,C76903122,152625.8,162328.12,0,7.3,2,1,1,0
553,DEBIT,52811.98,C41130778,71249.15,18437.16999999999,C22530725,81448.66,134260.64,0,63.5,1,2,0,0
303,PAYMENT,12325.33,C98328588,76271.13,63945.8,M79937588,3056.95,15382.279999999999,0,9.6,1,4,0,0
387,CASH_OUT,1226.43,C81698463,16192.29,14965.86,C25165871,19348.85,20575.28,0,42.1,3,1,0,0
472,PAYMENT,2222.11,C56333561,24242.14,22020.03,M66970649,79659.37,81881.48,0,24.0,1,1,0,0
334,TRANSFER,1522.47,C21650621,13312.37,11789.900000000001,C24958873,28260.83,29783.300000000003,0,27.7,2,2,0,0
309,TRANSFER,359.0,C37113023,1849.88,1490.88,C82240836,103039.13,103398.13,0,22.5,1,1,0,0
528,TRANSFER,696.08,C61115915,34165.49,33469.409999999996,C94429467,36274.86,36970.94,0,16.6,2,1,0,0
701,TRANSFER,1374.8,C50609189,39379.95,38005.149999999994,C30856211,66366.19,67740.99,0,29.8,1,1,0,0
540,CASH_IN,1210.65,C45734662,136732.88,135522.23,C18594355,23925.52,25136.170000000002,0,15.0,1,1,0,0
163,PAYMENT,199.57,C42743358,62218.48,62018.91,M48057380,3892.12,4091.69,0,24.3,1,3,0,0
55,CASH_OUT,1961.12,C62788362,136135.17,134174.05000000002,C84744744,10298.88,12260.0,0,5.8,1,1,0,0
455,TRANSFER,1627.11,C70903707,16390.73,14763.619999999999,C29310473,5829.57,7456.679999999999,0,35.7,2,4,0,0
305,PAYMENT,31.31,C21550247,64478.23,64446.920000000006,M76516435,64748.5,64779.81,0,25.7,1,1,0,0
102,PAYMENT,1446.6,C99855258,45601.41,44154.810000000005,M63634893,102915.77,104362.37000000001,0,5.7,1,3,0,0
554,CASH_IN,26.38,C36957512,17605.51,17579.129999999997,C70803900,10488.22,10514.599999999999,0,15.4,1,1,0,0
388,DEBIT,289.29,C13577831,11858.94,11569.65,C37772091,15526.63,15815.92,0,37.4,2,1,0,0
683,CASH_IN,214.89,C28820310,17197.79,16982.9,C56290652,53841.96,54056.85,0,47.9,1,2,0,0
208,CASH_IN,1191.17,C63135659,194819.89,193628.72,C73458910,22724.43,23915.6,0,30.2,2,2,0,0
315,PAYMENT,529.66,C31625342,1174.26,644.6,M15745140,66474.68,67004.34,0,18.6,1,1,0,0
49,TRANSFER,985.44,C18518840,117606.41,116620.97,C36267750,15335.53,16320.970000000001,0,27.0,1,6,0,0
572,CASH_OUT,55063.25,C40843378,73851.61,18788.36,C58689134,29994.27,85057.52,0,17.3,1,0,0,0
518,TRANSFER,317.14,C68289665,39218.27,38901.13,C56255362,71828.29,72145.43,0,13.7,1,1,0,0
148,TRANSFER,13084.82,C43697067,97682.34,84597.51999999999,C81459007,17226.43,30311.25,0,8.5,1,1,0,0
211,TRANSFER,5312.34,C15175602,2668.28,0.0,C98076272,41002.61,46314.95,0,34.8,1,2,0,0
372,TRANSFER,3597.79,C83305018,39288.05,35690.26,C52530044,41563.72,45161.51,0,42.4,1,2,0,0
662,TRANSFER,16610.3,C43278795,16803.25,192.95000000000073,C32828048,17350.2,33960.5,0,32.3,1,2,0,0
597,PAYMENT,796.51,C16838433,492.65,0.0,M39662860,54438.83,55235.340000000004,0,32.0,1,5,0,0
672,TRANSFER,1382.57,C15367698,48253.98,46871.41,C66690815,30077.24,31459.81,0,18.8,1,5,0,0
47,TRANSFER,393.65,C63972994,53612.24,53218.59,C30547150,36059.72,36453.37,0,46.5,1,7,0,0
674,TRANSFER,24.76,C57260135,44674.63,44649.869999999995,C99269779,19808.17,19832.929999999997,0,21.0,1,4,0,0
499,PAYMENT,2181.82,C58426622,24755.34,22573.52,M15090352,3770.59,5952.41,0,54.8,1,3,0,0
155,CASH_OUT,40039.81,C56642149,81551.4,41511.59,C46436055,47939.5,87979.31,0,46.5,2,1,0,0
230,PAYMENT,149.85,C90092799,21015.64,20865.79,M24937319,16804.45,16954.3,0,26.9,1,1,0,0
300,TRANSFER,179.35,C11943991,46311.78,46132.43,C65750826,37508.0,37687.35,0,64.9,2,4,0,0
158,CASH_OUT,3101.31,C13266547,276802.34,273701.03,C88187592,95379.79,98481.09999999999,0,56.1,2,3,0,0
673,TRANSFER,1204.36,C72451383,93490.95,92286.59,C16809652,72065.21,73269.57,0,28.0,1,3,0,0
247,PAYMENT,26984.41,C40067894,51679.88,24695.469999999998,M35237721,39689.8,66674.21,0,37.0,1,3,0,0
568,CASH_OUT,720.91,C70195422,56068.91,55348.0,C10915029,10322.71,11043.619999999999,0,42.2,1,1,0,0
151,TRANSFER,28513.66,C14860749,91942.93,63429.26999999999,C76299084,29054.2,57567.86,0,7.9,1,3,0,0
299,CASH_OUT,4026.58,C85203872,9667.68,5641.1,C71971718,18790.82,22817.4,0,56.4,1,4,0,0
54,CASH_OUT,13830.51,C59930954,5838.41,0.0,C11504866,35767.12,49597.630000000005,0,47.0,1,4,0,0
223,CASH_OUT,425.85,C24938084,12480.46,12054.609999999999,C11663806,52571.51,52997.36,0,27.0,1,2,0,0
580,TRANSFER,1211.58,C97167935,68234.44,67022.86,C49274264,51823.33,53034.91,0,35.1,1,3,0,0
565,PAYMENT,2424.4,C84858989,73425.69,71001.29000000001,M76391681,2345.95,4770.35,0,24.6,2,2,0,0
467,PAYMENT,3410.99,C33017620,1430.15,0.0,M18927969,18658.28,22069.269999999997,0,29.4,1,1,0,0
486,TRANSFER,486.88,C37567720,3092.58,2605.7,C15625817,19775.1,20261.98,0,35.7,1,1,0,0
552,TRANSFER,731.16,C61589133,199675.46,198944.3,C79904219,8294.02,9025.18,0,21.2,1,2,0,0
444,TRANSFER,28939.28,C72487526,33873.82,4934.540000000001,C39328662,26673.39,55612.67,0,7.0,1,3,0,0
138,PAYMENT,9175.42,C12319121,38383.13,29207.71,M11908717,13089.46,22264.879999999997,0,6.6,1,2,0,0
650,PAYMENT,197.61,C13775418,47360.98,47163.37,M39015158,17071.2,17268.81,0,34.2,1,4,0,0
292,TRANSFER,2908.76,C26142393,166831.37,163922.61,C88934796,34000.78,36909.54,0,28.4,1,3,0,0
210,PAYMENT,15929.27,C26775661,8687.92,0.0,M66106293,75209.55,91138.82,0,8.1,1,4,0,0
684,CASH_OUT,483.65,C21162625,50130.83,49647.18,C83179942,22367.51,22851.16,0,15.3,1,5,0,0
697,PAYMENT,4683.06,C93512805,3941.71,0.0,M43334267,31070.89,35753.95,0,11.2,1,1,0,0
211,TRANSFER,5049.74,C81981907,36020.25,30970.510000000002,C30228075,63434.85,68484.59,0,54.2,3,3,0,0
663,CASH_IN,86.4,C52495361,29014.69,28928.289999999997,C65187009,22465.2,22551.600000000002,0,19.7,2,1,0,0
388,PAYMENT,447.37,C88621826,15611.59,15164.22,M24615005,19522.28,19969.649999999998,0,36.0,1,2,0,0
396,TRANSFER,699.75,C87233574,29040.3,28340.55,C10006941,43855.65,44555.4,0,14.3,3,2,0,0
124,PAYMENT,1808.51,C44179921,59909.13,58100.619999999995,M12417802,12636.61,14445.12,0,43.2,1,2,0,0
561,CASH_OUT,672.27,C30611613,91936.95,91264.68,C96210632,1155.92,1828.19,0,34.4,1,4,0,0
124,TRANSFER,3666.44,C53667670,76833.72,73167.28,C87945523,5773.79,9440.23,0,30.7,2,4,0,0
68,TRANSFER,1015.91,C24352824,43957.37,42941.46,C68938206,12890.56,13906.47,0,8.8,1,3,0,0
475,TRANSFER,109.18,C64368729,113641.03,113531.85,C61424092,66284.97,66394.15,0,44.1,1,4,0,0
358,DEBIT,13.69,C48438035,59184.09,59170.399999999994,C51393677,9454.91,9468.6,0,21.9,1,3,0,0
743,PAYMENT,686.14,C51103275,91089.92,90403.78,M29692040,38774.21,39460.35,0,15.1,1,2,0,0
456,PAYMENT,2387.35,C57760561,25394.25,23006.9,M86629120,14803.59,17190.94,0,50.1,2,1,0,0
346,DEBIT,1792.82,C47047008,59928.25,58135.43,C41852071,2425.18,4218.0,0,18.7,2,4,0,0
521,TRANSFER,256.89,C59513700,3871.36,3614.4700000000003,C74552761,71385.57,71642.46,0,13.4,1,3,0,0
637,DEBIT,8098.84,C12978294,157488.42,149389.58000000002,C57124953,108426.78,116525.62,0,22.0,1,2,0,0
624,TRANSFER,882.57,C46788709,49619.33,48736.76,C29180357,7273.7,8156.2699999999995,0,20.8,1,0,0,0
498,CASH_OUT,8368.41,C53161252,97143.4,88774.98999999999,C21378650,28513.99,36882.4,0,19.0,1,2,0,0
328,TRANSFER,8974.9,C15053371,33218.08,24243.18,C68350036,13579.46,22554.36,0,47.4,1,2,0,1
330,CASH_OUT,7913.19,C58718596,1566.46,0.0,C30794041,31929.89,39843.08,0,24.9,1,3,0,0
566,CASH_IN,5717.46,C29602981,33867.71,28150.25,C63391012,48485.61,54203.07,0,30.8,2,0,0,0
427,TRANSFER,212.59,C86280918,64692.72,64480.130000000005,C30102958,166803.7,167016.29,0,65.1,2,3,0,0
443,PAYMENT,1255.43,C67326182,3377.93,2122.5,M79442578,17130.56,18385.99,0,19.9,3,3,0,0
601,PAYMENT,26480.78,C99926959,5284.78,0.0,M21238896,11745.52,38226.3,0,39.7,1,4,0,0
95,PAYMENT,1158.4,C48049517,2791.64,1633.2399999999998,M16977466,44142.92,45301.32,0,14.3,1,0,0,0
451,PAYMENT,113.03,C48486135,6384.88,6271.85,M80898513,74065.88,74178.91,0,22.1,1,0,0,0
317,PAYMENT,6558.14,C61564794,47640.13,41081.99,M61330450,1131.83,7689.97,0,27.3,1,1,0,0
487,TRANSFER,4756.72,C50678603,103729.74,98973.02,C60691535,1772.38,6529.1,0,43.9,2,3,0,0
678,TRANSFER,1482.59,C56571447,31831.13,30348.54,C25919842,34821.4,36303.99,0,46.2,1,2,0,0
739,TRANSFER,1080.08,C58708991,82717.63,81637.55,C52978266,5590.98,6671.0599999999995,0,25.0,1,3,0,0
648,CASH_OUT,2741.83,C84405668,25423.18,22681.35,C17068260,39676.21,42418.04,0,54.8,1,3,0,0
577,PAYMENT,7002.03,C48265019,96644.44,89642.41,M13448730,33383.19,40385.22,0,55.4,1,2,0,0
5,PAYMENT,2085.16,C28553032,8572.65,6487.49,M95897314,64661.18,66746.34,0,22.3,1,2,0,0
632,PAYMENT,5143.86,C17658768,42658.37,37514.51,M61461856,63829.65,68973.51,0,15.5,2,2,0,0
371,TRANSFER,36300.98,C55499562,36715.7,414.7199999999939,C72647918,71458.17,107759.15,0,46.7,1,1,0,0
731,PAYMENT,1110.17,C35544959,5425.96,4315.79,M82526966,108879.83,109990.0,0,16.9,2,3,0,1
555,PAYMENT,228801.14,C88819723,13606.29,0.0,M82987219,35688.0,264489.14,1,36.5,1,1,0,0
188,TRANSFER,47475.54,C91080050,33142.5,0.0,C60081347,6256.13,53731.67,0,49.8,1,1,0,0
26,CASH_OUT,771.46,C87977526,73886.72,73115.26,C27570802,98423.75,99195.21,0,9.9,1,3,0,0
162,PAYMENT,71156.2,C45227466,117572.72,46416.520000000004,M30875493,226651.15,297807.35,0,68.6,2,1,0,0
130,CASH_OUT,691.31,C36958155,66524.47,65833.16,C74833271,1568.97,2260.2799999999997,0,25.7,2,1,0,0
533,CASH_OUT,145492.89,C42954021,17337.24,0.0,C52803821,36852.49,182345.38,0,14.2,1,0,0,0
410,CASH_OUT,1138.73,C30860800,5422.81,4284.08,C17588045,18749.52,19888.25,0,20.2,1,3,0,0
640,CASH_IN,4565.29,C98339271,37245.03,32679.739999999998,C30642198,14481.9,19047.19,0,30.4,1,5,0,0
588,PAYMENT,4408.3,C60495568,21107.75,16699.45,M73957275,58660.96,63069.26,0,18.4,3,1,0,0
73,PAYMENT,908.43,C40028595,41427.7,40519.27,M46478816,14346.17,15254.6,0,33.2,1,4,0,0
233,DEBIT,4059.5,C40427156,25370.24,21310.74,C27349774,6485.5,10545.0,0,31.6,1,3,0,0
106,TRANSFER,14603.67,C95418110,23836.89,9233.22,C42233555,11116.23,25719.9,0,12.0,1,3,0,0
9,TRANSFER,2109.03,C23613872,121510.44,119401.41,C93530947,30833.38,32942.41,0,67.8,1,1,0,0
631,CASH_OUT,2896.56,C10337819,55061.07,52164.51,C41214157,11730.95,14627.51,0,30.1,1,1,0,0
50,CASH_OUT,7787.84,C49412708,55388.63,47600.78999999999,C40714095,17200.64,24988.48,0,48.9,2,1,0,0
522,CASH_IN,244.92,C60013022,7177.39,6932.47,C21737144,34209.96,34454.88,0,37.4,2,2,0,0
625,CASH_IN,2103.97,C26327476,24687.31,22583.34,C96223944,47116.25,49220.22,0,51.9,1,2,0,0
442,CASH_OUT,17413.41,C92227454,71935.75,54522.34,C46375488,2904.56,20317.97,0,29.4,1,4,0,0
590,PAYMENT,1096.19,C14472876,41844.9,40748.71,M63382873,21205.78,22301.969999999998,0,58.3,1,2,0,0
36,DEBIT,5318.76,C12951264,30842.96,25524.199999999997,C65657245,50136.56,55455.32,0,33.2,1,4,0,0
202,PAYMENT,91.61,C66447895,180152.9,180061.29,M45998656,15891.29,15982.900000000001,0,39.1,2,2,0,0
118,PAYMENT,2180.56,C15992887,7330.47,5149.91,M98928721,56661.73,58842.29,0,34.6,2,3,0,0
702,DEBIT,1404.48,C21909043,8763.02,7358.540000000001,C19134791,16769.51,18173.989999999998,0,6.2,1,0,0,0
169,PAYMENT,1979.69,C64907256,41419.38,39439.689999999995,M46236016,56967.26,58946.950000000004,0,10.3,1,7,0,0
512,PAYMENT,1338.41,C34625855,25974.62,24636.21,M96014601,124756.11,126094.52,0,27.6,1,1,0,0
230,PAYMENT,16750.51,C70549064,32762.11,16011.600000000002,M59437492,28059.28,44809.78999999999,0,42.7,1,2,0,0
560,DEBIT,352.91,C55523360,39689.76,39336.85,C79423423,26369.58,26722.49,0,7.2,1,2,0,0
150,TRANSFER,962.46,C37714009,6817.92,5855.46,C13171598,26502.25,27464.71,0,59.2,1,0,0,0
208,CASH_OUT,441.95,C74968884,15743.84,15301.89,C69581280,121766.27,122208.22,0,19.0,2,1,0,0
61,PAYMENT,167.67,C52961513,38518.24,38350.57,M46511892,6939.6,7107.27,0,41.6,1,2,0,0
117,CASH_OUT,1598.01,C12007828,10755.93,9157.92,C18522043,53928.5,55526.51,0,19.6,1,2,0,0
239,CASH_OUT,332.14,C22962201,91501.0,91168.86,C48821662,46813.08,47145.22,0,10.0,1,5,0,0
48,PAYMENT,2813.58,C30783258,76505.43,73691.84999999999,M49720545,40034.89,42848.47,0,14.7,1,1,0,0
448,TRANSFER,2949.49,C50807982,41986.19,39036.700000000004,C20132820,53792.13,56741.619999999995,0,27.4,1,2,0,0
468,PAYMENT,2403.32,C21425824,34152.61,31749.29,M64167560,15385.95,17789.27,0,15.8,1,2,0,0
293,CASH_IN,5114.54,C34890580,132648.51,127533.97000000002,C97004038,105257.05,110371.59,0,23.1,1,1,0,0
425,CASH_OUT,26.96,C14067668,69784.35,69757.39,C71422372,95355.14,95382.1,0,54.3,2,4,0,0
517,CASH_IN,26678.91,C49970360,1943.74,0.0,C56076803,10479.53,37158.44,0,21.7,2,1,0,0
612,PAYMENT,1622.41,C77064612,12640.39,11017.98,M89484644,28891.46,30513.87,0,24.4,1,1,0,0
205,CASH_OUT,6217.75,C83894280,3789.12,0.0,C12895410,15050.9,21268.65,0,53.6,1,4,0,0
180,CASH_OUT,299.39,C30743324,261858.33,261558.93999999997,C90796248,62573.83,62873.22,0,29.6,1,3,0,0
529,CASH_OUT,182.21,C82240007,27425.59,27243.38,C68919545,92220.87,92403.08,0,28.6,1,2,0,0
90,CASH_IN,4520.81,C28273997,7204.86,2684.0499999999993,C45090197,30624.96,35145.77,0,30.3,3,3,0,0
500,TRANSFER,6660.95,C76470318,22171.6,15510.649999999998,C71516934,15463.55,22124.5,0,24.6,1,2,0,0
108,PAYMENT,198.17,C73917285,195473.88,195275.71,M48018351,41473.55,41671.72,0,26.8,2,1,0,0
190,CASH_OUT,5299.16,C90379304,7715.97,2416.8100000000004,C91209606,6146.19,11445.349999999999,0,26.5,1,3,0,0
180,CASH_OUT,6383.1,C26491305,22076.14,15693.039999999999,C88009987,28440.09,34823.19,0,4.8,2,1,0,0
20,TRANSFER,5607.64,C54393990,16134.44,10526.8,C23723442,56858.39,62466.03,0,16.9,1,4,0,0
359,PAYMENT,2381.01,C57453755,78084.05,75703.04000000001,M66222347,12195.02,14576.03,0,8.1,1,3,0,0
609,TRANSFER,3161.09,C52137640,1291.86,0.0,C37377852,19899.12,23060.21,0,29.6,1,2,0,0
734,PAYMENT,39318.91,C98092560,146604.72,107285.81,M48712943,42491.15,81810.06,0,8.4,1,2,0,0
656,TRANSFER,635.82,C81465892,101512.28,100876.45999999999,C84948483,128424.62,129060.44,0,44.8,2,2,0,0
7,CASH_OUT,8753.97,C27024829,22656.77,13902.800000000001,C34219109,3308.37,12062.34,0,30.5,1,2,0,0
322,CASH_OUT,3858.81,C73690103,115759.47,111900.66,C20138655,6764.87,10623.68,0,21.6,2,1,0,0
268,PAYMENT,153.02,C42132182,27733.11,27580.09,M56150699,5476.42,5629.4400000000005,0,7.9,1,5,0,0
427,TRANSFER,139.22,C89907303,17260.08,17120.86,C90882147,9970.16,10109.38,0,37.2,1,0,0,0
296,PAYMENT,2447.19,C28210029,26128.49,23681.300000000003,M77383849,2500.98,4948.17,0,25.1,1,0,0,0
513,PAYMENT,101.58,C90972067,87148.02,87046.44,M68348075,17985.62,18087.2,0,16.4,1,2,0,0
570,CASH_OUT,24.21,C71618664,41177.64,41153.43,C64851520,13174.55,13198.759999999998,0,15.9,1,1,0,0
387,CASH_IN,689208.61,C47929663,12245.14,0.0,C55524910,8831.98,698040.59,1,23.7,1,1,0,0
264,TRANSFER,317.54,C27513641,3611.68,3294.14,C35189409,11905.18,12222.720000000001,0,12.4,1,2,0,0
90,CASH_OUT,9454.82,C90851942,46640.96,37186.14,C97019566,41258.58,50713.4,0,16.1,1,4,1,0
488,DEBIT,2755.74,C76814999,85301.25,82545.51,C60920403,46712.85,49468.59,0,11.5,2,1,0,0
587,CASH_OUT,119134.72,C82920092,96728.37,0.0,C95881690,105510.79,224645.51,0,11.5,2,3,0,0
261,PAYMENT,54465.03,C70557548,86559.67,32094.64,M50176792,9443.89,63908.92,0,22.2,1,0,0,0
488,CASH_IN,4966.87,C99688136,36019.03,31052.16,C65469024,4259.1,9225.970000000001,0,45.2,1,3,0,0
341,TRANSFER,140.68,C56498245,23718.04,23577.36,C82039747,2415.97,2556.6499999999996,0,16.7,1,1,0,0
329,PAYMENT,28584.18,C28785869,185255.8,156671.62,M87368457,27177.36,55761.54,0,22.7,1,2,0,0
401,PAYMENT,193.39,C11088400,127816.48,127623.09,M89043427,41528.87,41722.26,0,11.6,1,4,0,0
357,TRANSFER,12446.4,C28212379,69722.08,57275.68,C61130953,10959.58,23405.98,0,20.1,1,0,0,0
499,PAYMENT,304.34,C37160220,28112.29,27807.95,M46744304,43831.11,44135.45,0,24.3,1,5,0,0
435,PAYMENT,736.47,C68602140,181466.19,180729.72,M55969782,8300.14,9036.609999999999,0,48.1,1,3,0,0
119,PAYMENT,118803.08,C81918140,23412.5,0.0,M64587167,10063.11,128866.19,0,13.1,1,3,0,0
47,CASH_OUT,2814.56,C34795201,57677.1,54862.54,C54269044,43652.56,46467.119999999995,0,29.9,2,6,0,0
168,DEBIT,443.26,C71714931,17428.83,16985.570000000003,C59559766,123555.8,123999.06,0,44.5,2,1,0,0
348,PAYMENT,1220.59,C34824733,90296.42,89075.83,M20740344,93379.28,94599.87,0,26.8,1,3,0,0
504,DEBIT,2777.12,C84326583,98353.4,95576.28,C92477598,1095.76,3872.88,0,14.1,1,3,0,0
539,DEBIT,389.27,C78044907,35577.85,35188.58,C10111513,159335.98,159725.25,0,17.3,1,2,0,1
296,CASH_OUT,5849.86,C25640574,41296.79,35446.93,C27715370,18132.31,23982.170000000002,0,7.3,2,7,0,0
513,PAYMENT,417.08,C14114633,148366.62,147949.54,M42916760,32321.66,32738.74,0,7.0,2,4,0,0
174,CASH_OUT,38.33,C67308593,7664.53,7626.2,C51017410,16944.74,16983.070000000003,0,50.8,3,4,0,0
395,CASH_IN,1221.04,C85736656,31874.8,30653.76,C48030980,69583.28,70804.31999999999,0,32.9,1,1,0,0
679,CASH_OUT,607.0,C60493537,37583.65,36976.65,C44040552,44636.72,45243.72,0,22.2,1,2,0,0
530,PAYMENT,2349.62,C49765240,84761.45,82411.83,M31374316,83887.34,86236.95999999999,0,20.8,1,2,0,0
603,TRANSFER,1261.47,C81047823,75212.87,73951.4,C57515366,9536.64,10798.109999999999,0,1.1,1,0,0,0
303,CASH_OUT,8590.31,C46503668,46073.8,37483.490000000005,C73395398,40912.45,49502.759999999995,0,43.1,1,1,0,0
202,TRANSFER,6568.92,C59876428,8456.05,1887.1299999999992,C37513572,30341.39,36910.31,0,35.5,1,2,0,0
533,PAYMENT,48.61,C84575680,26060.99,26012.38,M94429501,35550.84,35599.45,0,56.8,1,2,0,0
156,PAYMENT,1657.78,C18054087,4781.88,3124.1000000000004,M45742535,18190.61,19848.39,0,16.7,1,0,0,0
14,CASH_OUT,812.25,C82298173,8146.65,7334.4,C32490109,258.33,1070.58,0,13.9,1,6,0,0
20,DEBIT,1042.46,C84705514,12841.93,11799.470000000001,C40379056,48785.51,49827.97,0,6.0,2,3,0,0
457,PAYMENT,71.81,C67947838,20297.75,20225.94,M53800989,50118.7,50190.509999999995,0,10.0,1,1,0,0
173,CASH_IN,5.99,C29597900,29006.62,29000.629999999997,C77151498,81623.92,81629.91,0,42.8,3,3,0,0
445,PAYMENT,26719.89,C97448230,63768.03,37048.14,M90457059,131358.79,158078.68,0,40.7,1,3,0,0
122,CASH_OUT,1180.59,C73919155,1172.76,0.0,C60606957,8880.88,10061.47,0,18.5,2,1,0,0
497,CASH_OUT,3059.37,C43142209,102777.42,99718.05,C16457648,2821.71,5881.08,0,16.4,1,1,0,0
184,CASH_OUT,524.17,C56336971,241921.29,241397.12,C90402336,61467.18,61991.35,0,7.8,1,2,0,0
580,CASH_IN,136.29,C56894381,166372.81,166236.52,C67571631,84378.41,84514.7,0,18.7,1,3,0,0
671,PAYMENT,677.0,C14334493,27667.1,26990.1,M60264156,7509.95,8186.95,0,38.1,2,4,0,0
49,DEBIT,291.97,C90991089,25488.02,25196.05,C12025321,4618.86,4910.83,0,37.6,1,8,0,0
181,PAYMENT,5405.74,C18680339,36941.26,31535.520000000004,M29241442,75564.52,80970.26000000001,0,30.0,3,2,0,0
394,CASH_OUT,3306.54,C46665510,54622.41,51315.87,C18300730,152214.65,155521.19,0,15.2,1,3,0,0
393,CASH_OUT,5944.01,C48752991,16258.29,10314.28,C67692285,20958.36,26902.370000000003,0,30.7,3,1,0,0
348,CASH_OUT,3627.06,C16454894,53201.41,49574.350000000006,C29283518,94125.6,97752.66,0,11.7,1,3,0,0
476,PAYMENT,54.97,C14416728,18498.43,18443.46,M95088748,59029.53,59084.5,0,35.0,1,4,0,0
141,DEBIT,937.21,C60291425,54038.59,53101.38,C54449560,13671.47,14608.68,0,25.2,2,3,0,0
530,PAYMENT,412.59,C45386723,52877.31,52464.72,M97326591,6830.77,7243.360000000001,0,9.3,1,5,0,0
652,PAYMENT,2444.09,C37666922,41.47,0.0,M17955981,8676.21,11120.3,0,14.7,1,2,0,0
584,CASH_OUT,555.32,C31071071,102494.05,101938.73,C30135032,29871.64,30426.96,0,43.7,2,2,0,0
471,TRANSFER,3153.87,C68571562,10693.63,7539.759999999999,C78951293,20256.28,23410.149999999998,0,50.8,1,3,0,0
263,CASH_OUT,3437.71,C89561572,246406.92,242969.21000000002,C66906143,127382.03,130819.74,0,6.1,1,4,0,0
143,TRANSFER,1141.23,C15638956,39929.84,38788.60999999999,C36679918,21468.6,22609.829999999998,0,34.4,1,3,0,0
707,PAYMENT,2991.48,C16293297,24429.22,21437.74,M80639419,4088.08,7079.5599999999995,0,66.2,2,4,0,0
146,CASH_OUT,3559.33,C52010127,4809.8,1250.4700000000003,C65625398,5090.0,8649.33,0,11.5,1,5,0,0
294,TRANSFER,2258.75,C11460728,57125.61,54866.86,C70830769,94470.84,96729.59,0,43.7,2,3,0,0
538,PAYMENT,3432.66,C45236407,22297.65,18864.99,M49683002,29198.53,32631.19,0,20.9,1,2,0,0
509,CASH_OUT,5949.4,C77888126,164809.46,158860.06,C26993415,116339.45,122288.84999999999,0,8.4,2,1,0,0
422,TRANSFER,936.05,C19409852,97340.87,96404.81999999999,C64853401,120005.84,120941.89,0,48.9,2,2,0,0
571,CASH_OUT,475.13,C72634157,6643.02,6167.89,C17776699,131638.58,132113.71,0,29.2,2,2,0,0
564,TRANSFER,3379.49,C80814107,30595.6,27216.11,C29115196,101789.5,105168.99,0,12.5,1,4,0,0
417,CASH_OUT,638.41,C51375364,29359.15,28720.74,C70712985,87526.99,88165.40000000001,0,45.6,2,5,0,0
661,CASH_OUT,1777.1,C58578631,61683.03,59905.93,C61501915,38788.25,40565.35,0,15.6,1,4,0,0
107,CASH_OUT,1420.02,C95641834,15937.86,14517.84,C35593650,121219.09,122639.11,0,29.1,1,3,0,0
318,PAYMENT,37640.74,C15771388,90462.26,52821.52,M95931151,63491.48,101132.22,0,17.1,3,2,0,0
59,CASH_OUT,7082.4,C23694385,141895.62,134813.22,C95699442,45733.34,52815.74,0,2.0,1,1,0,0
258,CASH_OUT,16649.77,C42845904,40186.02,23536.249999999996,C36063659,89851.7,106501.47,0,8.6,2,2,0,0
425,CASH_OUT,3790.37,C27701394,131037.71,127247.34000000001,C93579806,66144.31,69934.68,0,21.4,2,4,0,0
531,TRANSFER,3031.24,C90486504,19678.84,16647.6,C63381090,19207.89,22239.129999999997,0,52.4,2,3,0,0
166,DEBIT,3820.51,C65074239,19087.39,15266.88,C46503446,13131.41,16951.92,0,22.0,1,1,0,0
25,CASH_OUT,793.6,C22879464,64248.9,63455.3,C57723556,6536.68,7330.280000000001,0,17.1,3,4,0,0
4,PAYMENT,231.76,C43258766,29382.05,29150.29,M88799796,120334.52,120566.28,0,23.0,1,5,0,0
3,TRANSFER,5143.47,C55959712,16158.89,11015.419999999998,C36878460,3586.68,8730.15,0,39.7,1,2,0,0
418,DEBIT,4537.19,C60414473,18527.07,13989.880000000001,C40068482,58865.42,63402.61,0,29.2,1,2,0,0
362,PAYMENT,23603.96,C32015684,89297.93,65693.97,M46749846,19533.23,43137.19,0,23.3,1,5,0,0
369,CASH_IN,8478.49,C46015400,52063.99,43585.5,C37099434,25120.69,33599.18,0,38.8,1,2,0,0
539,CASH_OUT,824.87,C29239038,78382.29,77557.42,C51623238,5166.07,5990.94,0,23.2,1,0,0,0
346,CASH_OUT,243.21,C51124976,26617.36,26374.15,C83980225,5051.15,5294.36,0,43.5,1,1,0,0
731,PAYMENT,3387.38,C41187848,139696.57,136309.19,M16992866,17307.56,20694.940000000002,0,34.3,1,2,0,0
44,PAYMENT,1891.18,C44212302,110685.97,108794.79000000001,M47508329,49950.01,51841.19,0,11.2,3,2,0,0
724,CASH_IN,658.67,C16050597,1822.27,1163.6,C88021375,12481.07,13139.74,0,35.2,2,0,0,0
564,PAYMENT,4831.7,C72376002,22701.89,17870.19,M12650255,47666.94,52498.64,0,12.8,2,2,0,0
153,CASH_OUT,213.14,C74210513,3839.85,3626.71,C23058049,227632.48,227845.62000000002,0,25.7,2,2,0,0
202,TRANSFER,593.09,C13548600,13577.38,12984.289999999999,C78031206,22111.88,22704.97,0,21.0,2,2,0,0
321,PAYMENT,306729.86,C73944814,129971.79,0.0,M72670260,109653.84,416383.69999999995,1,29.4,1,3,0,0
464,PAYMENT,307.37,C34552351,113129.91,112822.54000000001,M12505729,3309.99,3617.3599999999997,0,14.3,1,4,0,0
11,TRANSFER,4004.92,C98064227,2886.57,0.0,C82765789,15043.45,19048.370000000003,0,10.3,1,4,0,0
580,CASH_IN,11040.7,C82636663,1821.55,0.0,C10349496,36551.38,47592.08,0,12.6,2,4,0,0
227,TRANSFER,8304.71,C99338948,51907.85,43603.14,C90634981,9672.06,17976.769999999997,0,48.1,1,4,0,0
633,TRANSFER,6113.92,C62927535,13449.39,7335.469999999999,C26502176,18686.76,24800.68,0,24.7,1,4,0,0
333,PAYMENT,4077.34,C50169536,111.23,0.0,M86455520,24012.06,28089.4,0,10.9,2,4,0,0
469,TRANSFER,1756.24,C74225335,89475.71,87719.47,C69923505,44852.98,46609.22,0,21.7,2,2,0,0
15,TRANSFER,24005.81,C35615988,24248.04,242.22999999999956,C42642645,9832.01,33837.82,0,42.2,1,6,0,0
57,DEBIT,21738.81,C76320342,26995.33,5256.52,C26050109,17400.0,39138.81,0,52.7,2,2,0,0
330,TRANSFER,11007.78,C51892310,5783.41,0.0,C45855323,123738.23,134746.01,0,28.6,1,2,0,1
64,TRANSFER,32229.7,C74774069,32241.05,11.349999999998545,C40720122,12380.24,44609.94,0,10.1,1,3,0,0
230,PAYMENT,10045.21,C39645710,74853.75,64808.54,M30945965,53164.02,63209.229999999996,0,28.5,1,2,0,0
11,CASH_IN,993.2,C10848944,17807.53,16814.329999999998,C46472470,81910.67,82903.87,0,20.2,1,1,0,0
633,PAYMENT,521.42,C22291132,87975.84,87454.42,M34010974,44505.79,45027.21,0,5.5,1,2,0,0
224,PAYMENT,3519.95,C20481672,52523.02,49003.07,M24851851,62157.7,65677.65,0,27.1,1,3,0,0
737,CASH_OUT,3052.67,C88649293,26816.13,23763.46,C83307755,165507.04,168559.71000000002,0,25.6,1,4,0,0
637,TRANSFER,4158.6,C64288955,35124.04,30965.440000000002,C95066967,16129.47,20288.07,0,40.8,1,4,0,0
660,TRANSFER,28537.82,C38808047,5926.16,0.0,C44090463,11945.2,40483.020000000004,0,6.6,2,2,0,0
740,TRANSFER,916.35,C14046572,112167.35,111251.0,C96117083,23938.16,24854.51,0,39.1,1,5,0,0
542,CASH_OUT,1375.25,C77653587,112148.16,110772.91,C96706193,40679.76,42055.01,0,21.6,1,2,0,0
506,PAYMENT,3098.81,C38804261,24099.89,21001.079999999998,M18963983,4534.2,7633.01,0,7.4,1,2,0,0
522,CASH_OUT,1384.24,C99712676,53786.84,52402.6,C67589530,2153.32,3537.5600000000004,0,20.7,1,1,0,0
54,CASH_OUT,66.85,C34429545,72327.31,72260.45999999999,C26538866,5921.72,5988.570000000001,0,45.8,1,4,0,0
698,TRANSFER,788.76,C56588998,87349.82,86561.06000000001,C66752359,7306.55,8095.31,0,72.4,1,3,0,0
719,TRANSFER,307.6,C25734811,64489.19,64181.590000000004,C37357333,1602.72,1910.3200000000002,0,35.7,1,0,0,0
157,PAYMENT,21216.93,C18891614,34771.21,13554.279999999999,M10402141,35887.7,57104.63,0,54.9,2,2,0,0
641,CASH_OUT,407.83,C10483683,59840.91,59433.08,C15387196,34736.85,35144.68,0,54.2,1,6,0,0
570,TRANSFER,1675.57,C53509122,147272.6,145597.03,C94562837,26107.8,27783.37,0,5.4,2,1,0,0
405,PAYMENT,1984.31,C83980596,31879.3,29894.989999999998,M39056348,5603.08,7587.389999999999,0,20.1,1,3,0,0
399,TRANSFER,4435.93,C87470662,4264.98,0.0,C35467324,117186.69,121622.62,0,15.5,1,1,0,0
707,CASH_IN,2887.4,C48419792,82666.25,79778.85,C14514890,48889.75,51777.15,0,17.7,1,2,0,0
403,TRANSFER,3179.91,C42383302,63873.01,60693.100000000006,C24843363,4278.01,7457.92,0,19.6,1,3,0,0
588,CASH_IN,371.24,C63452232,17614.93,17243.69,C80939958,34377.41,34748.65,0,22.5,1,2,0,0
89,PAYMENT,1103.58,C30900548,44366.8,43263.22,M30208687,1623.45,2727.0299999999997,0,14.2,1,2,0,0
593,PAYMENT,148.97,C59944545,3782.07,3633.1000000000004,M36748467,20738.56,20887.530000000002,0,30.1,1,3,0,0
186,PAYMENT,3575.88,C48773284,32603.1,29027.219999999998,M26605425,66046.42,69622.3,0,34.4,1,2,0,0
79,TRANSFER,452.12,C69451094,25460.89,25008.77,C77742528,30311.1,30763.219999999998,0,25.1,2,3,0,0
145,PAYMENT,20483.28,C77372707,14436.07,0.0,M24608899,4037.8,24521.079999999998,0,23.4,2,4,0,0
641,PAYMENT,51.44,C21633427,8347.23,8295.789999999999,M36670845,75018.1,75069.54000000001,0,19.9,2,6,0,0
14,CASH_IN,57757.99,C28195603,21058.08,0.0,C24041323,3096.71,60854.7,0,10.1,1,4,0,0
631,CASH_OUT,2752.87,C92473350,137541.56,134788.69,C66886141,26713.02,29465.89,0,45.0,1,1,0,0
2,CASH_OUT,1041.38,C24433309,36046.35,35004.97,C26113515,28847.92,29889.3,0,33.9,1,4,0,0
516,PAYMENT,4870.11,C53006820,11228.06,6357.95,M75839152,59424.25,64294.36,0,27.1,2,1,0,0
66,PAYMENT,25123.93,C54530799,90220.85,65096.920000000006,M20005431,169755.99,194879.91999999998,0,9.8,1,2,0,0
246,PAYMENT,53907.51,C62210112,15695.77,0.0,M64635606,20359.01,74266.52,0,37.4,2,2,0,0
602,CASH_OUT,1793.56,C54765930,81157.88,79364.32,C69365456,40954.2,42747.759999999995,0,49.6,1,1,0,0
430,CASH_IN,49.85,C24928367,841.25,791.4,C19386854,29384.29,29434.14,0,19.1,1,6,0,0
690,TRANSFER,1553.77,C67531439,128441.41,126887.64,C54170749,3322.86,4876.63,0,17.9,1,1,0,0
572,PAYMENT,696.99,C66394855,38234.51,37537.520000000004,M48247951,63836.94,64533.93,0,7.2,1,2,0,0
232,TRANSFER,5885.0,C50688010,72032.94,66147.94,C14158636,29587.2,35472.2,0,41.1,1,4,0,0
436,PAYMENT,859.16,C78778817,18859.88,18000.72,M15277715,37321.04,38180.200000000004,0,10.5,1,2,0,0
353,TRANSFER,235.85,C25542851,93545.12,93309.26999999999,C10629243,16529.3,16765.149999999998,0,30.1,1,2,0,0
688,CASH_OUT,705.51,C47134197,58826.51,58121.0,C37487839,98514.3,99219.81,0,21.1,1,5,0,0
679,CASH_OUT,21118.75,C39304597,2412.75,0.0,C47890284,46517.84,67636.59,0,10.0,1,1,0,0
383,PAYMENT,2285.93,C87684536,2073.38,0.0,M91434820,17664.13,19950.06,0,80.2,3,4,0,1
710,PAYMENT,10604.95,C90324980,22395.19,11790.239999999998,M92690940,27471.06,38076.01,0,32.8,1,2,0,0
60,CASH_IN,858.8,C21493279,2663.65,1804.8500000000001,C38240287,14591.12,15449.92,0,34.1,1,2,0,0
470,PAYMENT,15045.79,C66716767,2213.37,0.0,M63691597,40737.75,55783.54,0,31.3,1,4,0,0
411,PAYMENT,378.53,C61837461,23711.41,23332.88,M68084375,66175.5,66554.03,0,60.3,1,0,0,0
83,PAYMENT,462.76,C72667675,13121.95,12659.19,M97540954,16794.55,17257.309999999998,0,40.9,2,2,0,0
74,PAYMENT,21166.6,C41433741,21603.53,436.9300000000003,M60551036,68256.63,89423.23000000001,0,10.6,1,4,0,0
311,TRANSFER,19508.87,C11974585,25834.03,6325.16,C57065738,104634.7,124143.56999999999,0,13.0,1,3,0,0
454,CASH_OUT,58.41,C11407748,4478.78,4420.37,C31535376,20102.92,20161.329999999998,0,16.4,1,3,0,0
26,PAYMENT,10838.75,C52836820,46563.0,35724.25,M56067373,10511.16,21349.91,0,53.9,1,2,0,0
426,TRANSFER,162.32,C53253122,21377.01,21214.69,C93546200,114911.97,115074.29000000001,0,46.3,1,3,0,0
377,CASH_OUT,12274.02,C91257419,71511.28,59237.259999999995,C20817390,2252.41,14526.43,0,22.7,1,4,0,0
243,TRANSFER,11697.09,C32337248,236843.29,225146.2,C89404802,26414.8,38111.89,0,25.7,1,2,0,0
628,DEBIT,30882.31,C68273042,24025.55,0.0,C37011762,60428.4,91310.71,0,11.2,1,1,0,0
323,DEBIT,38826.59,C33355142,67729.11,28902.520000000004,C34512851,1880.19,40706.78,0,37.1,1,6,0,0
180,PAYMENT,2763.21,C76512779,17494.81,14731.600000000002,M64434097,40911.73,43674.94,0,32.3,1,2,0,0
626,CASH_OUT,1157.44,C57005165,83368.27,82210.83,C27520768,73062.67,74220.11,0,4.2,1,1,0,0
266,TRANSFER,1740.66,C84679434,57442.95,55702.28999999999,C36731741,14155.3,15895.96,0,32.7,2,6,0,0
550,CASH_IN,1441.88,C28528356,14331.8,12889.919999999998,C58903488,14861.37,16303.25,0,12.5,1,1,0,0
380,TRANSFER,1133.1,C21552661,30868.52,29735.420000000002,C77888004,1376.05,2509.1499999999996,0,39.4,1,1,0,0
77,CASH_IN,1291.93,C17263746,82034.61,80742.68000000001,C42592322,32030.48,33322.409999999996,0,29.3,1,2,0,0
614,CASH_OUT,13754.45,C20323780,61800.18,48045.729999999996,C20959862,2536.42,16290.87,0,34.1,1,3,0,0
524,PAYMENT,175.88,C31622221,1606.93,1431.0500000000002,M85136448,88.95,264.83,0,12.8,1,2,0,0
49,TRANSFER,12630.99,C98626067,77.33,0.0,C54834026,5428.81,18059.8,0,30.8,1,7,0,1
254,CASH_IN,1780.8,C65799326,70092.06,68311.26,C86717862,22813.2,24594.0,0,27.8,2,4,0,0
380,DEBIT,127.73,C86177480,30224.91,30097.18,C85381882,54929.51,55057.240000000005,0,58.5,1,2,0,0
249,PAYMENT,5271.65,C83963588,35819.32,30547.67,M60335221,44971.64,50243.29,0,44.6,1,6,0,0
72,CASH_OUT,110.41,C35325649,167121.87,167011.46,C46165204,14979.02,15089.43,0,4.4,1,2,0,0
447,PAYMENT,2113.49,C97680888,7090.6,4977.110000000001,M89804763,15484.56,17598.05,0,26.0,1,2,0,0
506,PAYMENT,82161.16,C29964123,1637.27,0.0,M25990275,42871.46,125032.62,0,14.1,1,5,0,0
709,TRANSFER,806.87,C67024594,10472.59,9665.72,C55486631,49149.33,49956.200000000004,0,45.6,1,3,0,0
253,PAYMENT,921.42,C89229836,62333.54,61412.12,M77250378,51332.21,52253.63,0,26.8,1,0,0,0
299,CASH_OUT,7447.31,C50166993,10054.84,2607.5299999999997,C46792499,6898.17,14345.48,0,49.6,1,4,0,0
734,PAYMENT,5672.12,C94202380,37607.53,31935.41,M13279041,2692.53,8364.65,0,10.5,1,4,0,0
60,CASH_OUT,5676.58,C12331268,96774.46,91097.88,C85698405,28093.25,33769.83,0,6.3,1,3,0,0
357,PAYMENT,797.29,C72348003,91747.7,90950.41,M58499832,20345.11,21142.4,0,27.9,1,2,0,0
157,PAYMENT,4248.47,C46417535,11803.63,7555.159999999999,M64017718,105960.23,110208.7,0,7.6,2,3,0,0
342,PAYMENT,648.88,C13746756,113744.21,113095.33,M65280072,231.0,879.88,0,27.1,2,4,0,0
202,PAYMENT,4188.15,C44583229,254413.92,250225.77000000002,M90084454,66207.51,70395.65999999999,0,16.1,1,4,0,0
35,PAYMENT,1431.03,C56832096,182518.39,181087.36000000002,M84166862,192541.11,193972.13999999998,0,12.9,2,0,0,0
535,PAYMENT,7150.24,C75432297,110908.11,103757.87,M52011748,75986.32,83136.56000000001,0,23.4,1,0,0,0
456,TRANSFER,9206.41,C51701450,3259.82,0.0,C94342652,67447.7,76654.11,0,37.7,1,6,1,1
165,PAYMENT,3959.54,C17530658,49333.06,45373.52,M51595108,909.21,4868.75,0,67.1,2,2,0,0
28,TRANSFER,452.86,C30779140,28987.51,28534.649999999998,C90459909,80220.08,80672.94,0,13.6,2,2,0,0
372,TRANSFER,119.82,C65015640,16376.41,16256.59,C44991983,35096.63,35216.45,0,27.5,1,0,0,0
314,DEBIT,235.41,C56665662,18954.59,18719.18,C32292028,42451.11,42686.520000000004,0,21.3,2,3,0,0
565,CASH_IN,313.53,C48050250,143306.29,142992.76,C74087848,20230.0,20543.53,0,2.1,1,2,0,0
284,TRANSFER,394355.18,C80022229,151851.95,0.0,C43343435,115297.87,509653.05,1,34.4,1,4,0,1
298,PAYMENT,5923.74,C89103365,5338.12,0.0,M55620149,29615.71,35539.45,0,57.2,1,3,0,0
475,PAYMENT,2718.09,C34317952,11387.09,8669.0,M40761003,38455.81,41173.899999999994,0,14.5,1,3,0,0
597,CASH_IN,668.1,C13510701,125032.06,124363.95999999999,C38352416,9373.98,10042.08,0,44.8,2,3,0,0
349,PAYMENT,9774.85,C79183756,47586.17,37811.32,M90477484,32671.11,42445.96,0,8.0,1,1,0,0
636,PAYMENT,1278.47,C72893202,61258.47,59980.0,M18575466,9971.64,11250.109999999999,0,24.2,1,1,0,0
445,PAYMENT,3346.23,C71222172,21348.17,18001.94,M99511689,4866.44,8212.67,0,13.0,1,2,0,0
207,PAYMENT,5315.0,C48772829,13807.65,8492.65,M67210059,28947.72,34262.72,0,6.4,1,5,0,0
417,PAYMENT,3827.97,C60086658,29482.67,25654.699999999997,M99314311,74859.86,78687.83,0,35.6,1,2,0,0
439,CASH_OUT,2044.51,C74838662,20832.96,18788.45,C57277183,83954.73,85999.23999999999,0,36.3,1,1,0,0
165,PAYMENT,291.12,C46329820,144599.63,144308.51,M57535894,110571.65,110862.76999999999,0,22.3,1,3,0,0
559,CASH_OUT,2013.82,C59593733,9011.13,6997.3099999999995,C74138676,110126.37,112140.19,0,9.7,1,3,0,1
420,PAYMENT,12777.86,C56788265,239670.39,226892.53000000003,M68289628,138514.66,151292.52000000002,0,21.4,1,1,0,0
371,PAYMENT,7025.72,C35845309,118465.78,111440.06,M78806125,51167.77,58193.49,0,7.3,1,1,0,0
668,CASH_IN,3204.28,C95846686,42332.77,39128.49,C58709280,4730.14,7934.42,0,8.1,1,2,0,0
266,PAYMENT,7843.45,C78122503,20959.9,13116.45,M25966915,38477.22,46320.67,0,12.9,1,3,0,0
279,CASH_OUT,209.45,C69032645,64303.32,64093.87,C74020726,37552.18,37761.63,0,13.3,1,3,0,0
482,TRANSFER,1355.29,C57639430,32760.26,31404.969999999998,C45097087,4536.07,5891.36,0,33.9,3,1,0,0
517,PAYMENT,1679.57,C14929682,23495.05,21815.48,M60287217,48537.66,50217.23,0,40.8,1,0,0,0
82,CASH_IN,262.97,C37671745,20212.53,19949.559999999998,C78514799,21377.99,21640.960000000003,0,3.9,1,3,0,0
119,PAYMENT,4566.86,C38840306,4178.61,0.0,M85636183,2912.45,7479.3099999999995,0,20.5,2,0,0,0
637,DEBIT,6179.52,C48114480,28518.21,22338.69,C46741666,109369.43,115548.95,0,4.3,1,0,0,0
303,PAYMENT,2429.44,C89731117,14240.25,11810.81,M95068062,8517.48,10946.92,0,31.7,1,4,0,0
215,DEBIT,2596.01,C16428117,983.79,0.0,C57025719,5293.49,7889.5,0,43.8,1,2,0,0
28,PAYMENT,619.72,C82562342,13283.13,12663.41,M29064013,9061.59,9681.31,0,14.1,2,3,0,0
498,TRANSFER,631.21,C16077311,13378.69,12747.48,C36183931,57804.89,58436.1,0,19.6,1,0,0,0
537,CASH_OUT,155.66,C70518707,17993.01,17837.35,C14580255,58997.44,59153.100000000006,0,54.7,2,2,0,0
519,CASH_IN,1295.45,C49047008,145347.31,144051.86,C50270490,3585.87,4881.32,0,4.5,2,5,0,0
194,CASH_IN,617.82,C33532670,114954.23,114336.40999999999,C62043352,28761.31,29379.13,0,4.8,1,3,0,0
592,CASH_OUT,426.18,C90739019,1627.02,1200.84,C64640236,46863.71,47289.89,0,8.6,1,1,0,0
442,DEBIT,1997.67,C27961884,13602.39,11604.72,C28861611,45949.18,47946.85,0,30.7,2,2,0,0
36,PAYMENT,927.54,C14791998,29192.94,28265.399999999998,M42251103,44460.34,45387.88,0,56.5,1,2,0,0
258,PAYMENT,143.57,C46675124,16271.4,16127.83,M48866096,22087.09,22230.66,0,30.5,1,3,0,0
113,PAYMENT,666.89,C11407050,25146.37,24479.48,M13942014,21047.06,21713.95,0,1.7,2,2,0,0
294,TRANSFER,1424.56,C94650357,88779.91,87355.35,C39199793,100724.94,102149.5,0,18.5,2,0,0,0
714,TRANSFER,250.89,C40419614,42115.0,41864.11,C91073389,122547.24,122798.13,0,8.2,1,1,0,0
14,TRANSFER,3401.38,C26110065,27176.1,23774.719999999998,C78588035,7761.32,11162.7,0,37.1,1,1,0,0
667,PAYMENT,2071.73,C79696632,33261.33,31189.600000000002,M39799121,216153.2,218224.93000000002,0,38.9,1,1,0,0
597,CASH_OUT,374.45,C31320396,16059.37,15684.92,C48579177,5920.71,6295.16,0,5.9,1,6,0,0
140,PAYMENT,7355.71,C64774474,11786.52,4430.81,M92037839,61746.91,69102.62000000001,0,66.7,1,4,0,0
371,PAYMENT,21967.62,C12014697,11937.33,0.0,M36301106,4405.16,26372.78,0,55.0,1,5,0,0
427,TRANSFER,1591.61,C11823535,80126.11,78534.5,C71597118,39130.49,40722.1,0,30.0,2,0,0,0
97,CASH_OUT,1236.05,C37964832,10749.42,9513.37,C59036504,32305.14,33541.19,0,63.0,1,5,0,0
697,CASH_OUT,1018.48,C38615410,121050.01,120031.53,C82090744,265907.33,266925.81,0,9.7,3,2,0,0
488,CASH_OUT,702.69,C87258398,29833.05,29130.36,C11534494,29210.42,29913.109999999997,0,39.3,1,2,0,0
342,PAYMENT,335.32,C30797683,38121.6,37786.28,M81702854,40173.11,40508.43,0,18.0,1,3,0,0
492,TRANSFER,2223.67,C17403166,47205.54,44981.87,C97676328,50987.8,53211.47,0,19.4,1,0,0,0
500,PAYMENT,458.94,C37978735,18281.93,17822.99,M75976480,51716.62,52175.560000000005,0,17.9,1,4,0,0
432,TRANSFER,16.79,C65193994,112957.93,112941.14,C76505273,40611.77,40628.56,0,13.2,2,3,0,0
189,TRANSFER,70026.18,C51216613,46865.73,0.0,C46538667,61416.33,131442.51,0,66.5,1,1,0,0
82,PAYMENT,38377.08,C62019910,114881.08,76504.0,M38903607,52696.25,91073.33,0,62.5,2,1,0,0
180,PAYMENT,2210.15,C95621533,35413.12,33202.97,M78363261,18366.86,20577.010000000002,0,26.2,1,2,0,0
415,CASH_IN,174.27,C76858085,1987.32,1813.05,C11106083,5170.85,5345.120000000001,0,62.2,1,2,0,0
105,CASH_IN,113363.26,C87022226,1582.15,0.0,C67036407,93363.59,206726.84999999998,0,23.0,1,3,0,0
381,TRANSFER,4606.15,C49113552,18386.2,13780.050000000001,C33891088,392.63,4998.78,0,41.9,1,0,0,0
722,PAYMENT,934.19,C80577683,93972.69,93038.5,M11687115,9110.13,10044.32,0,53.4,2,4,0,0
329,PAYMENT,27545.77,C86137194,15492.69,0.0,M25833404,31942.33,59488.100000000006,0,19.6,1,3,0,0
249,TRANSFER,301.26,C47231048,33124.79,32823.53,C89469284,61975.96,62277.22,0,38.8,1,3,0,0
72,CASH_IN,43.02,C25708949,11253.59,11210.57,C92711209,9611.47,9654.49,0,23.6,1,3,0,0
673,PAYMENT,557.92,C91993505,69325.7,68767.78,M44574710,40292.93,40850.85,0,26.3,1,2,0,0
133,CASH_OUT,6606.89,C65409106,55395.19,48788.3,C37434415,18993.68,25600.57,0,22.8,1,3,0,0
240,PAYMENT,109363.82,C51272293,116395.01,7031.189999999988,M94116487,137.72,109501.54000000001,0,57.7,1,1,0,0
78,CASH_IN,501.15,C52605502,21930.61,21429.46,C81172919,50229.53,50730.68,0,50.4,1,1,0,0
570,TRANSFER,222.19,C50083673,209624.17,209401.98,C30053194,39231.99,39454.18,0,22.3,1,5,0,0
461,CASH_OUT,1917.99,C23159155,105050.84,103132.84999999999,C71349208,2284.3,4202.29,0,59.5,1,4,0,0
125,PAYMENT,1771.31,C37013551,29750.4,27979.09,M85344080,81464.32,83235.63,0,3.6,2,3,0,0
11,CASH_OUT,53680.06,C49836562,98403.99,44723.93000000001,C95848982,7465.59,61145.649999999994,0,17.5,3,1,0,0
468,PAYMENT,2856.76,C40332852,27653.97,24797.21,M38188958,65254.07,68110.83,0,45.5,3,2,0,0
407,PAYMENT,81103.53,C72608853,77443.27,0.0,M30650668,20584.81,101688.34,0,36.7,1,3,0,0
27,CASH_IN,21513.6,C84778117,22319.9,806.3000000000029,C71778050,9844.78,31358.379999999997,0,34.0,1,2,0,0
207,CASH_IN,9532.21,C24898664,14739.86,5207.6500000000015,C77608335,35221.64,44753.85,0,15.0,1,2,0,0
222,DEBIT,129.62,C90249759,66896.84,66767.22,C44430975,23994.61,24124.23,0,27.6,1,1,0,0
312,CASH_OUT,889.04,C42158885,167052.7,166163.66,C69542218,92286.37,93175.40999999999,0,12.6,2,2,0,0
382,CASH_OUT,2867.28,C39114500,64811.85,61944.57,C53083432,41336.0,44203.28,0,24.8,1,3,0,0
315,PAYMENT,16.23,C18876881,187390.18,187373.94999999998,M53625471,68664.38,68680.61,0,27.1,1,4,0,0
208,PAYMENT,544.85,C57291634,126621.0,126076.15,M38946010,1720.98,2265.83,0,73.7,1,0,0,0
621,PAYMENT,1012.44,C90412517,27781.99,26769.550000000003,M37773904,25801.69,26814.129999999997,0,9.6,1,4,0,0
296,CASH_OUT,440.61,C71062579,35162.54,34721.93,C70759553,15747.46,16188.07,0,33.3,2,4,0,0
402,TRANSFER,81140.87,C89999778,10562.42,0.0,C88132799,6964.94,88105.81,0,38.5,3,2,0,1
435,PAYMENT,4415.58,C39244523,28917.83,24502.25,M62598289,146340.88,150756.46,0,31.5,1,4,0,0
573,TRANSFER,1246.88,C17970918,72879.66,71632.78,C89695332,46834.17,48081.049999999996,0,50.8,1,2,0,0
122,CASH_OUT,66.03,C81429045,36957.93,36891.9,C95657292,14789.26,14855.29,0,44.7,1,0,0,0
106,TRANSFER,696.5,C70941875,181421.23,180724.73,C16192770,22573.94,23270.44,0,5.7,1,0,0,0
36,PAYMENT,31948.97,C88100111,6104.35,0.0,M50563341,29031.88,60980.850000000006,0,25.9,1,2,0,0
550,PAYMENT,604.44,C24336013,35437.48,34833.04,M51388564,613.21,1217.65,0,51.5,1,2,0,0
72,PAYMENT,883.05,C41780217,37976.3,37093.25,M68053163,59541.81,60424.86,0,11.5,1,0,0,0
568,PAYMENT,173.89,C94847447,8056.73,7882.839999999999,M23224511,65901.15,66075.04,0,64.4,1,1,0,0
167,CASH_OUT,2439.82,C32222599,79744.19,77304.37,C22349947,51812.99,54252.81,0,45.6,1,2,0,0
221,CASH_OUT,3215.72,C92021930,85226.96,82011.24,C47293743,18929.37,22145.09,0,11.2,2,1,0,0
76,CASH_OUT,2522.14,C32592233,113840.83,111318.69,C16506045,4193.89,6716.030000000001,0,18.7,1,1,0,0
722,TRANSFER,217.03,C36896498,138261.63,138044.6,C46829033,199.5,416.53,0,13.9,1,5,0,0
211,CASH_OUT,4533.79,C67712418,68804.01,64270.219999999994,C22639841,22936.04,27469.83,0,34.0,2,3,0,0
228,PAYMENT,862.59,C89196101,92176.39,91313.8,M35370438,119580.05,120442.64,0,21.7,1,2,0,0
737,TRANSFER,2773.55,C20425665,3789.67,1016.1199999999999,C52503477,25090.28,27863.829999999998,0,32.6,1,1,0,0
453,CASH_OUT,7502.56,C18402496,24210.77,16708.21,C37060804,91389.78,98892.34,0,22.3,1,1,0,0
487,PAYMENT,3854.0,C23692273,16772.51,12918.509999999998,M76490919,36153.45,40007.45,0,17.9,1,4,0,0
668,PAYMENT,5865.54,C29593038,78960.56,73095.02,M98066691,38852.88,44718.42,0,21.2,3,2,0,0
474,DEBIT,6264.22,C62307057,18448.09,12183.869999999999,C96843325,64740.69,71004.91,0,22.0,1,2,0,0
661,PAYMENT,8711.74,C98061852,34762.43,26050.690000000002,M35667168,13596.09,22307.83,0,21.9,1,4,0,0
490,CASH_OUT,10461.12,C96005867,27563.44,17102.32,C12663697,30172.51,40633.63,0,18.5,1,2,0,0
376,PAYMENT,15697.29,C33842614,71046.18,55348.88999999999,M19979843,3816.88,19514.170000000002,0,45.0,1,3,0,0
231,CASH_OUT,3953.85,C13849803,42989.95,39036.1,C77951218,124113.43,128067.28,0,43.3,1,1,0,0
702,PAYMENT,8223.66,C13573785,25099.6,16875.94,M71032616,208042.78,216266.44,0,25.3,1,3,0,0
225,PAYMENT,2460.83,C47469487,7022.22,4561.39,M86760414,33786.4,36247.23,0,24.9,2,4,0,0
475,CASH_OUT,6238.65,C76982205,8914.33,2675.6800000000003,C73512532,101862.61,108101.26,0,29.0,1,1,0,0
577,PAYMENT,793.78,C94037777,63917.61,63123.83,M30047067,72152.07,72945.85,0,19.0,2,3,0,1
620,TRANSFER,75.98,C72710023,1704.27,1628.29,C48956080,29835.17,29911.149999999998,0,19.5,2,2,0,0
80,PAYMENT,24632.53,C26148728,28858.64,4226.110000000001,M68219469,38753.34,63385.869999999995,0,32.8,2,3,0,0
645,PAYMENT,2563.36,C84552294,65452.23,62888.87,M57200640,52240.78,54804.14,0,14.2,1,0,0,0
686,PAYMENT,2452.99,C40575589,22692.2,20239.21,M80255679,16109.39,18562.379999999997,0,19.7,1,1,0,0
576,PAYMENT,9116.42,C26235894,52586.45,43470.03,M22430623,14820.62,23937.04,0,39.0,1,5,0,0
210,CASH_IN,547.75,C79742088,73259.64,72711.89,C82006616,70578.13,71125.88,0,37.8,1,6,0,0
297,PAYMENT,1491.81,C68268454,106035.24,104543.43000000001,M16233621,8365.68,9857.49,0,21.2,1,3,0,0
610,TRANSFER,631.74,C30947881,12704.27,12072.53,C75697796,10785.7,11417.44,0,26.1,1,4,0,0
172,PAYMENT,1290.6,C33311967,60912.45,59621.85,M25122317,35889.43,37180.03,0,16.7,1,1,0,0
89,PAYMENT,894.69,C64481979,40909.58,40014.89,M56061300,20258.89,21153.579999999998,0,25.0,1,2,0,0
226,CASH_IN,667.0,C72316145,30721.98,30054.98,C90584580,5623.91,6290.91,0,15.5,1,3,0,0
143,PAYMENT,3631.25,C24433175,27107.55,23476.3,M12669252,165153.25,168784.5,0,25.9,1,3,0,0
708,CASH_IN,63.37,C33319085,103116.24,103052.87000000001,C53090930,25642.54,25705.91,0,12.3,3,3,0,0
691,PAYMENT,19378.25,C51476871,9877.18,0.0,M78871683,273823.78,293202.03,0,11.7,1,4,0,0
54,CASH_OUT,502.09,C61881304,75350.33,74848.24,C21159159,24012.45,24514.54,0,21.8,1,1,0,0
196,TRANSFER,4337.11,C10960089,3981.09,0.0,C20316427,61513.73,65850.84,0,32.6,1,1,0,0
729,DEBIT,4804.89,C59403467,39685.26,34880.37,C85381354,48681.23,53486.12,0,5.0,1,2,0,0
489,TRANSFER,1059.15,C45617689,8715.95,7656.800000000001,C72652154,15792.79,16851.940000000002,0,26.2,1,5,0,0
298,TRANSFER,3950.48,C15837346,30764.22,26813.74,C64638715,3478.67,7429.15,0,30.9,1,1,0,0
430,PAYMENT,257.44,C78587373,32929.16,32671.720000000005,M94659269,6581.26,6838.7,0,15.3,3,0,0,0
537,PAYMENT,674.84,C20363563,65849.19,65174.350000000006,M27745775,1560.57,2235.41,0,44.3,1,2,0,0
579,CASH_IN,1169.46,C61768752,11722.61,10553.150000000001,C25074069,42814.9,43984.36,0,42.2,2,4,0,0
675,PAYMENT,4097.01,C21207191,17478.0,13380.99,M11193566,2712.15,6809.16,0,8.8,1,3,0,0
500,TRANSFER,980.56,C20322872,34753.51,33772.950000000004,C10789972,14043.87,15024.43,0,39.6,1,1,0,1
624,CASH_OUT,1350.99,C52062991,70625.82,69274.83,C88994245,4868.9,6219.889999999999,0,32.4,1,3,0,0
206,PAYMENT,8041.48,C41999531,39315.31,31273.829999999998,M67867308,35038.97,43080.45,0,48.2,1,4,0,0
137,CASH_IN,3690.13,C39592549,79004.13,75314.0,C46188741,48363.78,52053.909999999996,0,31.8,2,4,0,0
408,CASH_OUT,121520.25,C76822311,53161.34,0.0,C73021628,23589.49,145109.74,0,24.7,2,2,0,0
279,TRANSFER,354.24,C34728166,125757.03,125402.79,C37773548,126722.02,127076.26000000001,0,21.9,1,2,0,0
445,DEBIT,178.8,C37031377,55247.37,55068.57,C55532923,12533.44,12712.24,0,13.9,1,2,0,0
677,PAYMENT,56400.04,C15530636,21264.46,0.0,M75187893,193928.89,250328.93000000002,0,67.6,1,4,0,0
271,PAYMENT,2899.5,C54542131,5311.89,2412.3900000000003,M22883083,35190.2,38089.7,0,21.2,2,5,0,0
441,TRANSFER,19882.76,C39496053,60922.77,41040.009999999995,C31960586,78761.94,98644.7,0,48.1,2,3,0,0
228,PAYMENT,295.97,C13094649,202371.84,202075.87,M80480372,5112.77,5408.740000000001,0,21.1,1,0,0,0
127,CASH_OUT,750.98,C39425638,33434.22,32683.24,C81008353,164576.91,165327.89,0,30.4,1,3,0,0
270,CASH_IN,2300.4,C51830165,7257.4,4957.0,C33466604,56268.06,58568.46,0,55.3,2,3,0,0
487,TRANSFER,1809.03,C31922044,19307.39,17498.36,C78459169,36118.54,37927.57,0,11.5,1,0,0,0
548,PAYMENT,1576.58,C37856262,26407.37,24830.79,M70306698,195.0,1771.58,0,30.8,1,4,0,0
155,CASH_IN,104.55,C46362861,7390.13,7285.58,C68683227,168.94,273.49,0,12.5,1,8,0,0
657,TRANSFER,1470.92,C70201940,20180.36,18709.440000000002,C64875393,7400.36,8871.279999999999,0,13.8,2,1,0,0
19,TRANSFER,3341.45,C87115866,80177.91,76836.46,C77479729,20916.3,24257.75,0,46.2,1,3,0,0
425,TRANSFER,985.47,C79568767,19070.92,18085.449999999997,C52903304,14033.67,15019.14,0,33.6,1,3,0,0
58,CASH_IN,10551.59,C60963249,330168.44,319616.85,C20766230,75815.75,86367.34,0,18.0,1,3,0,0
423,TRANSFER,10618.07,C21473677,17186.45,6568.380000000001,C48845757,55679.04,66297.11,0,21.3,2,2,0,0
548,CASH_OUT,2677.77,C47636016,5222.76,2544.9900000000002,C29826443,88999.4,91677.17,0,29.0,2,6,0,0
723,CASH_OUT,488.84,C40441985,77608.51,77119.67,C34247483,18732.32,19221.16,0,6.0,1,4,0,0
660,PAYMENT,3443.23,C34886950,6451.01,3007.78,M47916976,61811.72,65254.950000000004,0,50.0,1,1,0,0
102,TRANSFER,4425.32,C63330314,2439.03,0.0,C29305127,73992.16,78417.48000000001,0,40.8,1,3,0,0
76,CASH_OUT,2159.37,C31840104,25216.25,23056.88,C19344221,233591.41,235750.78,0,23.8,1,0,0,0
580,TRANSFER,472.17,C52399403,115953.54,115481.37,C32238162,60018.69,60490.86,0,18.4,1,4,0,1
66,CASH_OUT,8265.82,C46713821,42252.96,33987.14,C22807273,78261.55,86527.37,0,39.9,1,2,0,0
734,CASH_IN,3909.93,C87799683,124923.9,121013.97,C26538666,14489.15,18399.079999999998,0,33.7,1,3,0,0
151,CASH_OUT,881.58,C24578290,103348.36,102466.78,C84763437,44324.86,45206.44,0,39.5,1,3,0,0
437,CASH_OUT,2391.48,C90324276,3949.8,1558.3200000000002,C58473250,43340.42,45731.9,0,11.9,1,2,0,0
68,CASH_OUT,343.83,C83176010,2867.71,2523.88,C11827145,35026.26,35370.090000000004,0,25.7,1,2,0,0
235,CASH_OUT,60.55,C20385193,17678.02,17617.47,C28399928,132305.84,132366.38999999998,0,23.0,1,4,0,0
715,TRANSFER,115.67,C13109424,107329.85,107214.18000000001,C68866369,21607.82,21723.489999999998,0,54.6,1,1,0,0
675,PAYMENT,2897.49,C97903555,35158.61,32261.120000000003,M64242713,80985.52,83883.01000000001,0,26.4,1,4,0,0
98,TRANSFER,1055.69,C25148815,158416.85,157361.16,C80897831,2303.41,3359.1,0,46.2,2,1,0,0
9,CASH_OUT,3850.49,C39816411,17733.18,13882.69,C97821725,21079.79,24930.28,0,72.6,2,5,0,0
504,TRANSFER,8064.82,C92318456,29562.67,21497.85,C41318535,3029.36,11094.18,0,55.5,1,1,0,0
490,CASH_OUT,3380.24,C38337054,1312.64,0.0,C35483844,36065.06,39445.299999999996,0,25.4,1,1,0,0
427,TRANSFER,567.46,C81019126,103452.67,102885.20999999999,C72358793,35895.76,36463.22,0,34.1,2,3,0,1
227,CASH_OUT,3794.13,C47974671,8715.76,4921.63,C42683832,17029.52,20823.65,0,61.5,1,4,0,0
587,PAYMENT,899.15,C78058989,215329.04,214429.89,M38390832,94626.03,95525.18,0,9.4,1,2,0,0
17,CASH_OUT,1011.54,C82687791,18155.24,17143.7,C12624967,7092.17,8103.71,0,48.2,1,2,0,0
563,TRANSFER,11979.23,C20142009,145254.9,133275.66999999998,C79158210,24965.04,36944.270000000004,0,34.6,1,1,0,0
228,PAYMENT,5047.93,C19245427,55481.23,50433.3,M40648260,35669.69,40717.62,0,55.6,2,5,0,0
706,PAYMENT,853.09,C34780542,42772.12,41919.030000000006,M21831379,8838.35,9691.44,0,42.8,1,1,0,0
238,CASH_OUT,415.03,C24113957,6405.21,5990.18,C48435919,68439.07,68854.1,0,56.4,1,6,0,0
381,TRANSFER,21943.3,C24450956,5498.23,0.0,C75013957,24322.43,46265.729999999996,0,19.7,1,4,0,0
387,PAYMENT,1671.83,C49487317,15454.9,13783.07,M30036455,29622.89,31294.72,0,60.4,3,2,0,0
669,CASH_IN,230.14,C46830773,22120.66,21890.52,C85194333,20864.56,21094.7,0,15.0,2,2,0,0
254,CASH_OUT,816.47,C72209215,47980.48,47164.01,C57272622,37260.78,38077.25,0,43.7,1,3,0,0
308,CASH_IN,77.36,C75962902,9186.04,9108.68,C62191401,67278.07,67355.43000000001,0,10.4,2,4,0,0
314,TRANSFER,16.42,C68121221,58970.95,58954.53,C67009265,16331.99,16348.41,0,32.0,1,4,0,0
301,TRANSFER,10079.12,C52847607,2886.31,0.0,C80451803,14517.37,24596.49,0,59.9,1,2,0,0
118,DEBIT,370.97,C72139018,100167.44,99796.47,C14969963,97168.89,97539.86,0,20.7,1,3,0,0
50,TRANSFER,201.55,C41923501,104815.73,104614.18,C93653243,288793.26,288994.81,0,10.2,1,2,0,0
564,CASH_OUT,653.23,C92893707,113240.75,112587.52,C33057322,10341.03,10994.26,0,28.2,3,2,0,0
181,PAYMENT,985.69,C14154634,27633.45,26647.760000000002,M71247270,9787.42,10773.11,0,17.5,1,2,0,0
543,TRANSFER,620.32,C79413385,6975.67,6355.35,C39755456,6406.58,7026.9,0,56.0,1,4,0,0
327,PAYMENT,353.89,C11265948,35627.65,35273.76,M46392142,13855.46,14209.349999999999,0,38.3,1,1,0,0
503,PAYMENT,1678.32,C65255886,71027.47,69349.15,M84100024,27436.29,29114.61,0,12.1,1,2,0,0
496,PAYMENT,1173.94,C27305724,15666.97,14493.029999999999,M79203498,194.27,1368.21,0,34.6,1,5,0,0
246,PAYMENT,38203.75,C97870572,54983.65,16779.9,M43021901,11029.53,49233.28,0,30.5,1,1,0,0
602,CASH_IN,936.47,C83539169,947.96,11.490000000000009,C95199820,78229.06,79165.53,0,23.7,2,2,0,0
543,PAYMENT,1677.21,C32329861,83742.44,82065.23,M95037222,5288.94,6966.15,0,32.5,1,3,0,0
102,CASH_OUT,348.19,C21656883,12274.35,11926.16,C83198607,72797.16,73145.35,0,32.1,1,1,0,0
230,CASH_OUT,5800.42,C88297434,121744.52,115944.1,C46635116,32838.08,38638.5,0,13.3,1,2,0,0
388,TRANSFER,36236.58,C98324641,39092.8,2856.220000000001,C77880683,12328.67,48565.25,0,46.4,1,1,0,0
609,PAYMENT,1520.33,C76392888,23537.19,22016.86,M46862474,24355.22,25875.550000000003,0,13.9,1,3,0,0
579,CASH_OUT,581.71,C59310604,66830.29,66248.57999999999,C10400606,7495.51,8077.22,0,37.3,3,1,0,0
704,CASH_OUT,2502.2,C35610637,18773.54,16271.34,C50289230,36256.26,38758.46,0,17.8,1,3,0,0
211,CASH_OUT,4268.16,C74782110,62778.59,58510.42999999999,C36065693,3410.48,7678.639999999999,0,26.6,1,3,0,0
649,CASH_OUT,328879.51,C60258029,18738.6,0.0,C51233000,37770.63,366650.14,1,17.3,1,4,0,1
430,CASH_IN,1382.03,C32084759,93962.08,92580.05,C26656671,25777.02,27159.05,0,3.0,1,6,0,0
339,TRANSFER,978.74,C37225609,198437.29,197458.55000000002,C86186758,45.24,1023.98,0,11.0,2,4,0,0
184,PAYMENT,225.99,C50052579,53615.89,53389.9,M52114638,105818.85,106044.84000000001,0,13.7,1,7,0,0
56,CASH_OUT,1055.02,C45175362,38614.17,37559.15,C94818375,1203.07,2258.09,0,8.4,1,1,0,0
282,PAYMENT,847.21,C88699607,30799.44,29952.23,M85274986,76377.34,77224.55,0,24.8,1,3,0,0
572,DEBIT,4836.61,C24287741,132386.71,127550.09999999999,C78768631,11777.64,16614.25,0,13.5,1,1,0,0
128,PAYMENT,1112.96,C21336021,28790.22,27677.260000000002,M10998769,160850.93,161963.88999999998,0,19.6,1,3,0,0
717,PAYMENT,288.48,C79704727,83060.94,82772.46,M42256605,326631.26,326919.74,0,9.1,1,1,0,0
726,CASH_OUT,269.32,C10910481,193.87,0.0,C76074988,10627.76,10897.08,0,49.6,1,4,0,0
639,TRANSFER,845.43,C48955188,111482.86,110637.43000000001,C48070837,11620.68,12466.11,0,6.7,1,2,0,0
